date,china_average,seoul_average
2013-12-31,200,61
2014-01-01,218.1666667,85
2014-01-10,224.8333333,33
2014-01-11,153.1666667,49
2014-01-12,119.5,57
2014-01-13,190.7222222,30
2014-01-14,271.3333333,42
2014-01-15,222.0555556,56
2014-01-16,249.2777778,80
2014-01-17,197.6111111,94
2014-01-18,259.6666667,57
2014-01-19,204.9444444,50
2014-01-02,222.6111111,53
2014-01-20,80.77777778,60
2014-01-21,114.1666667,78
2014-01-22,122.6666667,88
2014-01-23,179.1111111,57
2014-01-24,123.2222222,65
2014-01-25,77.22222222,53
2014-01-26,101.5,36
2014-01-27,100,40
2014-01-28,96.72222222,32
2014-01-29,206.2222222,47
2014-01-03,107.6111111,57
2014-01-30,266.3888889,41
2014-01-31,207.9444444,25
2014-01-04,193.5,49
2014-01-05,253.6666667,43
2014-01-06,234.1666667,61
2014-01-07,93.22222222,74
2014-01-08,122.3333333,65
2014-01-09,182.9444444,21
2014-10-01,98.83333333,27
2014-10-10,122.6666667,32
2014-10-11,115.7222222,33
2014-10-12,68.38888889,26
2014-10-13,107.1111111,28
2014-10-14,153.4444444,39
2014-10-15,100.8888889,42
2014-10-16,137.5,37
2014-10-17,185.3333333,43
2014-10-18,99,59
2014-10-19,104.5,35
2014-10-02,101.1666667,36
2014-10-20,83.72222222,15
2014-10-21,109.5555556,17
2014-10-22,133.8333333,30
2014-10-23,125.7222222,44
2014-10-24,110.2222222,53
2014-10-25,126.4444444,41
2014-10-26,80.66666667,45
2014-10-27,100.9444444,62
2014-10-28,132.7777778,64
2014-10-29,114.2222222,63
2014-10-03,96.77777778,25
2014-10-30,76.94444444,47
2014-10-31,104.8333333,42
2014-10-04,117.4444444,22
2014-10-05,86.05555556,19
2014-10-06,127.8333333,33
2014-10-07,117.7222222,39
2014-10-08,128.3888889,46
2014-10-09,127.3333333,46
2014-11-01,87.38888889,57
2014-11-10,149.2222222,69
2014-11-11,101.6111111,42
2014-11-12,109.6666667,65
2014-11-13,148.6666667,35
2014-11-14,166.1666667,36
2014-11-15,153.1111111,51
2014-11-16,116.9444444,36
2014-11-17,141.2222222,38
2014-11-18,156.2222222,59
2014-11-19,152.2222222,65
2014-11-02,114.1111111,42
2014-11-20,244.6111111,63
2014-11-21,268.5,48
2014-11-22,153.8888889,66
2014-11-23,135.3888889,68
2014-11-24,118.5,34
2014-11-25,133.3333333,33
2014-11-26,122.6666667,54
2014-11-27,78.11111111,29
2014-11-28,119.3888889,20
2014-11-29,105.4444444,15
2014-11-03,115.5,33
2014-11-30,121.2777778,44
2014-11-04,148.8888889,35
2014-11-05,135.8888889,58
2014-11-06,74.77777778,54
2014-11-07,101.2222222,64
2014-11-08,157,61
2014-11-09,167.1111111,59
2014-12-01,90.94444444,74
2014-12-10,121.6666667,51
2014-12-11,106.5,43
2014-12-12,137,34
2014-12-13,158.4444444,38
2014-12-14,189.1666667,51
2014-12-15,84.66666667,34
2014-12-16,108.5555556,22
2014-12-17,135,30
2014-12-18,115.3888889,50
2014-12-19,73.16666667,31
2014-12-02,136.2222222,28
2014-12-20,83.72222222,21
2014-12-21,115.2777778,30
2014-12-22,159.5555556,49
2014-12-23,151.6666667,54
2014-12-24,111.6111111,31
2014-12-25,149.3333333,38
2014-12-26,162.1111111,58
2014-12-27,197.7777778,62
2014-12-28,197.7777778,62
2014-12-03,121.6666667,48
2014-12-31,NA,52
2014-12-04,117.7222222,33
2014-12-05,145.9444444,37
2014-12-06,149.3333333,51
2014-12-07,134.6666667,45
2014-12-08,152.7777778,54
2014-12-09,154.3333333,54
2014-02-01,180.5,27
2014-02-10,87.94444444,27
2014-02-11,126.3333333,18
2014-02-12,119.4444444,23
2014-02-13,147.7777778,27
2014-02-14,164.2222222,18
2014-02-15,129.7222222,34
2014-02-16,88.44444444,60
2014-02-17,73.38888889,72
2014-02-18,130.3888889,23
2014-02-19,147.2222222,32
2014-02-02,77.55555556,23
2014-02-20,139.1666667,62
2014-02-21,129.8333333,65
2014-02-22,145.3888889,82
2014-02-23,172.7222222,86
2014-02-24,178.6666667,119
2014-02-25,136.6111111,126
2014-02-26,85.77777778,108
2014-02-27,73.27777778,96
2014-02-28,97.33333333,95
2014-02-03,64.55555556,57
2014-02-04,57.55555556,36
2014-02-05,62.5,46
2014-02-06,69.22222222,51
2014-02-07,78.44444444,19
2014-02-08,61.72222222,10
2014-02-09,58.16666667,20
2014-03-01,153.5555556,80
2014-03-10,130.8333333,40
2014-03-11,117.6666667,50
2014-03-12,94.61111111,40
2014-03-13,115.3333333,49
2014-03-14,138.5,60
2014-03-15,125,82
2014-03-16,191.5555556,81
2014-03-17,261.7777778,62
2014-03-18,95.61111111,91
2014-03-19,84.66666667,93
2014-03-02,133.6111111,30
2014-03-20,99.44444444,58
2014-03-21,113.5,33
2014-03-22,139.3888889,60
2014-03-23,131.5,73
2014-03-24,161.0555556,58
2014-03-25,201,57
2014-03-26,149.1666667,63
2014-03-27,113.7777778,76
2014-03-28,142.2222222,93
2014-03-29,132.6666667,53
2014-03-03,98.16666667,58
2014-03-30,155.7222222,38
2014-03-31,117.6111111,61
2014-03-04,98.27777778,76
2014-03-05,106.9444444,38
2014-03-06,105.7777778,34
2014-03-07,123.3333333,31
2014-03-08,150.8333333,43
2014-03-09,135.9444444,39
2014-04-01,126.5,68
2014-04-10,134.7222222,58
2014-04-11,116.5555556,64
2014-04-12,154.6666667,69
2014-04-13,134,69
2014-04-14,161.6666667,66
2014-04-15,127.8888889,69
2014-04-16,115.5,113
2014-04-17,122.5,79
2014-04-18,88.05555556,64
2014-04-19,133.2222222,48
2014-04-02,121.3333333,63
2014-04-20,151.2222222,42
2014-04-21,150.5555556,58
2014-04-22,118.3888889,61
2014-04-23,97.61111111,73
2014-04-24,96.44444444,93
2014-04-25,60,65
2014-04-26,70.22222222,56
2014-04-27,83.5,29
2014-04-28,122.6111111,13
2014-04-29,127.6666667,14
2014-04-03,138.3888889,61
2014-04-30,133.5,27
2014-04-04,98.05555556,22
2014-04-05,101.1111111,45
2014-04-06,116.1111111,38
2014-04-07,141.7777778,63
2014-04-08,144.8888889,52
2014-04-09,151.1666667,65
2014-05-01,120.7777778,52
2014-05-10,53.38888889,39
2014-05-11,90.77777778,32
2014-05-12,105.9444444,39
2014-05-13,117.6111111,77
2014-05-14,115.8888889,71
2014-05-15,119.1666667,49
2014-05-16,123.7777778,53
2014-05-17,103.5555556,56
2014-05-18,115,56
2014-05-19,130.5555556,60
2014-05-02,104.5555556,71
2014-05-20,138.8888889,66
2014-05-21,149.1111111,59
2014-05-22,113.5,46
2014-05-23,71.77777778,65
2014-05-24,119.4444444,63
2014-05-25,133.6111111,53
2014-05-26,161.5,74
2014-05-27,123.0555556,114
2014-05-28,136.8888889,123
2014-05-29,177.6666667,103
2014-05-03,97.05555556,28
2014-05-30,187.3888889,69
2014-05-31,88.22222222,91
2014-05-04,98.77777778,40
2014-05-05,122.2777778,37
2014-05-06,110.2222222,40
2014-05-07,106.8888889,47
2014-05-08,97.44444444,36
2014-05-09,78.27777778,46
2014-06-01,57.94444444,79
2014-06-10,94.05555556,35
2014-06-11,99.72222222,22
2014-06-12,126.2222222,27
2014-06-13,141.5,58
2014-06-14,110.6666667,42
2014-06-15,110.8888889,44
2014-06-16,85.27777778,37
2014-06-17,84,68
2014-06-18,111,51
2014-06-19,72.33333333,53
2014-06-02,67.72222222,77
2014-06-20,77.44444444,56
2014-06-21,100.9444444,27
2014-06-22,96.72222222,22
2014-06-23,108.3888889,33
2014-06-24,116.1111111,45
2014-06-25,97.55555556,55
2014-06-26,91.16666667,52
2014-06-27,94.16666667,37
2014-06-28,118.7222222,40
2014-06-29,107.7222222,35
2014-06-03,89.38888889,30
2014-06-30,124.3888889,36
2014-06-04,96.16666667,23
2014-06-05,126,21
2014-06-06,77.33333333,30
2014-06-07,103.5555556,39
2014-06-08,97,35
2014-06-09,99.44444444,44
2014-07-01,83.55555556,48
2014-07-10,110.3888889,33
2014-07-11,120.3333333,59
2014-07-12,98.55555556,67
2014-07-13,104.5,57
2014-07-14,85.61111111,70
2014-07-15,97.61111111,79
2014-07-16,92.77777778,55
2014-07-17,85.16666667,24
2014-07-18,86.77777778,16
2014-07-19,83.16666667,47
2014-07-02,86.22222222,70
2014-07-20,98.16666667,56
2014-07-21,98.5,58
2014-07-22,83.11111111,19
2014-07-23,100.2777778,18
2014-07-24,52.11111111,12
2014-07-25,98.55555556,18
2014-07-26,114.9444444,32
2014-07-27,116.7222222,72
2014-07-28,98.72222222,66
2014-07-29,72.27777778,41
2014-07-03,97.05555556,25
2014-07-30,101.8888889,30
2014-07-31,76.22222222,29
2014-07-04,94.11111111,19
2014-07-05,95.05555556,35
2014-07-06,105,27
2014-07-07,112.7777778,35
2014-07-08,104.4444444,32
2014-07-09,95.05555556,22
2014-08-01,71.72222222,18
2014-08-10,107.6666667,12
2014-08-11,93.22222222,26
2014-08-12,79.94444444,59
2014-08-13,79.77777778,67
2014-08-14,107.5555556,30
2014-08-15,106,35
2014-08-16,90.16666667,44
2014-08-17,71.38888889,43
2014-08-18,94.55555556,8
2014-08-19,114.6111111,15
2014-08-02,89.44444444,14
2014-08-20,120.0555556,34
2014-08-21,111.7777778,17
2014-08-22,114.6111111,62
2014-08-23,79.88888889,71
2014-08-24,84.44444444,61
2014-08-25,105.8888889,49
2014-08-26,108.2222222,13
2014-08-27,92,9
2014-08-28,99.33333333,19
2014-08-29,97.27777778,26
2014-08-03,119.4444444,9
2014-08-30,82.77777778,23
2014-08-31,91.16666667,26
2014-08-04,83.55555556,10
2014-08-05,74.44444444,47
2014-08-06,73.33333333,49
2014-08-07,83.05555556,43
2014-08-08,74.5,21
2014-08-09,79.27777778,22
2014-09-01,66.66666667,33
2014-09-10,86.16666667,29
2014-09-11,70.22222222,40
2014-09-12,80.5,42
2014-09-13,82.11111111,23
2014-09-14,72.94444444,16
2014-09-15,69.61111111,40
2014-09-16,60.44444444,37
2014-09-17,85.16666667,53
2014-09-18,104.2777778,23
2014-09-19,94.33333333,31
2014-09-02,59.16666667,23
2014-09-20,101.5,32
2014-09-21,113.4444444,32
2014-09-22,103,30
2014-09-23,103.6111111,26
2014-09-24,91.33333333,19
2014-09-25,107.8888889,22
2014-09-26,124.5,28
2014-09-27,115.7222222,34
2014-09-28,74.61111111,43
2014-09-29,61,50
2014-09-03,85.44444444,7
2014-09-30,87.11111111,24
2014-09-04,102.8888889,16
2014-09-05,106,28
2014-09-06,109.7777778,37
2014-09-07,108.2222222,48
2014-09-08,94.5,54
2014-09-09,93.72222222,56
2015-01-01,NA,32
2015-01-10,164.6666667,50
2015-01-11,84.5,49
2015-01-12,99.77777778,62
2015-01-13,116.9444444,72
2015-01-14,191.7777778,64
2015-01-15,189.8333333,77
2015-01-16,99.44444444,39
2015-01-17,127.8333333,36
2015-01-18,117.2777778,64
2015-01-19,108.0555556,52
2015-01-02,138.7777778,43
2015-01-20,113.7777778,64
2015-01-21,96.88888889,50
2015-01-22,131.6111111,46
2015-01-23,172.6111111,57
2015-01-24,112.0555556,67
2015-01-25,124.8333333,44
2015-01-26,59.88888889,54
2015-01-27,69.88888889,50
2015-01-28,89.33333333,56
2015-01-29,93.61111111,43
2015-01-03,223.1111111,48
2015-01-30,88.16666667,46
2015-01-31,104.8333333,34
2015-01-04,234.1111111,71
2015-01-05,76.22222222,40
2015-01-06,98.38888889,39
2015-01-07,163.7222222,47
2015-01-08,263.9444444,53
2015-01-09,250.7777778,44
2015-10-01,114.9444444,32
2015-10-10,83.88888889,18
2015-10-11,100.8333333,19
2015-10-12,114.6111111,30
2015-10-13,165.0555556,53
2015-10-14,165.9444444,62
2015-10-15,201.0555556,73
2015-10-16,156.3333333,64
2015-10-17,130.8888889,71
2015-10-18,109.5,87
2015-10-19,147.6666667,89
2015-10-02,162.3333333,45
2015-10-20,127.7222222,97
2015-10-21,101.6111111,78
2015-10-22,123.3333333,55
2015-10-23,130.2222222,38
2015-10-24,74.16666667,33
2015-10-25,76.22222222,37
2015-10-26,88.94444444,37
2015-10-27,103.4444444,34
2015-10-28,76.5,25
2015-10-29,73.22222222,32
2015-10-03,176.7222222,30
2015-10-30,93.55555556,32
2015-10-31,93.16666667,45
2015-10-04,149.4444444,32
2015-10-05,131.7777778,35
2015-10-06,87.05555556,47
2015-10-07,70.88888889,59
2015-10-08,91.83333333,36
2015-10-09,72.61111111,26
2015-11-01,129.8888889,56
2015-11-10,140.6111111,45
2015-11-11,157.9444444,17
2015-11-12,104.6666667,15
2015-11-13,99.27777778,12
2015-11-14,130.0555556,21
2015-11-15,88,31
2015-11-16,79.11111111,19
2015-11-17,63.55555556,12
2015-11-18,91.38888889,16
2015-11-19,114.6111111,38
2015-11-02,127.3888889,71
2015-11-20,91.11111111,52
2015-11-21,40.38888889,33
2015-11-22,44.83333333,9
2015-11-23,44.77777778,27
2015-11-24,69.77777778,13
2015-11-25,65.66666667,37
2015-11-26,89.77777778,45
2015-11-27,130.8888889,49
2015-11-28,195.4444444,44
2015-11-29,269.2222222,49
2015-11-03,111.8888889,81
2015-11-30,205.7222222,61
2015-11-04,116.5555556,76
2015-11-05,42.05555556,54
2015-11-06,48.61111111,12
2015-11-07,82,5
2015-11-08,102.2222222,12
2015-11-09,118.0555556,51
2015-12-01,128.1666667,57
2015-12-10,95.83333333,36
2015-12-11,105.5,31
2015-12-12,157.7777778,44
2015-12-13,184.8888889,50
2015-12-14,135.2222222,59
2015-12-15,65.05555556,32
2015-12-16,80.5,21
2015-12-17,130.1111111,46
2015-12-18,200.7222222,65
2015-12-19,207.1111111,59
2015-12-02,83.88888889,21
2015-12-20,290.5,55
2015-12-21,231.4444444,64
2015-12-22,318.7777778,58
2015-12-23,400,88
2015-12-24,313.0555556,32
2015-12-25,206.9444444,68
2015-12-26,64.33333333,33
2015-12-27,109.8888889,27
2015-12-28,154.7777778,61
2015-12-29,204.7777778,62
2015-12-03,94.88888889,46
2015-12-30,191.6666667,62
2015-12-31,191.6666667,NA
2015-12-04,149.1666667,38
2015-12-05,165.8888889,38
2015-12-06,174.8888889,55
2015-12-07,166.3888889,63
2015-12-08,107.7222222,73
2015-12-09,216.8888889,48
2015-02-01,125.2222222,48
2015-02-10,158.2777778,79
2015-02-11,127.6666667,42
2015-02-12,121.3888889,36
2015-02-13,132.7777778,58
2015-02-14,128,76
2015-02-15,140.6666667,46
2015-02-16,134.5,62
2015-02-17,96.05555556,63
2015-02-18,120.4444444,64
2015-02-19,66.44444444,57
2015-02-02,164.8333333,64
2015-02-20,98.83333333,29
2015-02-21,164.3333333,202
2015-02-22,109,554
2015-02-23,123.1666667,91
2015-02-24,132.6666667,70
2015-02-25,99.94444444,39
2015-02-26,62.94444444,34
2015-02-27,72.33333333,50
2015-02-28,115.4444444,80
2015-02-03,146.6111111,76
2015-02-04,79.38888889,83
2015-02-05,107.7222222,58
2015-02-06,127.5555556,53
2015-02-07,66.11111111,87
2015-02-08,96.44444444,41
2015-02-09,117.7777778,82
2015-03-01,108.3888889,80
2015-03-10,97.22222222,43
2015-03-11,129.1666667,37
2015-03-12,145.8888889,50
2015-03-13,102.5555556,43
2015-03-14,140.5555556,48
2015-03-15,131.7222222,78
2015-03-16,115.0555556,106
2015-03-17,89.16666667,77
2015-03-18,138.5555556,58
2015-03-19,181.0555556,87
2015-03-02,113.4444444,55
2015-03-20,158.4444444,127
2015-03-21,210.1111111,115
2015-03-22,109.2222222,58
2015-03-23,108.8888889,49
2015-03-24,98.11111111,48
2015-03-25,92.55555556,51
2015-03-26,92.22222222,59
2015-03-27,144.3888889,52
2015-03-28,351.4444444,64
2015-03-29,192.9444444,115
2015-03-03,66.83333333,45
2015-03-30,108.2777778,98
2015-03-31,63.22222222,29
2015-03-04,87.33333333,49
2015-03-05,104.5555556,52
2015-03-06,102.7222222,55
2015-03-07,96.94444444,70
2015-03-08,84.11111111,64
2015-03-09,82.55555556,33
2015-04-01,58.88888889,26
2015-04-10,105.8333333,68
2015-04-11,87.27777778,55
2015-04-12,61,30
2015-04-13,94.11111111,23
2015-04-14,116.5,40
2015-04-15,186.6666667,72
2015-04-16,144.1666667,68
2015-04-17,118.1111111,62
2015-04-18,74.61111111,36
2015-04-19,94.16666667,13
2015-04-02,79.5,35
2015-04-20,113.1111111,45
2015-04-21,106.6111111,67
2015-04-22,114.8888889,63
2015-04-23,136.7777778,68
2015-04-24,136.6111111,61
2015-04-25,117.2777778,40
2015-04-26,99.72222222,57
2015-04-27,97.38888889,49
2015-04-28,106.7222222,50
2015-04-29,120.0555556,34
2015-04-03,92.83333333,18
2015-04-30,88.61111111,48
2015-04-04,130.2222222,18
2015-04-05,88.33333333,54
2015-04-06,64.66666667,46
2015-04-07,86.05555556,30
2015-04-08,87.16666667,55
2015-04-09,111.9444444,58
2015-05-01,69.88888889,39
2015-05-10,56.66666667,48
2015-05-11,85.88888889,37
2015-05-12,102.8888889,61
2015-05-13,131.5,56
2015-05-14,109.8888889,86
2015-05-15,107.3888889,54
2015-05-16,112.7222222,57
2015-05-17,103.5555556,48
2015-05-18,116.6111111,51
2015-05-19,76.27777778,46
2015-05-02,108.8888889,28
2015-05-20,95.11111111,46
2015-05-21,93.11111111,55
2015-05-22,92.16666667,49
2015-05-23,109.7777778,34
2015-05-24,115.2222222,46
2015-05-25,101.5,44
2015-05-26,94.33333333,43
2015-05-27,77.22222222,44
2015-05-28,80.44444444,49
2015-05-29,90.61111111,44
2015-05-03,99,50
2015-05-30,99.22222222,44
2015-05-31,90.83333333,40
2015-05-04,101.7777778,42
2015-05-05,107.1111111,49
2015-05-06,103.9444444,47
2015-05-07,94.22222222,57
2015-05-08,74.88888889,45
2015-05-09,78.05555556,44
2015-06-01,98.72222222,39
2015-06-10,84,43
2015-06-11,100.2222222,47
2015-06-12,112.7777778,72
2015-06-13,81.72222222,34
2015-06-14,105.9444444,40
2015-06-15,114.2222222,51
2015-06-16,110.9444444,40
2015-06-17,101.4444444,31
2015-06-18,96.83333333,23
2015-06-19,64.11111111,40
2015-06-02,83.33333333,45
2015-06-20,87.5,23
2015-06-21,89.38888889,34
2015-06-22,92.77777778,36
2015-06-23,69.44444444,45
2015-06-24,55.22222222,44
2015-06-25,76.61111111,13
2015-06-26,86.77777778,11
2015-06-27,80.33333333,25
2015-06-28,65.94444444,25
2015-06-29,57.55555556,33
2015-06-03,91,43
2015-06-30,82.11111111,34
2015-06-04,89.94444444,36
2015-06-05,130.2222222,35
2015-06-06,106.3333333,34
2015-06-07,79.05555556,39
2015-06-08,112.3888889,48
2015-06-09,105.8333333,52
2015-07-01,80.44444444,48
2015-07-10,73.33333333,30
2015-07-11,73.22222222,11
2015-07-12,105.7777778,27
2015-07-13,108.1111111,66
2015-07-14,87,53
2015-07-15,97.55555556,12
2015-07-16,86.22222222,12
2015-07-17,79.88888889,30
2015-07-18,62.61111111,26
2015-07-19,70.88888889,23
2015-07-02,83.38888889,44
2015-07-20,84,27
2015-07-21,84.05555556,34
2015-07-22,85.22222222,27
2015-07-23,83.94444444,15
2015-07-24,84.61111111,20
2015-07-25,104.8333333,19
2015-07-26,101.5,30
2015-07-27,69.61111111,40
2015-07-28,71.66666667,36
2015-07-29,64.27777778,68
2015-07-03,75.27777778,34
2015-07-30,51.94444444,59
2015-07-31,82.83333333,51
2015-07-04,85.88888889,38
2015-07-05,100.3333333,33
2015-07-06,97.27777778,39
2015-07-07,101.2222222,11
2015-07-08,93.22222222,11
2015-07-09,88.83333333,19
2015-08-01,81.16666667,34
2015-08-10,78.61111111,59
2015-08-11,93.77777778,53
2015-08-12,106.4444444,43
2015-08-13,97.5,41
2015-08-14,81.66666667,59
2015-08-15,97.66666667,67
2015-08-16,107.6666667,28
2015-08-17,101.5,23
2015-08-18,82.94444444,39
2015-08-19,79,37
2015-08-02,64.22222222,34
2015-08-20,92.5,31
2015-08-21,97.94444444,40
2015-08-22,65.33333333,39
2015-08-23,69.38888889,33
2015-08-24,60.22222222,8
2015-08-25,60.44444444,10
2015-08-26,69.38888889,22
2015-08-27,81.61111111,31
2015-08-28,74.27777778,35
2015-08-29,78.11111111,36
2015-08-03,61.11111111,28
2015-08-30,71.94444444,37
2015-08-31,50.22222222,27
2015-08-04,90.22222222,35
2015-08-05,60.16666667,36
2015-08-06,71,42
2015-08-07,63.72222222,36
2015-08-08,60.05555556,22
2015-08-09,66.33333333,31
2015-09-01,53.44444444,27
2015-09-10,54.16666667,44
2015-09-11,58.05555556,22
2015-09-12,72,23
2015-09-13,86.22222222,35
2015-09-14,73.33333333,30
2015-09-15,82.5,17
2015-09-16,92.72222222,13
2015-09-17,102.4444444,19
2015-09-18,107.3333333,34
2015-09-19,95.27777778,52
2015-09-02,67.88888889,26
2015-09-20,102.5555556,53
2015-09-21,85.66666667,46
2015-09-22,86,45
2015-09-23,126.8888889,42
2015-09-24,104.4444444,38
2015-09-25,83.44444444,53
2015-09-26,102.7222222,39
2015-09-27,90.5,33
2015-09-28,71.72222222,28
2015-09-29,63.5,19
2015-09-03,83.44444444,33
2015-09-30,69.22222222,18
2015-09-04,58.27777778,36
2015-09-05,60.16666667,15
2015-09-06,62.77777778,13
2015-09-07,78.33333333,13
2015-09-08,76.16666667,17
2015-09-09,80.77777778,30
2016-01-10,84.55555556,43
2016-01-11,76.77777778,53
2016-01-12,115.3333333,42
2016-01-13,185.5,50
2016-01-14,198.2222222,51
2016-01-15,217.1111111,70
2016-01-16,147.3888889,71
2016-01-17,92.27777778,56
2016-01-18,103.4444444,37
2016-01-19,96.72222222,42
2016-01-20,99.88888889,53
2016-01-21,107.5,55
2016-01-22,67.83333333,35
2016-01-23,70,43
2016-01-24,92.66666667,55
2016-01-25,113.9444444,77
2016-01-26,142.7777778,66
2016-01-27,150.2222222,60
2016-01-28,100.4444444,54
2016-01-29,68.5,42
2016-01-03,126.5,47
2016-01-30,73.66666667,44
2016-01-31,96.61111111,43
2016-01-04,102.7777778,34
2016-01-05,124.6666667,58
2016-01-06,100.4444444,45
2016-01-07,137.4444444,36
2016-01-08,211.8333333,40
2016-01-09,257.8333333,36
2016-10-01,70.22222222,35
2016-10-10,85.44444444,45
2016-10-11,107,59
2016-10-12,112.9444444,46
2016-10-13,100.7222222,70
2016-10-14,78.44444444,79
2016-10-15,63.22222222,60
2016-10-16,98.44444444,57
2016-10-17,121.1111111,60
2016-10-18,111.1666667,66
2016-10-19,92.33333333,67
2016-10-02,84.27777778,19
2016-10-20,64.72222222,27
2016-10-21,53.5,35
2016-10-22,46.66666667,13
2016-10-23,63.38888889,19
2016-10-24,73.38888889,17
2016-10-25,94.83333333,46
2016-10-26,64.83333333,52
2016-10-27,48.61111111,43
2016-10-28,60.55555556,41
2016-10-29,76.77777778,28
2016-10-03,86.27777778,36
2016-10-30,54,34
2016-10-31,61.05555556,25
2016-10-04,76.22222222,28
2016-10-05,65.72222222,44
2016-10-06,62.61111111,30
2016-10-07,62,23
2016-10-08,65.88888889,20
2016-10-09,80.22222222,30
2016-11-01,96,39
2016-11-10,105.5,50
2016-11-11,131.6111111,75
2016-11-12,168.6111111,64
2016-11-13,159.9444444,55
2016-11-14,90,62
2016-11-15,83.72222222,59
2016-11-16,125.0555556,68
2016-11-17,133.4444444,85
2016-11-18,115.9444444,62
2016-11-19,77.11111111,47
2016-11-02,109.5555556,46
2016-11-20,48.33333333,64
2016-11-21,41.5,46
2016-11-22,60.33333333,42
2016-11-23,88.61111111,29
2016-11-24,104.7777778,39
2016-11-25,140.1666667,58
2016-11-26,127,71
2016-11-27,102.1666667,73
2016-11-28,140.6666667,41
2016-11-29,135.2222222,49
2016-11-03,105.3888889,65
2016-11-30,150.3333333,50
2016-11-04,129.8888889,74
2016-11-05,112.8888889,34
2016-11-06,86.27777778,38
2016-11-07,72.61111111,65
2016-11-08,82.61111111,46
2016-11-09,81.16666667,47
2016-12-01,146.5,37
2016-12-10,108.6111111,36
2016-12-11,105.3333333,47
2016-12-12,58.55555556,63
2016-12-13,66.16666667,58
2016-12-14,106.3333333,38
2016-12-15,115.5,35
2016-12-16,120.3888889,63
2016-12-17,184,55
2016-12-18,316.2777778,40
2016-12-19,301.7777778,56
2016-12-02,144.3888889,55
2016-12-20,189.3888889,45
2016-12-21,128.3888889,25
2016-12-22,100.5555556,58
2016-12-23,91.83333333,68
2016-12-24,99.72222222,59
2016-12-25,73.66666667,51
2016-12-26,74.11111111,45
2016-12-27,115.4444444,49
2016-12-28,115.9444444,40
2016-12-29,127.1111111,45
2016-12-03,185.8888889,76
2016-12-30,176.3333333,62
2016-12-31,NA,71
2016-12-04,165.6111111,80
2016-12-05,99.44444444,27
2016-12-06,141.5,51
2016-12-07,154,60
2016-12-08,74.55555556,37
2016-12-09,88.44444444,36
2016-02-01,117.1111111,49
2016-02-10,111.9444444,51
2016-02-11,127.3333333,40
2016-02-12,41.22222222,17
2016-02-13,42.5,32
2016-02-14,60.16666667,36
2016-02-15,68.5,32
2016-02-16,88.27777778,43
2016-02-17,85.88888889,48
2016-02-18,105.6666667,79
2016-02-19,67.22222222,51
2016-02-02,136.8333333,62
2016-02-20,86.16666667,29
2016-02-21,145.1666667,46
2016-02-22,120.2222222,55
2016-02-23,82.5,36
2016-02-24,125.2777778,51
2016-02-25,130,52
2016-02-26,148.4444444,69
2016-02-27,86.83333333,50
2016-02-28,61.55555556,61
2016-02-29,91.83333333,36
2016-02-03,134.6666667,61
2016-02-04,104.0555556,50
2016-02-05,78.05555556,56
2016-02-06,117.0555556,51
2016-02-07,174.2777778,64
2016-02-08,98.27777778,59
2016-02-09,86.66666667,43
2016-03-01,131.7222222,42
2016-03-10,106.5,39
2016-03-11,117.5,51
2016-03-12,110.2777778,63
2016-03-13,112.6111111,66
2016-03-14,112.7222222,59
2016-03-15,109.2777778,66
2016-03-16,112.6111111,73
2016-03-17,149.6666667,67
2016-03-18,181.7222222,75
2016-03-19,107.1666667,79
2016-03-02,156.1666667,57
2016-03-20,110.5555556,82
2016-03-21,139.5,72
2016-03-22,75.88888889,75
2016-03-23,83.22222222,43
2016-03-24,90.77777778,72
2016-03-25,105.3333333,69
2016-03-26,100.9444444,69
2016-03-27,127.2222222,67
2016-03-28,105.1666667,87
2016-03-29,124.7222222,85
2016-03-03,138.1666667,73
2016-03-30,124.7777778,55
2016-03-31,101.0555556,72
2016-03-04,193,26
2016-03-05,204.3333333,78
2016-03-06,155.8888889,98
2016-03-07,79.83333333,68
2016-03-08,59.27777778,49
2016-03-09,79.22222222,38
2016-04-01,173.9444444,77
2016-04-10,100.4444444,52
2016-04-11,104.7222222,61
2016-04-12,147.2777778,63
2016-04-13,144.5555556,61
2016-04-14,125.8888889,59
2016-04-15,78.83333333,60
2016-04-16,81.11111111,42
2016-04-17,76.5,66
2016-04-18,82.27777778,50
2016-04-19,99.16666667,66
2016-04-02,68.72222222,56
2016-04-20,149.3333333,32
2016-04-21,190.7777778,68
2016-04-22,209.3333333,143
2016-04-23,162.8333333,124
2016-04-24,114.5,76
2016-04-25,99.77777778,79
2016-04-26,103.6666667,58
2016-04-27,104.1111111,60
2016-04-28,116.4444444,67
2016-04-29,103.1666667,78
2016-04-03,90.72222222,30
2016-04-30,97.55555556,51
2016-04-04,98.61111111,63
2016-04-05,84.33333333,71
2016-04-06,124.0555556,48
2016-04-07,175.8333333,69
2016-04-08,210.3888889,98
2016-04-09,168.9444444,111
2016-05-01,105.1666667,56
2016-05-10,116.5,33
2016-05-11,88.83333333,33
2016-05-12,69.83333333,41
2016-05-13,69.72222222,40
2016-05-14,56.77777778,40
2016-05-15,74.55555556,35
2016-05-16,82.83333333,69
2016-05-17,81.22222222,55
2016-05-18,77.61111111,45
2016-05-19,72.83333333,50
2016-05-02,73.88888889,22
2016-05-20,71.5,43
2016-05-21,76.77777778,59
2016-05-22,95.77777778,72
2016-05-23,84.88888889,37
2016-05-24,85.11111111,82
2016-05-25,84.83333333,94
2016-05-26,111.6666667,84
2016-05-27,74.16666667,78
2016-05-28,82.16666667,80
2016-05-29,103.6111111,84
2016-05-03,87.61111111,55
2016-05-30,98.94444444,81
2016-05-31,67.66666667,47
2016-05-04,90.77777778,61
2016-05-05,251.0555556,47
2016-05-06,138.7777778,99
2016-05-07,93.77777778,60
2016-05-08,73.66666667,64
2016-05-09,86.38888889,36
2016-06-01,75.27777778,38
2016-06-10,87.61111111,55
2016-06-11,71.94444444,32
2016-06-12,86.22222222,65
2016-06-13,56,58
2016-06-14,57.05555556,41
2016-06-15,77.88888889,32
2016-06-16,77.83333333,58
2016-06-17,77.33333333,68
2016-06-18,81.44444444,46
2016-06-19,79.27777778,54
2016-06-02,80.05555556,51
2016-06-20,75.83333333,61
2016-06-21,65.83333333,69
2016-06-22,62.83333333,41
2016-06-23,53.22222222,48
2016-06-24,68.61111111,34
2016-06-25,84.77777778,36
2016-06-26,78.55555556,38
2016-06-27,58.83333333,64
2016-06-28,67.83333333,42
2016-06-29,79.66666667,31
2016-06-03,67.61111111,58
2016-06-30,51.05555556,26
2016-06-04,67.11111111,55
2016-06-05,76.72222222,27
2016-06-06,83.38888889,43
2016-06-07,87.77777778,44
2016-06-08,97.88888889,58
2016-06-09,79.38888889,65
2016-07-01,78.61111111,14
2016-07-10,63.27777778,55
2016-07-11,64.55555556,41
2016-07-12,65.88888889,31
2016-07-13,69.94444444,31
2016-07-14,52.61111111,20
2016-07-15,67.44444444,11
2016-07-16,94.05555556,15
2016-07-17,104.5,30
2016-07-18,76.33333333,40
2016-07-19,47,40
2016-07-02,85.22222222,43
2016-07-20,53.72222222,35
2016-07-21,62.11111111,40
2016-07-22,66.94444444,48
2016-07-23,72.05555556,41
2016-07-24,69.27777778,49
2016-07-25,66.05555556,38
2016-07-26,75.77777778,38
2016-07-27,78.22222222,56
2016-07-28,84.05555556,47
2016-07-29,91.16666667,48
2016-07-03,76.94444444,28
2016-07-30,69.72222222,43
2016-07-31,61.83333333,35
2016-07-04,80.5,13
2016-07-05,85.83333333,18
2016-07-06,72.22222222,40
2016-07-07,59.05555556,60
2016-07-08,58.55555556,45
2016-07-09,72.44444444,39
2016-08-01,63.94444444,29
2016-08-10,62,37
2016-08-11,63.16666667,50
2016-08-12,71.5,39
2016-08-13,75.77777778,41
2016-08-14,67.72222222,44
2016-08-15,59.44444444,56
2016-08-16,77.16666667,50
2016-08-17,71.72222222,60
2016-08-18,65.88888889,68
2016-08-19,51.44444444,40
2016-08-02,64.88888889,31
2016-08-20,57.55555556,33
2016-08-21,69.77777778,35
2016-08-22,74.66666667,38
2016-08-23,80.33333333,43
2016-08-24,60.11111111,35
2016-08-25,44.94444444,16
2016-08-26,62.83333333,15
2016-08-27,69.61111111,13
2016-08-28,72.66666667,18
2016-08-29,73.61111111,36
2016-08-03,64.66666667,34
2016-08-30,83.72222222,21
2016-08-31,81.38888889,63
2016-08-04,62.55555556,43
2016-08-05,63.11111111,62
2016-08-06,52.72222222,41
2016-08-07,49.27777778,47
2016-08-08,60.38888889,33
2016-08-09,59.66666667,59
2016-09-01,80.66666667,42
2016-09-10,82.5,47
2016-09-11,73.88888889,34
2016-09-12,92,20
2016-09-13,98.16666667,37
2016-09-14,102.5555556,47
2016-09-15,78.55555556,58
2016-09-16,79.5,35
2016-09-17,60.27777778,27
2016-09-18,53.83333333,15
2016-09-19,66.44444444,19
2016-09-02,93.33333333,26
2016-09-20,89,38
2016-09-21,92.44444444,45
2016-09-22,86.38888889,56
2016-09-23,92.16666667,66
2016-09-24,98.55555556,56
2016-09-25,74.88888889,51
2016-09-26,68.22222222,42
2016-09-27,49.44444444,39
2016-09-28,65.44444444,17
2016-09-29,99.55555556,34
2016-09-03,113.5,27
2016-09-30,88.83333333,53
2016-09-04,116.5555556,35
2016-09-05,111.3333333,63
2016-09-06,69.77777778,78
2016-09-07,84.77777778,57
2016-09-08,101.8333333,50
2016-09-09,83.55555556,48
2017-01-01,225.8888889,94
2017-01-10,127.2222222,27
2017-01-11,207.5,33
2017-01-12,136.6111111,30
2017-01-13,79.77777778,49
2017-01-14,73.66666667,29
2017-01-15,104.8888889,50
2017-01-16,136.5555556,68
2017-01-17,182.3888889,85
2017-01-18,200.1111111,89
2017-01-19,62.44444444,61
2017-01-02,218.1666667,75
2017-01-20,85.38888889,54
2017-01-21,73.44444444,73
2017-01-22,87.5,53
2017-01-23,108.5,40
2017-01-24,127.3888889,53
2017-01-25,144.7222222,65
2017-01-26,100.5,94
2017-01-27,103.6111111,36
2017-01-28,81.72222222,31
2017-01-29,50.33333333,50
2017-01-03,234.4444444,57
2017-01-30,64.33333333,31
2017-01-31,76.94444444,40
2017-01-04,186.7777778,40
2017-01-05,149.2222222,21
2017-01-06,113.5,57
2017-01-07,94.77777778,34
2017-01-08,119.0555556,62
2017-01-09,122.2222222,35
2017-10-01,52.27777778,20
2017-10-10,39.77777778,13
2017-10-11,54,24
2017-10-12,82.05555556,31
2017-10-13,101.0555556,24
2017-10-14,86.61111111,24
2017-10-15,95.77777778,34
2017-10-16,85.88888889,43
2017-10-17,69.27777778,29
2017-10-18,93,19
2017-10-19,108.8888889,36
2017-10-02,44.66666667,42
2017-10-20,109.8333333,44
2017-10-21,86.33333333,28
2017-10-22,61.33333333,26
2017-10-23,70.38888889,37
2017-10-24,95.77777778,46
2017-10-25,102.6666667,57
2017-10-26,122.3333333,66
2017-10-27,129,53
2017-10-28,73,70
2017-10-29,77.66666667,41
2017-10-03,54.27777778,26
2017-10-30,92.11111111,38
2017-10-31,114.1666667,46
2017-10-04,61.44444444,16
2017-10-05,65.55555556,13
2017-10-06,77,10
2017-10-07,80.05555556,20
2017-10-08,57.94444444,29
2017-10-09,29.16666667,33
2017-11-01,132.5,55
2017-11-10,62.5,69
2017-11-11,85.55555556,34
2017-11-12,102.1111111,47
2017-11-13,74.55555556,52
2017-11-14,81.66666667,27
2017-11-15,87.61111111,26
2017-11-16,104,47
2017-11-17,49.05555556,43
2017-11-18,88.5,27
2017-11-19,101.2222222,42
2017-11-02,78.66666667,45
2017-11-20,113.8888889,56
2017-11-21,95.38888889,59
2017-11-22,76.94444444,22
2017-11-23,74.44444444,22
2017-11-24,119.3333333,27
2017-11-25,104.8888889,40
2017-11-26,85.83333333,51
2017-11-27,111.6111111,72
2017-11-28,83.05555556,65
2017-11-29,75,26
2017-11-03,61.16666667,58
2017-11-30,99.5,26
2017-11-04,76.38888889,46
2017-11-05,86.38888889,39
2017-11-06,128.5555556,49
2017-11-07,127.3333333,67
2017-11-08,83.5,57
2017-11-09,87.72222222,53
2017-12-01,119.0555556,45
2017-12-10,78.83333333,48
2017-12-11,57.27777778,39
2017-12-12,74.61111111,41
2017-12-13,86.83333333,58
2017-12-14,112.9444444,77
2017-12-15,80.33333333,46
2017-12-16,78.22222222,43
2017-12-17,95.88888889,58
2017-12-18,80,50
2017-12-19,100.0555556,45
2017-12-02,149.5,55
2017-12-20,99.27777778,54
2017-12-21,113.9444444,61
2017-12-22,135.1666667,96
2017-12-23,111.9444444,68
2017-12-24,85.66666667,33
2017-12-25,104.2222222,31
2017-12-26,104.0555556,31
2017-12-27,117.6111111,46
2017-12-28,187.8333333,84
2017-12-29,201.2777778,104
2017-12-03,67.83333333,46
2017-12-30,154.8333333,62
2017-12-31,160.1111111,52
2017-12-04,79.83333333,26
2017-12-05,120.8333333,35
2017-12-06,114.7777778,47
2017-12-07,73.05555556,36
2017-12-08,101.5,46
2017-12-09,100.7777778,42
2017-02-01,91.94444444,35
2017-02-10,122.8888889,33
2017-02-11,152.4444444,34
2017-02-12,145.2222222,48
2017-02-13,166.4444444,58
2017-02-14,140.5,63
2017-02-15,147.1666667,71
2017-02-16,65.94444444,49
2017-02-17,97,35
2017-02-18,132.2777778,50
2017-02-19,100.5555556,48
2017-02-02,112.8888889,69
2017-02-20,61.77777778,49
2017-02-21,78.94444444,44
2017-02-22,85.11111111,40
2017-02-23,94.33333333,31
2017-02-24,112.8888889,51
2017-02-25,90.88888889,51
2017-02-26,104,43
2017-02-27,110.2777778,47
2017-02-28,118.4444444,63
2017-02-03,121.2222222,86
2017-02-04,141,67
2017-02-05,87.05555556,49
2017-02-06,66.11111111,45
2017-02-07,76.61111111,59
2017-02-08,70.94444444,55
2017-02-09,69.27777778,36
2017-03-01,79,37
2017-03-10,130.0555556,61
2017-03-11,121.6111111,84
2017-03-12,74.55555556,66
2017-03-13,86.83333333,56
2017-03-14,93.27777778,45
2017-03-15,89.44444444,65
2017-03-16,99.77777778,73
2017-03-17,108.9444444,73
2017-03-18,110.2222222,72
2017-03-19,94.16666667,86
2017-03-02,97.72222222,46
2017-03-20,85.61111111,89
2017-03-21,84.77777778,57
2017-03-22,79.38888889,71
2017-03-23,82.44444444,61
2017-03-24,78.83333333,68
2017-03-25,78.83333333,65
2017-03-26,79.33333333,72
2017-03-27,72.83333333,80
2017-03-28,83.72222222,61
2017-03-29,102.3333333,67
2017-03-03,149.1666667,58
2017-03-30,81.27777778,55
2017-03-31,95.72222222,23
2017-03-04,132.6666667,68
2017-03-05,88.61111111,40
2017-03-06,64.11111111,37
2017-03-07,76.05555556,48
2017-03-08,91.66666667,53
2017-03-09,109,50
2017-04-01,104.8888889,45
2017-04-10,84.11111111,54
2017-04-11,117.5555556,67
2017-04-12,98.11111111,70
2017-04-13,80.77777778,61
2017-04-14,108.6666667,69
2017-04-15,116,64
2017-04-16,115.8333333,52
2017-04-17,111.5,42
2017-04-18,96.66666667,76
2017-04-19,78.27777778,82
2017-04-02,111.9444444,75
2017-04-20,84.61111111,67
2017-04-21,92.05555556,65
2017-04-22,85.27777778,56
2017-04-23,94.27777778,46
2017-04-24,97.22222222,61
2017-04-25,75.11111111,51
2017-04-26,79.16666667,48
2017-04-27,87.55555556,66
2017-04-28,107.5555556,64
2017-04-29,124.3888889,84
2017-04-03,94.05555556,73
2017-04-30,128.8888889,84
2017-04-04,73.38888889,57
2017-04-05,100,25
2017-04-06,121.1666667,44
2017-04-07,125,64
2017-04-08,72.72222222,44
2017-04-09,78.72222222,29
2017-05-01,104.7222222,92
2017-05-10,124.8333333,68
2017-05-11,208.6666667,72
2017-05-12,131.2222222,56
2017-05-13,101.2777778,62
2017-05-14,101,49
2017-05-15,82.05555556,40
2017-05-16,95.94444444,41
2017-05-17,89.38888889,50
2017-05-18,93.5,53
2017-05-19,86.5,42
2017-05-02,71.05555556,70
2017-05-20,85.27777778,32
2017-05-21,96.77777778,47
2017-05-22,51.27777778,39
2017-05-23,70.55555556,30
2017-05-24,93.94444444,42
2017-05-25,79.61111111,26
2017-05-26,91.5,37
2017-05-27,95.27777778,45
2017-05-28,93.44444444,68
2017-05-29,111.8888889,55
2017-05-03,181.9444444,66
2017-05-30,92.44444444,41
2017-05-31,112.3888889,40
2017-05-04,415,53
2017-05-05,279.1666667,146
2017-05-06,229.7777778,86
2017-05-07,144.1666667,129
2017-05-08,75.5,108
2017-05-09,94.16666667,45
2017-06-01,100.8333333,32
2017-06-10,82.94444444,31
2017-06-11,80.44444444,34
2017-06-12,78.27777778,41
2017-06-13,89.94444444,50
2017-06-14,111.2222222,57
2017-06-15,107.2777778,70
2017-06-16,95.22222222,56
2017-06-17,79.05555556,47
2017-06-18,70.11111111,58
2017-06-19,77.38888889,56
2017-06-02,68.61111111,32
2017-06-20,78,63
2017-06-21,72.55555556,45
2017-06-22,64.05555556,53
2017-06-23,53.94444444,47
2017-06-24,57.94444444,39
2017-06-25,74.94444444,30
2017-06-26,80.77777778,33
2017-06-27,94.27777778,53
2017-06-28,87.16666667,52
2017-06-29,87.27777778,60
2017-06-03,72.05555556,31
2017-06-30,75.83333333,50
2017-06-04,79.72222222,27
2017-06-05,55.94444444,26
2017-06-06,81.88888889,16
2017-06-07,114.8333333,48
2017-06-08,90.44444444,61
2017-06-09,118.9444444,51
2017-07-01,67.16666667,30
2017-07-10,74.77777778,NA
2017-07-11,74.11111111,NA
2017-07-12,65.61111111,NA
2017-07-13,65.72222222,NA
2017-07-14,44.11111111,NA
2017-07-15,53.44444444,NA
2017-07-16,69.55555556,NA
2017-07-17,70.66666667,NA
2017-07-18,61.38888889,NA
2017-07-19,64.94444444,NA
2017-07-02,74.05555556,26
2017-07-20,61.33333333,NA
2017-07-21,83.66666667,NA
2017-07-22,92.88888889,NA
2017-07-23,87.88888889,NA
2017-07-24,83.55555556,NA
2017-07-25,73.22222222,NA
2017-07-26,64.38888889,NA
2017-07-27,73.66666667,NA
2017-07-28,57.55555556,18
2017-07-29,75.16666667,30
2017-07-03,85.38888889,39
2017-07-30,81.66666667,27
2017-07-31,50,32
2017-07-04,84.11111111,45
2017-07-05,75,56
2017-07-06,51.94444444,26
2017-07-07,62.44444444,34
2017-07-08,60,31
2017-07-09,65.44444444,31
2017-08-01,50.61111111,41
2017-08-10,79.77777778,10
2017-08-11,69.27777778,NA
2017-08-12,47.38888889,NA
2017-08-13,33.77777778,NA
2017-08-14,41.38888889,NA
2017-08-15,59.83333333,NA
2017-08-16,60.66666667,NA
2017-08-17,64.94444444,NA
2017-08-18,54.22222222,NA
2017-08-19,47.44444444,NA
2017-08-02,54.72222222,41
2017-08-20,59.94444444,NA
2017-08-21,60.33333333,NA
2017-08-22,55.11111111,NA
2017-08-23,51.5,NA
2017-08-24,58.77777778,NA
2017-08-25,72.55555556,NA
2017-08-26,61.27777778,26
2017-08-27,42.83333333,31
2017-08-28,48.88888889,19
2017-08-29,40.44444444,18
2017-08-03,66.94444444,NA
2017-08-30,52.16666667,18
2017-08-31,65.05555556,NA
2017-08-04,84.61111111,NA
2017-08-05,81.16666667,43
2017-08-06,74.5,36
2017-08-07,68.55555556,47
2017-08-08,69.27777778,39
2017-08-09,74.22222222,10
2017-09-01,69.27777778,NA
2017-09-10,59.11111111,NA
2017-09-11,70.16666667,NA
2017-09-12,72.05555556,NA
2017-09-13,69.5,NA
2017-09-14,77.55555556,NA
2017-09-15,78.27777778,NA
2017-09-16,88.33333333,NA
2017-09-17,102.9444444,NA
2017-09-18,98.66666667,NA
2017-09-19,71.22222222,NA
2017-09-02,64.27777778,NA
2017-09-20,77.33333333,NA
2017-09-21,88.83333333,NA
2017-09-22,106.7777778,75
2017-09-23,77.94444444,67
2017-09-24,63.66666667,52
2017-09-25,58.11111111,52
2017-09-26,51.83333333,48
2017-09-27,64.05555556,26
2017-09-28,84.05555556,25
2017-09-29,76.72222222,40
2017-09-03,51.61111111,NA
2017-09-30,42.44444444,40
2017-09-04,46.33333333,NA
2017-09-05,54.83333333,NA
2017-09-06,54.83333333,NA
2018-01-01,134.0555556,42
2018-01-10,39.44444444,37
2018-01-11,58.66666667,26
2018-01-12,74.38888889,51
2018-01-13,79.94444444,66
2018-01-14,109.5555556,67
2018-01-15,126.7777778,93
2018-01-16,142.1111111,95
2018-01-17,151.6666667,80
2018-01-18,153.5555556,63
2018-01-19,156.7777778,88
2018-01-02,60.33333333,40
2018-01-20,146.4444444,62
2018-01-21,70.05555556,52
2018-01-22,43.27777778,28
2018-01-23,47.33333333,33
2018-01-24,43.83333333,27
2018-01-25,46.05555556,36
2018-01-26,68.77777778,49
2018-01-27,77.94444444,36
2018-01-28,100.7777778,52
2018-01-29,94.22222222,47
2018-01-03,56.44444444,49
2018-01-30,101.1111111,46
2018-01-31,100.2777778,45
2018-01-04,76.55555556,62
2018-01-05,74.72222222,51
2018-01-06,70.72222222,58
2018-01-07,80.05555556,59
2018-01-08,58.55555556,45
2018-01-09,47.72222222,34
2018-10-01,76.27777778,28
2018-10-10,80.38888889,19
2018-10-11,89.66666667,26
2018-10-12,90.05555556,35
2018-10-13,88.05555556,40
2018-10-14,90.22222222,61
2018-10-15,110.3333333,53
2018-10-16,67.27777778,40
2018-10-17,68.88888889,16
2018-10-18,69.44444444,20
2018-10-19,86.38888889,43
2018-10-02,87.83333333,29
2018-10-20,82.38888889,41
2018-10-21,86.38888889,53
2018-10-22,94.55555556,52
2018-10-23,105.2222222,48
2018-10-24,119.7222222,43
2018-10-25,92.88888889,40
2018-10-26,80,30
2018-10-27,81.16666667,15
2018-10-28,62.22222222,18
2018-10-29,70.88888889,23
2018-10-03,93.72222222,23
2018-10-30,76.11111111,23
2018-10-31,95.11111111,38
2018-10-04,88.22222222,11
2018-10-05,94.88888889,7
2018-10-06,81.16666667,29
2018-10-07,97.5,24
2018-10-08,70.33333333,29
2018-10-09,58.27777778,22
2018-11-01,107.2777778,48
2018-11-10,77.72222222,66
2018-11-11,103.1111111,33
2018-11-12,114.7777778,45
2018-11-13,117.1666667,38
2018-11-14,99.11111111,54
2018-11-15,56.72222222,60
2018-11-16,70.5,36
2018-11-17,102.6666667,41
2018-11-18,105.3888889,60
2018-11-19,105.5555556,50
2018-11-02,95.11111111,59
2018-11-20,88.94444444,38
2018-11-21,91.94444444,24
2018-11-22,98.77777778,24
2018-11-23,129,24
2018-11-24,144.4444444,47
2018-11-25,126.7777778,62
2018-11-26,265.2777778,97
2018-11-27,297.3888889,100
2018-11-28,214.2222222,71
2018-11-29,164.3888889,60
2018-11-03,82.83333333,48
2018-11-30,183.5555556,51
2018-11-04,57.11111111,63
2018-11-05,44.27777778,88
2018-11-06,56.44444444,64
2018-11-07,57.72222222,9
2018-11-08,83.5,40
2018-11-09,88.88888889,71
2018-12-01,114.5555556,54
2018-12-10,88.44444444,44
2018-12-11,102.2222222,48
2018-12-12,108.3888889,42
2018-12-13,92.27777778,35
2018-12-14,93.66666667,58
2018-12-15,130,56
2018-12-16,149.7222222,67
2018-12-17,142.7777778,52
2018-12-18,187.5,56
2018-12-19,131.6111111,62
2018-12-02,144.9444444,47
2018-12-20,143,72
2018-12-21,141.0555556,78
2018-12-22,94.27777778,54
2018-12-23,96.38888889,25
2018-12-24,115.4444444,39
2018-12-25,66.61111111,52
2018-12-26,55.77777778,30
2018-12-27,56.5,40
2018-12-28,68,43
2018-12-29,69.94444444,36
2018-12-03,101.3333333,37
2018-12-30,69.94444444,36
2018-12-31,101.3333333,40
2018-12-04,81.66666667,32
2018-12-05,76.11111111,41
2018-12-06,45.66666667,26
2018-12-07,61.33333333,26
2018-12-08,75.55555556,24
2018-12-09,105.1111111,36
2018-02-01,81.61111111,58
2018-02-10,106.1666667,56
2018-02-11,83.05555556,55
2018-02-12,101.2222222,57
2018-02-13,95.88888889,68
2018-02-14,66.77777778,44
2018-02-15,106.1666667,51
2018-02-16,94.44444444,54
2018-02-17,62.5,42
2018-02-18,79.72222222,63
2018-02-19,90.72222222,65
2018-02-02,61.05555556,40
2018-02-20,86.05555556,43
2018-02-21,96.88888889,50
2018-02-22,90.83333333,81
2018-02-23,79.72222222,74
2018-02-24,75.72222222,52
2018-02-25,101.9444444,64
2018-02-26,119.7222222,86
2018-02-27,104.5555556,62
2018-02-28,74.83333333,45
2018-02-03,75.88888889,36
2018-02-04,72.38888889,29
2018-02-05,62.05555556,35
2018-02-06,84.22222222,44
2018-02-07,82.22222222,56
2018-02-08,119,68
2018-02-09,87.66666667,71
2018-03-01,77,70
2018-03-10,134,58
2018-03-11,103.7222222,84
2018-03-12,89.05555556,63
2018-03-13,92.77777778,28
2018-03-14,100.1666667,22
2018-03-15,49.61111111,15
2018-03-16,70.77777778,35
2018-03-17,64.05555556,63
2018-03-18,77.22222222,33
2018-03-19,55.55555556,21
2018-03-02,81.55555556,62
2018-03-20,65.61111111,15
2018-03-21,96.94444444,46
2018-03-22,120.3333333,68
2018-03-23,99.16666667,97
2018-03-24,98.72222222,102
2018-03-25,106.5,96
2018-03-26,102.1666667,86
2018-03-27,135.4444444,61
2018-03-28,115.3888889,65
2018-03-29,85.27777778,68
2018-03-03,66.27777778,32
2018-03-30,91.94444444,63
2018-03-31,115.8888889,74
2018-03-04,56.05555556,9
2018-03-05,68.22222222,33
2018-03-06,68.72222222,33
2018-03-07,66.61111111,32
2018-03-08,77.72222222,52
2018-03-09,110.0555556,51
2018-04-01,124.1666667,72
2018-04-10,117.2777778,65
2018-04-11,91.16666667,52
2018-04-12,59.88888889,39
2018-04-13,74.83333333,23
2018-04-14,89.5,69
2018-04-15,113.4444444,44
2018-04-16,123.8888889,63
2018-04-17,123.5555556,71
2018-04-18,109.3333333,78
2018-04-19,90.83333333,91
2018-04-02,152.6666667,69
2018-04-20,89.38888889,70
2018-04-21,45.5,39
2018-04-22,47.94444444,10
2018-04-23,63,9
2018-04-24,81.16666667,39
2018-04-25,92.11111111,51
2018-04-26,103.1666667,61
2018-04-27,102.3333333,63
2018-04-28,95.88888889,61
2018-04-29,99.38888889,80
2018-04-03,53.22222222,15
2018-04-30,91.72222222,65
2018-04-04,63.83333333,7
2018-04-05,102.8333333,91
2018-04-06,63.16666667,54
2018-04-07,93.83333333,30
2018-04-08,101.5555556,46
2018-04-09,209,54
2018-05-01,56.83333333,49
2018-05-10,66.61111111,66
2018-05-11,76.44444444,34
2018-05-12,87,26
2018-05-13,85.27777778,76
2018-05-14,69.66666667,78
2018-05-15,54.72222222,35
2018-05-16,61.27777778,15
2018-05-17,68.05555556,11
2018-05-18,63.77777778,11
2018-05-19,46.11111111,11
2018-05-02,62.94444444,32
2018-05-20,51.55555556,21
2018-05-21,55.55555556,43
2018-05-22,113.8333333,46
2018-05-23,101.5,89
2018-05-24,83,89
2018-05-25,81.11111111,80
2018-05-26,103.3888889,68
2018-05-27,129.1111111,57
2018-05-28,101.5555556,49
2018-05-29,84.61111111,52
2018-05-03,82.61111111,53
2018-05-30,76.94444444,51
2018-05-31,72,48
2018-05-04,77.11111111,49
2018-05-05,70.5,15
2018-05-06,91.83333333,40
2018-05-07,85.22222222,22
2018-05-08,85.16666667,25
2018-05-09,72.05555556,55
2018-06-01,73.94444444,48
2018-06-10,58.05555556,11
2018-06-11,71.61111111,16
2018-06-12,66.61111111,33
2018-06-13,51.33333333,35
2018-06-14,58.88888889,15
2018-06-15,58.22222222,23
2018-06-16,61.11111111,57
2018-06-17,64.05555556,52
2018-06-18,62.83333333,47
2018-06-19,71.66666667,52
2018-06-02,77.5,36
2018-06-20,78.11111111,46
2018-06-21,70.05555556,47
2018-06-22,61.66666667,44
2018-06-23,63,65
2018-06-24,64.38888889,64
2018-06-25,41.27777778,54
2018-06-26,63.61111111,31
2018-06-27,63.11111111,25
2018-06-28,63.11111111,44
2018-06-29,73.11111111,55
2018-06-03,82.05555556,48
2018-06-30,52.5,14
2018-06-04,95.94444444,51
2018-06-05,98.66666667,52
2018-06-06,88.33333333,54
2018-06-07,79.83333333,41
2018-06-08,54.11111111,46
2018-06-09,49.27777778,9
2018-07-01,48.27777778,9
2018-07-10,69.88888889,37
2018-07-11,69.61111111,29
2018-07-12,53.05555556,24
2018-07-13,62.5,22
2018-07-14,61.61111111,24
2018-07-15,60,29
2018-07-16,58.83333333,34
2018-07-17,72.77777778,40
2018-07-18,60.44444444,33
2018-07-19,57,40
2018-07-02,57.88888889,13
2018-07-20,62.66666667,43
2018-07-21,64,33
2018-07-22,50.5,37
2018-07-23,55.05555556,45
2018-07-24,67.33333333,37
2018-07-25,70.22222222,46
2018-07-26,65.72222222,53
2018-07-27,65.55555556,44
2018-07-28,63.38888889,19
2018-07-29,65.61111111,9
2018-07-03,82.88888889,25
2018-07-30,58.55555556,19
2018-07-31,67.33333333,36
2018-07-04,85.5,22
2018-07-05,58.44444444,7
2018-07-06,49.77777778,8
2018-07-07,42.61111111,12
2018-07-08,40.44444444,10
2018-07-09,43.77777778,24
2018-08-01,78.22222222,45
2018-08-10,74.61111111,10
2018-08-11,70.88888889,15
2018-08-12,52.44444444,36
2018-08-13,43.77777778,30
2018-08-14,44.83333333,32
2018-08-15,41.66666667,16
2018-08-16,51.16666667,13
2018-08-17,40.61111111,18
2018-08-18,26.66666667,26
2018-08-19,32.38888889,42
2018-08-02,64,51
2018-08-20,63.66666667,26
2018-08-21,71.11111111,28
2018-08-22,61.61111111,13
2018-08-23,83.44444444,8
2018-08-24,65.66666667,27
2018-08-25,61,20
2018-08-26,58.44444444,9
2018-08-27,60.38888889,11
2018-08-28,64.72222222,14
2018-08-29,50.72222222,31
2018-08-03,59.77777778,31
2018-08-30,45.22222222,28
2018-08-31,53.66666667,21
2018-08-04,60.44444444,29
2018-08-05,60.5,35
2018-08-06,64.11111111,21
2018-08-07,64,29
2018-08-08,66.44444444,29
2018-08-09,83.94444444,15
2018-09-01,67.44444444,14
2018-09-10,64.66666667,13
2018-09-11,71.5,17
2018-09-12,73.83333333,22
2018-09-13,64.77777778,21
2018-09-14,68,13
2018-09-15,51.11111111,42
2018-09-16,68.05555556,33
2018-09-17,72.27777778,41
2018-09-18,54.16666667,45
2018-09-19,62.05555556,17
2018-09-02,63,16
2018-09-20,91.27777778,8
2018-09-21,90.72222222,36
2018-09-22,80.77777778,34
2018-09-23,59.94444444,16
2018-09-24,60.16666667,15
2018-09-25,67.27777778,8
2018-09-26,89.88888889,9
2018-09-27,82.05555556,14
2018-09-28,92.66666667,16
2018-09-29,74.55555556,22
2018-09-03,61.83333333,18
2018-09-30,56.61111111,18
2018-09-04,81.33333333,31
2018-09-05,83.94444444,42
2018-09-06,52,30
2018-09-07,57.66666667,28
2018-09-08,65.94444444,25
2018-09-09,61.94444444,12
2019-01-01,130.1111111,37
2019-01-10,114.5,70
2019-01-11,148.5,81
2019-01-12,203.9444444,90
2019-01-13,214.9444444,118
2019-01-14,126.4444444,104
2019-01-15,72.77777778,50
2019-01-16,108.6666667,47
2019-01-17,126.8888889,54
2019-01-18,120.5555556,81
2019-01-19,76.22222222,65
2019-01-02,158.6111111,40
2019-01-20,94.94444444,47
2019-01-21,112.2777778,66
2019-01-22,112.7222222,69
2019-01-23,120.1111111,47
2019-01-24,83.94444444,50
2019-01-25,72.44444444,48
2019-01-26,93.27777778,41
2019-01-27,91.44444444,74
2019-01-28,106.1111111,67
2019-01-29,118.5555556,62
2019-01-03,156.2777778,60
2019-01-30,58.33333333,69
2019-01-31,87.27777778,43
2019-01-04,79.61111111,61
2019-01-05,90,52
2019-01-06,142.5,56
2019-01-07,102.9444444,46
2019-01-08,68.66666667,53
2019-01-09,88.38888889,58
2019-10-01,66.72222222,25
2019-10-10,50.11111111,39
2019-10-11,61.77777778,29
2019-10-12,66,24
2019-10-13,40.55555556,39
2019-10-14,48.44444444,26
2019-10-15,70.5,34
2019-10-16,79.38888889,33
2019-10-17,97.55555556,19
2019-10-18,103.2777778,22
2019-10-19,95.61111111,41
2019-10-02,75.27777778,9
2019-10-20,108.5,45
2019-10-21,110.7777778,40
2019-10-22,98.83333333,23
2019-10-23,100.6111111,29
2019-10-24,49.83333333,25
2019-10-25,58.22222222,24
2019-10-26,82,26
2019-10-27,178.3333333,34
2019-10-28,130.7777778,78
2019-10-29,170.9444444,28
2019-10-03,66.77777778,30
2019-10-30,147.8333333,69
2019-10-31,110.6666667,82
2019-10-04,31.77777778,43
2019-10-05,44,12
2019-10-06,53.44444444,11
2019-10-07,67.33333333,25
2019-10-08,74.88888889,26
2019-10-09,46.16666667,33
2019-11-01,96.44444444,64
2019-11-10,91.83333333,21
2019-11-11,101.2222222,32
2019-11-12,95.27777778,30
2019-11-13,86.61111111,19
2019-11-14,93.16666667,25
2019-11-15,102.8888889,36
2019-11-16,87.83333333,28
2019-11-17,127.6666667,61
2019-11-18,114.5,33
2019-11-19,106.1666667,24
2019-11-02,73.11111111,49
2019-11-20,77.44444444,41
2019-11-21,67.72222222,50
2019-11-22,80.16666667,36
2019-11-23,63.83333333,32
2019-11-24,43.61111111,29
2019-11-25,72.61111111,27
2019-11-26,64.38888889,41
2019-11-27,49,41
2019-11-28,71.55555556,45
2019-11-29,78.55555556,47
2019-11-03,60.22222222,13
2019-11-30,65.22222222,43
2019-11-04,84,35
2019-11-05,93.05555556,50
2019-11-06,85.05555556,50
2019-11-07,79.88888889,45
2019-11-08,120.2777778,39
2019-11-09,92.16666667,32
2019-12-01,60.88888889,25
2019-12-10,98.5,68
2019-12-11,67.72222222,20
2019-12-12,88.66666667,27
2019-12-13,68.72222222,41
2019-12-14,65.05555556,39
2019-12-15,59.44444444,43
2019-12-16,63.44444444,31
2019-12-17,49.5,42
2019-12-18,77.66666667,29
2019-12-19,83.22222222,32
2019-12-02,80.16666667,32
2019-12-20,108.4444444,38
2019-12-21,112.8333333,60
2019-12-22,104.3888889,54
2019-12-23,78.66666667,67
2019-12-24,86.44444444,54
2019-12-25,70,50
2019-12-26,81.22222222,39
2019-12-27,85.61111111,48
2019-12-28,83.61111111,49
2019-12-29,83.61111111,49
2019-12-03,91.83333333,33
2019-12-31,71.22222222,38
2019-12-04,70.22222222,25
2019-12-05,64.05555556,34
2019-12-06,106,49
2019-12-07,131.8333333,56
2019-12-08,171.2777778,63
2019-12-09,159.6111111,84
2019-02-01,92.16666667,57
2019-02-10,81.33333333,44
2019-02-11,94.33333333,59
2019-02-12,78.38888889,42
2019-02-13,56.33333333,55
2019-02-14,70.22222222,42
2019-02-15,57.66666667,59
2019-02-16,62.55555556,40
2019-02-17,72.44444444,46
2019-02-18,96.94444444,47
2019-02-19,135.2777778,55
2019-02-02,120.3333333,39
2019-02-20,125.4444444,72
2019-02-21,128.3333333,70
2019-02-22,130.5,57
2019-02-23,135.1666667,64
2019-02-24,131.5555556,76
2019-02-25,102.6111111,58
2019-02-26,99.44444444,68
2019-02-27,118.4444444,76
2019-02-28,137,93
2019-02-03,139,67
2019-02-04,163.2222222,73
2019-02-05,130.2777778,80
2019-02-06,55.66666667,59
2019-02-07,47.66666667,35
2019-02-08,56.33333333,40
2019-02-09,46.05555556,46
2019-03-01,140.3333333,91
2019-03-10,84.61111111,69
2019-03-11,70.61111111,74
2019-03-12,70.66666667,46
2019-03-13,83.55555556,47
2019-03-14,76.55555556,54
2019-03-15,79.66666667,46
2019-03-16,91.66666667,44
2019-03-17,90,46
2019-03-18,81.72222222,63
2019-03-19,65.22222222,83
2019-03-02,116.8888889,86
2019-03-20,68.38888889,37
2019-03-21,56.66666667,41
2019-03-22,58.66666667,27
2019-03-23,84.38888889,31
2019-03-24,90.83333333,50
2019-03-25,103.2777778,63
2019-03-26,103.4444444,80
2019-03-27,77.27777778,75
2019-03-28,72.11111111,45
2019-03-29,80.22222222,41
2019-03-03,109.7777778,122
2019-03-30,67.94444444,44
2019-03-31,77.38888889,30
2019-03-04,115.4444444,136
2019-03-05,108.7222222,106
2019-03-06,71,55
2019-03-07,83.11111111,53
2019-03-08,73.83333333,48
2019-03-09,101.8333333,51
2019-04-01,72.27777778,35
2019-04-10,80.83333333,30
2019-04-11,93.77777778,57
2019-04-12,86.22222222,53
2019-04-13,73.44444444,43
2019-04-14,82.83333333,57
2019-04-15,78.27777778,51
2019-04-16,92.83333333,45
2019-04-17,126.4444444,45
2019-04-18,78.55555556,47
2019-04-19,76.61111111,49
2019-04-02,74.38888889,44
2019-04-20,77.22222222,37
2019-04-21,67.22222222,85
2019-04-22,47.72222222,87
2019-04-23,83.94444444,62
2019-04-24,52.55555556,42
2019-04-25,50.88888889,10
2019-04-26,61.61111111,20
2019-04-27,46.11111111,21
2019-04-28,62.5,22
2019-04-29,101.7777778,41
2019-04-03,94.27777778,39
2019-04-30,80.5,59
2019-04-04,176.7222222,72
2019-04-05,120.5555556,63
2019-04-06,99.66666667,43
2019-04-07,88.33333333,44
2019-04-08,36.33333333,29
2019-04-09,53.55555556,8
2019-05-01,85.38888889,55
2019-05-10,69.66666667,69
2019-05-11,89.66666667,61
2019-05-12,149.4444444,63
2019-05-13,110.4444444,46
2019-05-14,79.5,70
2019-05-15,63.55555556,69
2019-05-16,49.33333333,62
2019-05-17,42.61111111,34
2019-05-18,79.27777778,16
2019-05-19,75.72222222,41
2019-05-02,83.66666667,56
2019-05-20,73.33333333,60
2019-05-21,81.27777778,63
2019-05-22,85.55555556,74
2019-05-23,84,79
2019-05-24,75.72222222,76
2019-05-25,57.83333333,46
2019-05-26,48.83333333,26
2019-05-27,56.88888889,26
2019-05-28,61.77777778,56
2019-05-29,59.27777778,53
2019-05-03,76.61111111,74
2019-05-30,65.33333333,24
2019-05-31,75.05555556,39
2019-05-04,105,70
2019-05-05,74.61111111,39
2019-05-06,77.11111111,55
2019-05-07,80.72222222,57
2019-05-08,81.77777778,53
2019-05-09,84,66
2019-06-01,71.83333333,41
2019-06-10,60.94444444,17
2019-06-11,65.38888889,35
2019-06-12,61.61111111,34
2019-06-13,61.66666667,35
2019-06-14,69.11111111,39
2019-06-15,61.22222222,16
2019-06-16,67.66666667,25
2019-06-17,67.55555556,35
2019-06-18,57.94444444,36
2019-06-19,59.33333333,29
2019-06-02,75.11111111,45
2019-06-20,64.72222222,30
2019-06-21,60.44444444,10
2019-06-22,65.33333333,11
2019-06-23,60.5,21
2019-06-24,57.11111111,31
2019-06-25,51.66666667,30
2019-06-26,59.77777778,19
2019-06-27,58.11111111,37
2019-06-28,59.61111111,23
2019-06-29,60.05555556,29
2019-06-03,77.27777778,30
2019-06-30,52.16666667,34
2019-06-04,68.33333333,51
2019-06-05,42.72222222,56
2019-06-06,51.22222222,19
2019-06-07,57.27777778,30
2019-06-08,56.5,42
2019-06-09,52.5,14
2019-07-01,64.11111111,33
2019-07-10,58.5,7
2019-07-11,68.11111111,18
2019-07-12,67.55555556,37
2019-07-13,64.61111111,42
2019-07-14,65.27777778,35
2019-07-15,69.83333333,36
2019-07-16,60.33333333,65
2019-07-17,48.66666667,67
2019-07-18,41.16666667,37
2019-07-19,51.88888889,8
2019-07-02,58.5,38
2019-07-20,62.94444444,17
2019-07-21,67.22222222,48
2019-07-22,47,27
2019-07-23,55.27777778,25
2019-07-24,59.5,27
2019-07-25,60.61111111,19
2019-07-26,51.66666667,20
2019-07-27,38.33333333,13
2019-07-28,43.38888889,15
2019-07-29,37.72222222,21
2019-07-03,73.66666667,32
2019-07-30,43.77777778,18
2019-07-31,44.11111111,14
2019-07-04,70.83333333,31
2019-07-05,45.22222222,22
2019-07-06,40.55555556,15
2019-07-07,51.83333333,8
2019-07-08,58.22222222,8
2019-07-09,51.44444444,6
2019-08-01,32.11111111,20
2019-08-10,13.61111111,17
2019-08-11,14.22222222,14
2019-08-12,24.55555556,25
2019-08-13,35.61111111,17
2019-08-14,44.44444444,8
2019-08-15,47.33333333,19
2019-08-16,46.16666667,33
2019-08-17,56.05555556,22
2019-08-18,56.16666667,22
2019-08-19,52.61111111,29
2019-08-02,43.11111111,22
2019-08-20,53.77777778,33
2019-08-21,65.05555556,43
2019-08-22,63,34
2019-08-23,65.66666667,23
2019-08-24,57.05555556,17
2019-08-25,54.83333333,22
2019-08-26,61.5,23
2019-08-27,69.88888889,26
2019-08-28,45.88888889,25
2019-08-29,49.55555556,16
2019-08-03,42.11111111,31
2019-08-30,50.27777778,18
2019-08-31,51.38888889,18
2019-08-04,32.94444444,39
2019-08-05,34.11111111,27
2019-08-06,34.22222222,21
2019-08-07,43.66666667,41
2019-08-08,44.61111111,23
2019-08-09,28.38888889,20
2019-09-01,55.44444444,25
2019-09-10,43.55555556,7
2019-09-11,44.44444444,8
2019-09-12,46.44444444,12
2019-09-13,43.94444444,16
2019-09-14,47.66666667,12
2019-09-15,52.66666667,9
2019-09-16,64.83333333,13
2019-09-17,64.5,25
2019-09-18,55.33333333,21
2019-09-19,71.66666667,22
2019-09-02,56.83333333,23
2019-09-20,72.22222222,16
2019-09-21,61.22222222,7
2019-09-22,62.16666667,16
2019-09-23,79.72222222,26
2019-09-24,76.05555556,37
2019-09-25,60.77777778,33
2019-09-26,64,23
2019-09-27,74.94444444,31
2019-09-28,78.77777778,42
2019-09-29,73.66666667,55
2019-09-03,53.11111111,9
2019-09-30,61.27777778,48
2019-09-04,64.72222222,7
2019-09-05,70.27777778,14
2019-09-06,69.16666667,14
2019-09-07,78.61111111,38
2019-09-08,77.83333333,40
2019-09-09,63.61111111,13
2020-01-01,104.5555556,60
2020-01-10,104.2777778,56
2020-01-11,78,48
2020-01-12,102.9444444,29
2020-01-13,83.33333333,33
2020-01-14,86.44444444,41
2020-01-15,103.7222222,45
2020-01-16,118.2777778,59
2020-01-17,129.2222222,61
2020-01-18,126.5555556,59
2020-01-19,98.16666667,56
2020-01-02,145.9444444,64
2020-01-20,88.27777778,48
2020-01-21,96.44444444,51
2020-01-22,120.8888889,61
2020-01-23,97.33333333,65
2020-01-24,89.33333333,52
2020-01-25,85.88888889,30
2020-01-26,71.11111111,10
2020-01-27,75.38888889,12
2020-01-28,78.33333333,17
2020-01-29,68.61111111,20
2020-01-03,169.3888889,58
2020-01-30,66.61111111,29
2020-01-31,81.38888889,63
2020-01-04,139.4444444,56
2020-01-05,55.5,43
2020-01-06,40.33333333,10
2020-01-07,57.77777778,28
2020-01-08,79.16666667,52
2020-01-09,104.9444444,61
2020-02-01,67.16666667,65
2020-02-10,61.77777778,59
2020-02-11,54.88888889,51
2020-02-12,58.72222222,65
2020-02-13,41.83333333,75
2020-02-14,26.88888889,64
2020-02-15,30.94444444,26
2020-02-16,31.11111111,30
2020-02-17,47.33333333,26
2020-02-18,52.61111111,37
2020-02-19,65.27777778,61
2020-02-02,56.94444444,30
2020-02-20,84,62
2020-02-21,60.16666667,64
2020-02-22,72.94444444,27
2020-02-23,82.33333333,40
2020-02-24,60.61111111,22
2020-02-25,54.66666667,19
2020-02-26,42.33333333,15
2020-02-27,42.27777778,28
2020-02-28,52.44444444,27
2020-02-29,58.22222222,49
2020-02-03,58.55555556,27
2020-02-04,38.16666667,27
2020-02-05,42.77777778,44
2020-02-06,59.72222222,41
2020-02-07,76.27777778,44
2020-02-08,91.94444444,40
2020-02-09,78.94444444,52
2020-03-01,65.88888889,43
2020-03-10,82.11111111,38
2020-03-11,84.88888889,38
2020-03-12,52.72222222,35
2020-03-13,70.27777778,41
2020-03-14,68.22222222,45
2020-03-15,66.55555556,27
2020-03-16,85.94444444,49
2020-03-17,116.5,58
2020-03-18,87,58
2020-03-19,101.8333333,46
2020-03-02,56.5,40
2020-03-20,109.3333333,54
2020-03-21,68.94444444,39
2020-03-22,76.16666667,45
2020-03-23,73.33333333,58
2020-03-24,60.55555556,53
2020-03-25,56.27777778,54
2020-03-26,45.5,46
2020-03-27,51.27777778,37
2020-03-28,65.83333333,46
2020-03-29,72.88888889,56
2020-03-03,43.38888889,44
2020-03-30,70.5,53
2020-03-31,66.11111111,66
2020-03-04,58.16666667,39
2020-03-05,65.38888889,45
2020-03-06,80.77777778,59
2020-03-07,85.72222222,61
2020-03-08,63.33333333,61
2020-03-09,61.38888889,41
2020-04-01,62.38888889,42
2020-04-10,66.94444444,43
2020-04-11,78.44444444,33
2020-04-12,82.55555556,23
2020-04-13,79.05555556,52
2020-04-14,75.38888889,60
2020-04-15,76.55555556,53
2020-04-16,79.38888889,42
2020-04-17,71.22222222,31
2020-04-18,57.61111111,27
2020-04-19,54.22222222,17
2020-04-02,81,58
2020-04-20,NA,33
2020-04-21,55.27777778,71
2020-04-22,57.66666667,48
2020-04-23,81.44444444,46
2020-04-24,77.11111111,59
2020-04-25,60.94444444,33
2020-04-26,65.27777778,38
2020-04-27,74.27777778,41
2020-04-28,75.33333333,58
2020-04-29,74.27777778,58
2020-04-03,118.6666667,67
2020-04-04,77.72222222,47
2020-04-05,78.55555556,57
2020-04-06,83.33333333,60
2020-04-07,78.72222222,47
2020-04-08,50.22222222,51
2020-04-09,52.77777778,47
