date, pm25, pm10, o3, no2, so2, co
2020-05-01,93,54,43,12,2,4
2020-05-02,90,39,16,11,2,4
2020-05-03,67, , , , , 
2020-04-01,103,42,31,30,4,4
2020-04-02,84,58,41,33,5,6
2020-04-03,113,67,38,17,4,4
2020-04-04,92,47,43,14,3,4
2020-04-05,71,57,36,39,5,5
2020-04-06,81,60,43,31,5,4
2020-04-07,94,47,37,15,4,3
2020-04-08,68,51,39,20,4,4
2020-04-09,82,47,37,28,4,4
2020-04-10,87,43,33,26,4,4
2020-04-11,79,33,46,15,3,4
2020-04-12,72,23,40,14,2,3
2020-04-13,45,52,46,38,4,5
2020-04-14,93,60,60,38,4,5
2020-04-15,120,53,47,39,5,5
2020-04-16,86,42,27,28,3,4
2020-04-17,75,31,35,17,3,3
2020-04-18,53,27,33,21,3,4
2020-04-19,63,17,35,17,2,4
2020-04-20,35,33,36,13,3,2
2020-04-21,38,71,31,12,2,3
2020-04-22,43,48,30,13,4,3
2020-04-23,52,45,44,20,4,4
2020-04-24,51,58,61,16,4,4
2020-04-25,80,33,43,11,4,3
2020-04-26,54,37,40,20,4,4
2020-04-27,67,41,48,26,3,4
2020-04-28,74,53,52,25,4,5
2020-04-29,95,40,48,26,3,4
2020-04-30,69,55,44,11,2,4
2020-03-01,112,43,33,21,4,6
2020-03-02,96,40,6,43,4,7
2020-03-03,93,44,33,17,4,6
2020-03-04,100,39,28,21,4,5
2020-03-05,89,45,14,53,5,6
2020-03-06,93,59,19,55,5,8
2020-03-07,131,61,36,44,4,8
2020-03-08,143,61,30,53,4,7
2020-03-09,134,41,25,28,3,6
2020-03-10,99,38,25,18,3,3
2020-03-11,49,38,28,32,4,4
2020-03-12,58,35,28,16,4,4
2020-03-13,52,41,34,19,4,4
2020-03-14,73,45,35,15,3,4
2020-03-15,70,27,26,20,3,4
2020-03-16,51,49,22,36,4,5
2020-03-17,79,58,31,35,5,6
2020-03-18,114,58,49,19,4,4
2020-03-19,79,46,29,21,4,4
2020-03-20,38,54,40,26,4,4
2020-03-21,61,39,40,12,4,3
2020-03-22,61,45,34,31,4,5
2020-03-23,97,58,31,40,5,6
2020-03-24,116,53,41,46,5,6
2020-03-25,102,54,38,41,4,6
2020-03-26,106,46,26,18,3,4
2020-03-27,80,37,31,11,3,3
2020-03-28,30,46,34,21,4,4
2020-03-29,66,56,28,45,5,5
2020-03-30,100,53,30,49,5,6
2020-03-31,97,66,37,22,5,5
2020-02-01,139,65,22,35,5,11
2020-02-02,147,30,32,19,4,5
2020-02-03,64,27,21,30,4,6
2020-02-04,63,27,26,14,4,4
2020-02-05,47,44,18,35,5,7
2020-02-06,79,41,15,38,5,7
2020-02-07,86,44,28,18,5,6
2020-02-08,99,40,26,29,5,7
2020-02-09,86,52,20,50,5,9
2020-02-10,106,59,12,64,6,11
2020-02-11,116,51,7,61,6,11
2020-02-12,115,65,16,43,4,10
2020-02-13,152,75,14,53,5,11
2020-02-14,163,64,23,41,5,10
2020-02-15,146,26,25,16,3,7
2020-02-16,69,30,28,15,3,5
2020-02-17,70,26,25,24,4,5
2020-02-18,65,37,12,53,4,8
2020-02-19,89,61,10,57,4,10
2020-02-20,142,62,22,51,5,8
2020-02-21,134,64,33,20,4,7
2020-02-22,109,27,32,21,4,4
2020-02-23,48,40,18,50,5,7
2020-02-24,76,22,28,31,3,5
2020-02-25,48,19,23,28,3,5
2020-02-26,38,15,22,27,3,4
2020-02-27,29,28,8,45,3,7
2020-02-28,73,27,23,31,3,6
2020-02-29,71,49,22,34,4,8
2020-01-01,89,60,3,49,6,11
2020-01-02,133,64,13,47,6,11
2020-01-03,141,58,18,48,7,13
2020-01-04,127,56,9,54,7,13
2020-01-05,121,43,5,24,5,9
2020-01-06,99,10,9,20,4,7
2020-01-07,30,28,17,14,4,8
2020-01-08,67,52,22,23,5,8
2020-01-09,126,61,8,46,5,11
2020-01-10,144,56,21,43,6,11
2020-01-11,132,48,23,23,6,7
2020-01-12,115,29,21,25,4,4
2020-01-13,69,33,13,39,5,8
2020-01-14,80,41,15,37,6,8
2020-01-15,88,45,12,39,5,8
2020-01-16,96,59,7,56,6,10
2020-01-17,118,61,14,51,7,10
2020-01-18,124,59,24,46,6,11
2020-01-19,130,56,22,31,5,8
2020-01-20,98,48,18,48,8,8
2020-01-21,63,51,5,59,5,9
2020-01-22,72,61,23,49,7,10
2020-01-23,119,65,19,36,4,10
2020-01-24,152,52,11,43,4,10
2020-01-25,117,30,28,27,4,7
2020-01-26,68,10,33,11,3,3
2020-01-27,20,12,25,23,4,4
2020-01-28,24,17,16,32,4,6
2020-01-29,35,20,20,32,4,7
2020-01-30,43,29,18,31,4,6
2020-01-31,63,63,23,43,5,11
2019-10-01,104,25,8,24,4,5
2019-10-02,59,9,20,15,4,3
2019-10-03,19,30,26,28,6,7
2019-10-04,68,43,23,18,5,6
2019-10-05,82,12,30,12,3,3
2019-10-06,20,11,17,25,4,5
2019-10-07,26,25,27,23,4,5
2019-10-08,43,26,25,28,4,5
2019-10-09,40,33,11,43,5,6
2019-10-10,58,39,24,33,5,6
2019-10-11,62,29,22,16,4,4
2019-10-12,43,24,21,16,3,5
2019-10-13,43,39,22,19,4,7
2019-10-14,61,26,16,22,4,7
2019-10-15,39,34,21,24,4,7
2019-10-16,61,33,20,24,4,7
2019-10-17,66,19,21,23,4,6
2019-10-18,39,22,28,25,4,5
2019-10-19,45,41,32,31,4,7
2019-10-20,87,45,28,46,4,8
2019-10-21,90,40,25,44,5,7
2019-10-22,86,23,22,31,4,6
2019-10-23,54,29,32,23,4,5
2019-10-24,61,25,23,26,5,5
2019-10-25,51,24,25,17,4,5
2019-10-26,59,26,25,25,4,6
2019-10-27,64,34,25,35,5,6
2019-10-28,75,78,26,23,4,5
2019-10-29,73,28,17,34,5,6
2019-10-30,47,69,36,40,5,7
2019-10-31,94,82,25,40,5,8
2019-11-01,124,64,14,59,7,10
2019-11-02,128,49,28,32,5,7
2019-11-03,105,13,18,30,4,5
2019-11-04,29,35,24,43,6,7
2019-11-05,78,50,12,49,6,9
2019-11-06,106,50,25,32,5,6
2019-11-07,81,45,18,38,5,7
2019-11-08,58,39,8,58,7,9
2019-11-09,73,32,11,45,6,7
2019-11-10,77,21,16,37,5,6
2019-11-11,59,32,5,51,7,8
2019-11-12,74,30,5,44,6,8
2019-11-13,76,19,20, ,4,4
2019-11-14,27,25,5,42,4,7
2019-11-15,55,36,6,40,4,9
2019-11-16,80,28,11,39,5,7
2019-11-17,62,61,25,18,3,5
2019-11-18,46,33,23,18,4,4
2019-11-19,37,24,16,37,5,6
2019-11-20,48,41,6,50,6,8
2019-11-21,75,50,7,52,6,10
2019-11-22,84,36,8,55,5,9
2019-11-23,77,32,15,40,5,9
2019-11-24,77,29,14,21,4,6
2019-11-25,62,27,4,36,5,7
2019-11-26,66,41,15,24,5,7
2019-11-27,85,41,11,32,6,7
2019-11-28,81,45,13,39,6,6
2019-11-29,91,47,5,55,6,9
2019-11-30,103,43,8,43,4,8
2019-12-01,109,25,22,19,6,5
2019-12-02,54,32,11,44,5,6
2019-12-03,64,33,18,33,6,6
2019-12-04,68,25,25,14,6,5
2019-12-05,46,34,17,24,5,5
2019-12-06,63,49,5,44,6,9
2019-12-07,100,56,14,34,5,9
2019-12-08,133,63,9,39,6,9
2019-12-09,148,84,15,60,6,13
2019-12-10,162,68,23,34,5,8
2019-12-11,139,20,16,25,4,5
2019-12-12,59,27,5,48,6,8
2019-12-13,70,41,16,30,5,7
2019-12-14,95,39,10,48,4,10
2019-12-15,95,43,4,56,6,11
2019-12-16,88,31,11,40,5,8
2019-12-17,78,42,14,30,5,7
2019-12-18,95,29,16,32,5,6
2019-12-19,68,32,17,31,6,6
2019-12-20,76,38,3,49,5,8
2019-12-21,89,60,11,46,5,9
2019-12-22,144,54,14,40,4,10
2019-12-23,134,67,8,49,5,12
2019-12-24,155,54,5,52,4,11
2019-12-25,129,50,16,39,5,8
2019-12-26,115,39,23,29,5,7
2019-12-27,89,48,6,52,5,9
2019-12-28,96,49,8,43,4,8
2019-12-29,98, , , , , 
2019-07-01,81,33,50,22,8,4
2019-07-02,75,38,37,25,5,5
2019-07-03,88,32,43,29,5,4
2019-07-04,73,31,95,31,5,6
2019-07-05,68,22,65,16,5,5
2019-07-06,67,15,43,6,4,3
2019-07-07,51,8,37,10,5,3
2019-07-08,32,8,38,10,4,3
2019-07-09,36,6,33,10,4,3
2019-07-10,31,7,19,13,5,3
2019-07-11,12,18,28,19,5,4
2019-07-12,38,37,43,20,6,5
2019-07-13,83,42,62,21,4,6
2019-07-14,116,35,30,25,4,6
2019-07-15,98,36,35,26,5,6
2019-07-16,91,65,51,28,5,5
2019-07-17,152,67,104,32,7,6
2019-07-18,156,37,33,23,5,5
2019-07-19,84,8,15,13,4,3
2019-07-20,20,17,24,11,4,2
2019-07-21,33,48,37,21,5,4
2019-07-22,92,27,22,22,7,3
2019-07-23,52,25,88,22,5,3
2019-07-24,57,27,85,28,3,6
2019-07-25,68,19,23,23,4,4
2019-07-26,51,20,38,20,4,5
2019-07-27,52,13,20,13,4,3
2019-07-28,38,15,8,12,4,4
2019-07-29,37,21,16,13,5,4
2019-07-30,48,18,15,23,5,3
2019-07-31,41,14,19,17,4,3
2019-08-01,35,20,25,17,4,3
2019-08-02,47,22,47,22,4,4
2019-08-03,54,31,73,24,5,4
2019-08-04,73,39,48,24,5,4
2019-08-05,98,27,41,18,4,3
2019-08-06,72,21,12,32,4,4
2019-08-07,56,41,16,35,6,5
2019-08-08,94,23,27,25,5,3
2019-08-09,51,20,29,18,5,3
2019-08-10,48,17,24,10,4,3
2019-08-11,44,14,13,20,4,4
2019-08-12,54,25,38,25,5,4
2019-08-13,62,17,28,14,5,4
2019-08-14,45,8,10,10,4,3
2019-08-15,22,19,33,18,4,4
2019-08-16,38,33,44,19,5,5
2019-08-17,65,22,51,14,5,4
2019-08-18,54,22,48,22,4,5
2019-08-19,53,29,50,22,4,5
2019-08-20,71,33,36,23,5,4
2019-08-21,82,43,42,25,4,5
2019-08-22,101,34,38,29,6,6
2019-08-23,67,23,29,26,5,6
2019-08-24,43,17,45,19,5,5
2019-08-25,33,22,47,27,5,7
2019-08-26,52,23,50,23,5,4
2019-08-27,54,26,48,15,6,5
2019-08-28,55,25,41,14,6,5
2019-08-29,60,16,31,15,5,4
2019-08-30,34,18,36,15,5,4
2019-08-31,47,18,43,20,5,4
2019-09-01,54,25,38,30,6,7
2019-09-02,62,23,24,26,3,5
2019-09-03,52,9,23,22,4,4
2019-09-04,17,7,10,22,3,4
2019-09-05,17,14,14,21,4,4
2019-09-06,35,14,21,8,4,3
2019-09-07,22,38,31,13,4,5
2019-09-08,81,40,18,15,4,8
2019-09-09,88,13,19,13,5,5
2019-09-10,39,7,37,6,5,4
2019-09-11,21,8,23,7,5,3
2019-09-12,19,12,36,7,4,3
2019-09-13,25,16,21,21,5,4
2019-09-14,46,12,35,9,5,3
2019-09-15,36,9,31,15,5,3
2019-09-16,23,13,38,19,5,3
2019-09-17,35,25,36,18,5,3
2019-09-18,47,21,39,15,5,2
2019-09-19,38,22,17,23,5,4
2019-09-20,40,16,14,25,4,4
2019-09-21,31,7,38,12,4,3
2019-09-22,15,16,27,14,5,5
2019-09-23,28,26,31,30,5,5
2019-09-24,53,37,31,34,6,6
2019-09-25,70,33,21,36,4,6
2019-09-26,62,23,17,35,5,5
2019-09-27,45,31,30,32,5,5
2019-09-28,69,42,55,29,5,6
2019-09-29,92,55,44,44,5,7
2019-09-30,91,48,27,41,5,7
2019-04-01,57,35,34,33,6,5
2019-04-02,70,44,33,35,5,6
2019-04-03,83,39,37,34,5,5
2019-04-04,66,72,37,27,4,5
2019-04-05,94,63,23,48,5,7
2019-04-06,79,43,33,26,4,5
2019-04-07,73,44,36,26,5,5
2019-04-08,58,29,29,32,4,4
2019-04-09,48,8,37,21,4,4
2019-04-10,19,30,32,38,5,6
2019-04-11,66,57,37,43,6,6
2019-04-12,117,53,43,44,5,6
2019-04-13,116,43,40,25,5,5
2019-04-14,84,57,32,38,6,6
2019-04-15,71,51,32,48,5,7
2019-04-16,86,45,41,45,6,6
2019-04-17,82,45,25,33,5,5
2019-04-18,90,47,30,28,4,4
2019-04-19,83,49,38,28,4,5
2019-04-20,95,37,31,22,4,5
2019-04-21,87,85,41,45,6,7
2019-04-22,132,87,33,54,5,8
2019-04-23,148,62,34,33,5,6
2019-04-24,139,42,24,26,4,5
2019-04-25,74,10,26,19,4,4
2019-04-26,27,20,30,28,4,5
2019-04-27,47,21,41,20,5,4
2019-04-28,60,22,33,38,5,5
2019-04-29,71,41,40,42,5,6
2019-04-30,88,59,43,29,5,5
2019-05-01,106,55,36,27,5,4
2019-05-02,65,56,40,46,8,7
2019-05-03,107,74,62,50,6,8
2019-05-04,155,70,66,38,7,7
2019-05-05,139,39,41,11,4,3
2019-05-06,47,55,43,30,6,5
2019-05-07,73,57,55,31,7,6
2019-05-08,93,53,41,38,6,5
2019-05-09,94,66,52,48,7,7
2019-05-10,124,69,49,55,6,7
2019-05-11,131,61,80,40,7,6
2019-05-12,124,63,41,51,7,6
2019-05-13,132,46,54,33,6,4
2019-05-14,110,70,62,41,7,7
2019-05-15,153,69,58,39,6,6
2019-05-16,142,62,43,44,6,6
2019-05-17,130,34,36,20,5,4
2019-05-18,67,16,26,14,3,4
2019-05-19,45,41,32,16,5,4
2019-05-20,55,60,52,23,7,5
2019-05-21,84,63,53,27,8,6
2019-05-22,103,74,77,39,9,8
2019-05-23,141,79,105,51,7,8
2019-05-24,156,76,55,32,9,7
2019-05-25,137,46,67,27,6,5
2019-05-26,90,26,33,19,5,4
2019-05-27,62,26,35,19,5,3
2019-05-28,37,56,50,31,7,5
2019-05-29,92,53,54,34,6,6
2019-05-30,98,24,46,18,6,3
2019-05-31,55,39,49,20,5,5
2019-06-01,97,41,72,25,4,5
2019-06-02,90,45,53,34,6,6
2019-06-03,86,30,32,26,6,5
2019-06-04,76,51,38,31,5,5
2019-06-05,129,56,30,36,5,6
2019-06-06,129,19,50,13,4,4
2019-06-07,46,30,43,24,5,4
2019-06-08,70,42,51,19,5,5
2019-06-09,94,14,31,14,4,3
2019-06-10,37,17,36,17,4,3
2019-06-11,44,35,35,31,5,5
2019-06-12,72,34,45,42,5,5
2019-06-13,79,35,46,48,4,4
2019-06-14,81,39,40,17,4,4
2019-06-15,84,16,44,14,4,4
2019-06-16,48,25,40,23,6,4
2019-06-17,65,35,30,28,6,5
2019-06-18,89,36,39,19,4,5
2019-06-19,94,29,33, ,4,6
2019-06-20,70,30,36,22,4,4
2019-06-21,78,10,38,18,4,3
2019-06-22,22,11,40,11,4,3
2019-06-23,27,21,46,25,5,4
2019-06-24,50,31,56,28,5,5
2019-06-25,68,30,47,33,6,5
2019-06-26,63,19,37,22,5,4
2019-06-27,41,37,34,33,6,5
2019-06-28,81,23,31,22,4,4
2019-06-29,59,29,35,14,6,4
2019-06-30,74,34,47,20,5,4
2019-01-01,90,37,15,37,6,7
2019-01-02,82,40,8,45,5,8
2019-01-03,82,60,4,62,7,13
2019-01-04,135,61,19,31,5,7
2019-01-05,116,52,11,38,7,6
2019-01-06,86,56,11,50,8,10
2019-01-07,118,46,22,27,7,5
2019-01-08,76,53,13,36,8,5
2019-01-09,84,58,5,51,7,8
2019-01-10,112,70,5,57,8,12
2019-01-11,156,81,12,59,8,13
2019-01-12,166,90,19,50,7,15
2019-01-13,173,118,5,68,8,17
2019-01-14,204,104,18,33,7,11
2019-01-15,154,50,20,27,6,5
2019-01-16,72,47,16,41,7,7
2019-01-17,86,54,9,54,8,12
2019-01-18,113,81,12,63,8,13
2019-01-19,162,65,24,19,6,6
2019-01-20,105,47,14,42,7,7
2019-01-21,84,66,14,50,6,11
2019-01-22,116,69,23,43,7,11
2019-01-23,126,47,13,41,7,8
2019-01-24,82,50,23,31,6,6
2019-01-25,82,48,22,20,6,5
2019-01-26,78,41,18,36,6,7
2019-01-27,80,74,22,23,7,5
2019-01-28,86,67,10,47,7,7
2019-01-29,89,62,9,57,7,9
2019-01-30,114,69,16,13,6,6
2019-01-31,83,43,15,33,5,6
2019-02-01,71,57,7,52,6,8
2019-02-02,121,39,21,33,5,7
2019-02-03,107,67,25,21,5,5
2019-02-04,118,73,21,45,6,8
2019-02-05,100,80,20,45,7,9
2019-02-06,121,59,25,20,6,5
2019-02-07,103,35,23,28,5,6
2019-02-08,69,40,22,20,6,5
2019-02-09,70,46,20,28,6,6
2019-02-10,79,44,26,28,8,6
2019-02-11,88,59,23,35,8,8
2019-02-12,124,42,24,30,6,6
2019-02-13,82,55,14,50,8,7
2019-02-14,98,42,16,46,5,7
2019-02-15,103,59,28,23,6,9
2019-02-16,145,40,27,30,6,6
2019-02-17,92,46,6,61,6,9
2019-02-18,97,47,11,49,5,8
2019-02-19,117,55,24,37,5,8
2019-02-20,136,72,16,52,6,11
2019-02-21,162,70,18,63,7,12
2019-02-22,157,57,27,59,7,10
2019-02-23,127,64,29,56,7,11
2019-02-24,142,76,29,44,6,9
2019-02-25,152,58,19,46,7,8
2019-02-26,98,68,22,60,9,9
2019-02-27,141,76,36,55,8,9
2019-02-28,157,93,46,58,8,11
2019-03-01,177,91,42,66,8,12
2019-03-02,177,86,41,57,7,9
2019-03-03,169,122,34,58,9,10
2019-03-04,201,136,32,43,8,10
2019-03-05,210,106,41,45,8,9
2019-03-06,187,55,34,31,5,6
2019-03-07,121,53,25,44,6,6
2019-03-08,97,48,15,64,7,8
2019-03-09,107,51,32,41,6,6
2019-03-10,120,69,21,47,5,7
2019-03-11,139,74,26,30,5,7
2019-03-12,127,46,32,20,5,4
2019-03-13,48,47,27,38,5,6
2019-03-14,82,54,28,36,5,5
2019-03-15,115,46,26,30,4,5
2019-03-16,106,44,34,27,5,5
2019-03-17,90,46,16,53,6,7
2019-03-18,90,63,22,63,7,9
2019-03-19,128,83,17,63,5,9
2019-03-20,169,37,33,25,3,5
2019-03-21,96,41,33,16,4,4
2019-03-22,75,27,30,25,4,5
2019-03-23,64,31,34,21,5,4
2019-03-24,59,50,33,37,6,6
2019-03-25,104,63,34,34,5,6
2019-03-26,119,80,52, ,7,7
2019-03-27,156,75,31,34,6,7
2019-03-28,138,45,38,28,6,5
2019-03-29,78,41,34,22,5,5
2019-03-30,91,44,31,14,4,4
2019-03-31,91,30,33,22,5,4
2018-10-01,37,28,28,24,4,6
2018-10-02,63,29,30,33,4,6
2018-10-03,71,23,33,25,4,5
2018-10-04,53,11,29,19,3,4
2018-10-05,25,7,33,15,4,3
2018-10-06,14,29,30,19,4,5
2018-10-07,50,24,24,28,4,5
2018-10-08,36,29,14,35,5,6
2018-10-09,57,22,21,15,4,4
2018-10-10,49,19,22,16,3,4
2018-10-11,36,26,16,28,4,5
2018-10-12,59,35,18,43,5,7
2018-10-13,88,40,35,33,4,6
2018-10-14,89,61,38,38,5,8
2018-10-15,127,53,24,38,6,8
2018-10-16,101,40,23,39,6,7
2018-10-17,74,16,20,26,4,5
2018-10-18,36,20,22,29,3,5
2018-10-19,42,43,19,45,6,8
2018-10-20,82,41,35,42,5,8
2018-10-21,88,53,22,58,7,9
2018-10-22,111,52,18,53,6,9
2018-10-23,108,48,20,40,5,7
2018-10-24,78,43,16,50,6,8
2018-10-25,81,40,14,44,5,7
2018-10-26,79,30,21,15,4,3
2018-10-27,26,15,15,27,4,5
2018-10-28,34,18,19,23,4,5
2018-10-29,36,23,17,21,5,5
2018-10-30,52,23,20,25,5,5
2018-10-31,55,38,15,41,6,9
2018-11-01,82,48,11,58,6,11
2018-11-02,100,59,13,62,7,11
2018-11-03,127,48,25,46,6,10
2018-11-04,114,63,12,56,6,11
2018-11-05,137,88,5,73,7,13
2018-11-06,170,64,9,43,5,9
2018-11-07,138,9,16,27,4,5
2018-11-08,26,40,28,24,6,7
2018-11-09,85,71,27,38,7,9
2018-11-10,154,66,12,39,6,10
2018-11-11,141,33,14,37,6,7
2018-11-12,67,45,14,43,6,9
2018-11-13,96,38,14,44,6,8
2018-11-14,91,54,8,57,6,10
2018-11-15,122,60,18,47,7,11
2018-11-16,144,36,10,33,6,7
2018-11-17,80,41,15,37,7,9
2018-11-18,91,60,14,45,7,11
2018-11-19,121,50,14,42,7,8
2018-11-20,80,38,16,40,6,6
2018-11-21,71,24,20,23,6,4
2018-11-22,43,24,16,35,6,6
2018-11-23,51,24,10,36,5,6
2018-11-24,69,47,8,40,5,10
2018-11-25,128,62,8,47,7,12
2018-11-26,140,97,8,48,7,11
2018-11-27,158,100,15,33,6,5
2018-11-28,90,71,4,46,7,8
2018-11-29,85,60,9,45,6,8
2018-11-30,88,51,7,55,7,10
2018-12-01,92,54,8,44,6,9
2018-12-02,96,47,8,43,6,9
2018-12-03,92,37,16,26,4,7
2018-12-04,76,32,18,27,6,5
2018-12-05,53,41,14,30,6,6
2018-12-06,74,26,24,13,4,3
2018-12-07,40,26,20,14,5,4
2018-12-08,40,24,21,21,6,5
2018-12-09,45,36,6,46,6,8
2018-12-10,74,44,4,50,7,9
2018-12-11,92,48,17,30,7,7
2018-12-12,94,42,19,33,7,6
2018-12-13,91,35,12,32,6,6
2018-12-14,73,58,4,55,7,11
2018-12-15,132,56,3,57,7,11
2018-12-16,143,67,13,41,8,10
2018-12-17,145,52,10,50,7,9
2018-12-18,100,56,12,50,8,10
2018-12-19,114,62,5,61,8,11
2018-12-20,129,72,3,69,10,13
2018-12-21,148,78,11,63,9,14
2018-12-22,163,54,24,25,6,7
2018-12-23,98,25,18,18,6,5
2018-12-24,52,39,4, ,7,8
2018-12-25,86,52,17, ,7,7
2018-12-26,94,30,21,18,5,4
2018-12-27,35,40,17,22,6,5
2018-12-28,56,43,21,18,5,4
2018-12-29,40,36,16,29,6,6
2018-12-30,69, , , , , 
2018-07-01,33,9,27,27,5,4
2018-07-02,26,13,19,20,5,4
2018-07-03,32,25,30,24,5,5
2018-07-04,54,22,19,20,4,5
2018-07-05,62,7,20,11,5,4
2018-07-06,13,8,26,12,4,3
2018-07-07,17,12,31,12,5,3
2018-07-08,26,10,15,17,5,4
2018-07-09,20,24,5,27,5,6
2018-07-10,46,37,11,23,6,6
2018-07-11,76,29,8,19,6,5
2018-07-12,65,24,18,20,7,4
2018-07-13,58,22,23,18,7,4
2018-07-14,56,24,38,15,6,3
2018-07-15,64,29,32,23,7,4
2018-07-16,73,34,23,22,7,4
2018-07-17,86,40,32,23,6,4
2018-07-18,97,33,35,20,5,4
2018-07-19,86,40,62,31,6,5
2018-07-20,92,43,79,32,7,5
2018-07-21,99,33,63,22,5,4
2018-07-22,82,37,52,23,7,4
2018-07-23,82,45,97,28,6,5
2018-07-24,104,37,31,21,7,4
2018-07-25,84,46,38,25,6,5
2018-07-26,98,53,55,24,5,5
2018-07-27,113,44,34,30,5,6
2018-07-28,94,19,30,13,6,3
2018-07-29,51,9,29,14,4,3
2018-07-30,22,19,56,18,4,4
2018-07-31,44,36,81,25,4,5
2018-08-01,79,45,97,26,6,5
2018-08-02,100,51,82,25,6,6
2018-08-03,118,31,37,16,6,4
2018-08-04,75,29,28,9,4,3
2018-08-05,72,35,33,19,4,4
2018-08-06,82,21,46,18,4,4
2018-08-07,48,29,28,15,5,3
2018-08-08,70,29,22,18,5,4
2018-08-09,73,15,32,17,4,4
2018-08-10,38,10,38,16,4,4
2018-08-11,22,15,44,13,4,4
2018-08-12,41,36,35,19,5,4
2018-08-13,86,30,42,21,5,4
2018-08-14,73,32,52,19,4,4
2018-08-15,72,16,28,12,4,3
2018-08-16,34,13,29,13,4,3
2018-08-17,22,18,43,14,5,3
2018-08-18,30,26,66,17,4,4
2018-08-19,57,42,46,24,5,5
2018-08-20,89,26,28,19,5,4
2018-08-21,56,28,39,22,4,4
2018-08-22,65,13,14,11,4,2
2018-08-23,26,8,17,13,4,3
2018-08-24,18,27,36,16,5,5
2018-08-25,57,20,30,17,4,4
2018-08-26,47,9,22,19,4,4
2018-08-27,23,11,5,20,4,5
2018-08-28,23,14,7,15,5,4
2018-08-29,29,31,30,21,5,5
2018-08-30,70,28,37,22,5,5
2018-08-31,67,21,30,18,4,5
2018-09-01,45,14,38,12,4,3
2018-09-02,28,16,17,22,4,5
2018-09-03,36,18,30,16,5,4
2018-09-04,36,31,39,18,5,5
2018-09-05,47,42,48,24,6,6
2018-09-06,83,30,43,16,4,5
2018-09-07,58,28,35,20,4,5
2018-09-08,47,25,39,17,4,4
2018-09-09,49,12,33,12,4,3
2018-09-10,21,13,27,14,4,3
2018-09-11,23,17,34,19,4,4
2018-09-12,32,22,23,25,4,4
2018-09-13,43,21,19,21,4,4
2018-09-14,45,13,20,22,4,4
2018-09-15,28,42,33,18,4,6
2018-09-16,101,33,33,20,4,5
2018-09-17,72,41,31,32,5,7
2018-09-18,76,45,24,36,5,7
2018-09-19,85,17,31,18,4,4
2018-09-20,44,8,25,22,5,4
2018-09-21,19,36,36,29,5,6
2018-09-22,54,34,40,14,5,5
2018-09-23,53,16,29,11,5,4
2018-09-24,24,15,30,12,4,4
2018-09-25,29,8,31,10,4,3
2018-09-26,19,9,28,15,4,3
2018-09-27,19,14,21,23,4,4
2018-09-28,27,16,27,24,4,4
2018-09-29,36,22,36,19,4,4
2018-09-30,44,18,27,14,4,4
2018-04-01,128,72,30,29,8,6
2018-04-02,103,69,21,30,8,6
2018-04-03,84,15,28,20,4,5
2018-04-04,28,7,23,22,4,5
2018-04-05,18,91,26,20,4,6
2018-04-06,87,54,31,15,4,5
2018-04-07,87,30,29,22,4,5
2018-04-08,61,46,18,44,5,7
2018-04-09,103,54,34,33,5,6
2018-04-10,79,65,36,27,6,6
2018-04-11,94,52,33,36,7,5
2018-04-12,64,39,30,35,5,6
2018-04-13,59,23,30,19,4,5
2018-04-14,51,69,31,19,4,5
2018-04-15,88,44,28,31,5,6
2018-04-16,89,63,37,43,6,7
2018-04-17,111,71,37,46,7,7
2018-04-18,122,78,47,53,9,8
2018-04-19,140,91,52,65,10,10
2018-04-20,160,70,38,59,8,9
2018-04-21,120,39,37,32,4,6
2018-04-22,82,10,41,17,4,4
2018-04-23,32,9,33,18,4,5
2018-04-24,22,39,33,39,5,6
2018-04-25,97,51,43,44,6,7
2018-04-26,115,61,40,42,8,7
2018-04-27,135,63,39,39,6,7
2018-04-28,123,61,70,33,7,7
2018-04-29,119,80,48,34,8,8
2018-04-30,168,65,37,25,4,7
2018-05-01,157,49,25,30,4,6
2018-05-02,126,32,33,19,4,4
2018-05-03,54,53,41,25,5,5
2018-05-04,78,49,65,22,6,5
2018-05-05,85,15,42,15,4,4
2018-05-06,42,40,33,31,4,6
2018-05-07,81,22,39,16,4,4
2018-05-08,33,25,36,19,4,4
2018-05-09,37,55,42,31,6,5
2018-05-10,102,66,41,32,5,6
2018-05-11,143,34,19,45,4,7
2018-05-12,81,26,31,22,4,5
2018-05-13,69,76,52,38,5,8
2018-05-14,160,78,44,46,5,10
2018-05-15,158,35,7,31,4,6
2018-05-16,92,15,12,31,5,6
2018-05-17,43,11,12,20,4,4
2018-05-18,25,11,31,14,5,3
2018-05-19,21,11,32,15,5,3
2018-05-20,21,21,34,24,4,4
2018-05-21,44,43,29,31,4,6
2018-05-22,98,46,37,17,4,4
2018-05-23,54,89,53,32,7,7
2018-05-24,103,89,47,37,7,7
2018-05-25,132,80,87,43,6,7
2018-05-26,145,68,49,30,7,6
2018-05-27,113,57,49,34,6,6
2018-05-28,102,49,35,29,6,5
2018-05-29,107,52,34,26,4,5
2018-05-30,100,51,39,26,5,5
2018-05-31,99,48,52,39,5,7
2018-06-01,91,48,43,39,7,6
2018-06-02,95,36,57,31,5,5
2018-06-03,85,48,39,39,7,6
2018-06-04,103,51,56,26,7,5
2018-06-05,115,52,47,27,7,5
2018-06-06,125,54,33,33,5,5
2018-06-07,122,41,35,21,4,4
2018-06-08,95,46,46,21,4,5
2018-06-09,97,9,33,10,5,4
2018-06-10,22,11,22,18,5,4
2018-06-11,23,16,29,19,4,4
2018-06-12,38,33,41,27,5,5
2018-06-13,82,35,27,24,4,5
2018-06-14,90,15,32,15,4,4
2018-06-15,32,23,46,18,5,5
2018-06-16,51,57,53,26,5,5
2018-06-17,127,52,50,34,5,6
2018-06-18,118,47,40,37,9,5
2018-06-19,108,52,40,20,5,4
2018-06-20,116,46,43,20,4,5
2018-06-21,101,47,45,33,5,6
2018-06-22,103,44,50,30,8,6
2018-06-23,93,65,84,19,7,6
2018-06-24,139,64,80,39,6,7
2018-06-25,127,54,37,33,6,7
2018-06-26,129,31,41,24,5,6
2018-06-27,79,25,22,30,4,6
2018-06-28,69,44,54,30,5,6
2018-06-29,101,55,30,37,5,8
2018-06-30,129,14,17,20,4,4
2018-01-01,82,42,13,38,9,8
2018-01-02,72,40,16,26,9,6
2018-01-03,74,49,13,38,9,8
2018-01-04,85,62,9,49,9,9
2018-01-05,114,51,14,38,9,8
2018-01-06,106,58,5,51,9,11
2018-01-07,129,59,9,54,10,11
2018-01-08,131,45,23,23,8,5
2018-01-09,79,34,20,18,7,5
2018-01-10,56,37,17,19,8,5
2018-01-11,84,26,19,30,8,6
2018-01-12,60,51,3,51,8,11
2018-01-13,120,66,11,43,9,10
2018-01-14,145,67,15,54,11,10
2018-01-15,127,93,4,74,12,16
2018-01-16,171,95,7,63,11,13
2018-01-17,177,80,13,45,10,10
2018-01-18,143,63,18,41,9,8
2018-01-19,89,88,18,52,12,11
2018-01-20,132,62,12,43,8,9
2018-01-21,102,52,8,46,8,9
2018-01-22,88,28,24,16,7,4
2018-01-23,46,33,25,15,8,4
2018-01-24,38,27,21,18,7,5
2018-01-25,49,36,23,21,9,6
2018-01-26,68,49,9,42,8,8
2018-01-27,86,36,23,24,8,6
2018-01-28,70,52,21,23,9,6
2018-01-29,60,47,12,43,9,8
2018-01-30,73,46,10,41,8,7
2018-01-31,71,45,18,44,9,8
2018-02-01,79,58,9,55,9,11
2018-02-02,104,40,21,18,8,5
2018-02-03,68,36,23,16,7,5
2018-02-04,72,29,21,20,7,5
2018-02-05,61,35,24,19,7,5
2018-02-06,69,44,15,39,8,7
2018-02-07,88,56,6,59,9,11
2018-02-08,115,68,7,67,12,13
2018-02-09,147,71,23,16,10,7
2018-02-10,119,56,25,20,8,5
2018-02-11,62,55,24,23,8,5
2018-02-12,64,57,16,37,11,7
2018-02-13,72,68,22,34,11,7
2018-02-14,106,44,25,20,8,5
2018-02-15,65,51,25,33,8,7
2018-02-16,82,54,28,16,7,4
2018-02-17,49,42,19,30,9,6
2018-02-18,69,63,14,52,9,10
2018-02-19,124,65,23,39,8,9
2018-02-20,123,43,26,26,8,6
2018-02-21,75,50,22,40,9,7
2018-02-22,94,81,21,42,8,10
2018-02-23,149,74,22,32,7,8
2018-02-24,142,52,22,42,8,8
2018-02-25,103,64,11,66,11,10
2018-02-26,128,86,3,83,15,15
2018-02-27,164,62,11,46,9,9
2018-02-28,117,45,31,21,6,6
2018-03-01,101,70,31,41,8,7
2018-03-02,99,62,16,52,11,8
2018-03-03,95,32,11,40,7,7
2018-03-04,76,9,34,19,6,5
2018-03-05,22,33,20,36,6,6
2018-03-06,68,33,20,30,5,5
2018-03-07,67,32,26,24,5,6
2018-03-08,82,52,14,40,6,9
2018-03-09,115,51,24,42,8,8
2018-03-10,108,58,33,30,7,6
2018-03-11,120,84,26,60,9,10
2018-03-12,149,63,28,49,7,9
2018-03-13,122,28,25,30,8,5
2018-03-14,55,22,19,34,5,5
2018-03-15,64,15,31,17,4,5
2018-03-16,28,35,18,36,5,6
2018-03-17,70,63,15,51,7,8
2018-03-18,138,33,27,25,5,5
2018-03-19,81,21,35,13,4,4
2018-03-20,33,15,36,19,4,4
2018-03-21,28,46,27,36,6,6
2018-03-22,96,68,28,49,9,8
2018-03-23,152,97,33,54,11,11
2018-03-24,184,102,42,39,7,11
2018-03-25,195,96,33,57,8,11
2018-03-26,174,86,41,58,9,11
2018-03-27,167,61,33,35,8,8
2018-03-28,130,65,26,39,7,7
2018-03-29,151,68,33,40,5,7
2018-03-30,131,63,37,38,7,7
2018-03-31,111,74,28,28,7,6
2017-10-01,80,20,32,17,5,4
2017-10-02,42,42,23,14,6,4
2017-10-03,53,26,25,14,5,3
2017-10-04,38,16,23,16,4,4
2017-10-05,34,13,22,14,4,3
2017-10-06,27,10,23,21,5,4
2017-10-07,25,20,33,27,6,6
2017-10-08,53,29,29,30,9,6
2017-10-09,73,33,13,34,6,6
2017-10-10,78,13,19,16,5,4
2017-10-11,30,24,18,27,4,5
2017-10-12,51,31,17,27,5,5
2017-10-13,67,24,29,28,5,5
2017-10-14,50,24,29,26,5,5
2017-10-15,51,34,23,34,5,6
2017-10-16,66,43,22,40,6,6
2017-10-17,80,29,19,33,5,5
2017-10-18,65,19,23,30,4,5
2017-10-19,46,36,18,43,5,7
2017-10-20,70,44,24,41,6,7
2017-10-21,81,28,35,22,5,5
2017-10-22,54,26,27,26,4,4
2017-10-23,40,37,19,41,5,6
2017-10-24,66,46,24,45,6,8
2017-10-25,87,57,11,54,7,9
2017-10-26,98,66,21,54,7,10
2017-10-27,113,53,26,48,6,9
2017-10-28,93,70,25,27,5,7
2017-10-29,81,41,26,27,6,5
2017-10-30,55,38,16,45,7,7
2017-10-31,62,46,20,41,8,7
2017-11-01,78,55,23,42,8,7
2017-11-02,92,45,24,25,6,6
2017-11-03,92,58,24,25,5,6
2017-11-04,120,46,17,37,6,7
2017-11-05,96,39,15,47,7,8
2017-11-06,80,49,6,53,7,8
2017-11-07,88,67,31,28,6,6
2017-11-08,97,57,12,45,6,8
2017-11-09,85,53,18,39,7,8
2017-11-10,80,69,19,22,5,5
2017-11-11,53,34,11,36,6,7
2017-11-12,72,47,6,46,7,8
2017-11-13,87,52,20,26,7,6
2017-11-14,66,27,20,21,6,4
2017-11-15,48,26,17,29,7,6
2017-11-16,53,47,2,45,7,9
2017-11-17,84,43,19,15,6,5
2017-11-18,72,27,21,19,7,5
2017-11-19,47,42,16,36,8,7
2017-11-20,74,56,5,52,8,10
2017-11-21,98,59,2,57,8,11
2017-11-22,112,22,4,36,7,5
2017-11-23,35,22,14,26,6,6
2017-11-24,49,27,4,46,7,8
2017-11-25,65,40,17,35,7,8
2017-11-26,86,51,5,52,8,10
2017-11-27,99,72,3,68,11,13
2017-11-28,141,65,13,35,8,7
2017-11-29,83,26,21,21,7,5
2017-11-30,34,26,19,36,8,6
2017-12-01,51,45,7,49,9,9
2017-12-02,83,55,4,45,8,9
2017-12-03,107,46,20,25,7,7
2017-12-04,83,26,20,26,8,5
2017-12-05,48,35,6,40,8,7
2017-12-06,74,47,15,34,8,9
2017-12-07,97,36,17,26,8,6
2017-12-08,78,46,4,50,8,9
2017-12-09,85,42,17,34,7,8
2017-12-10,79,48,19,15,5,4
2017-12-11,38,39,14,21,7,5
2017-12-12,66,41,13,29,7,6
2017-12-13,70,58,4,46,9,10
2017-12-14,104,77,2,65,10,16
2017-12-15,148,46,17,21,9,7
2017-12-16,84,43,21,20,8,5
2017-12-17,52,58,4,48,8,10
2017-12-18,106,50,13,25,8,6
2017-12-19,69,45,4,44,8,8
2017-12-20,82,54,5,52,9,9
2017-12-21,119,61,3,58,11,12
2017-12-22,142,96,9,57,11,11
2017-12-23,169,68,16,39,8,10
2017-12-24,138,33,23,23,8,5
2017-12-25,65,31,18,26,8,5
2017-12-26,53,31,17,26,8,5
2017-12-27,58,46,5,48,9,8
2017-12-28,90,84,8,59,11,12
2017-12-29,160,104,4,62,8,14
2017-12-30,181,62,22,23,8,7
2017-12-31,110,52,15,36,10,7
2017-07-01,108,30,19,17,5,3
2017-07-02,74,26,26,19,5,4
2017-07-03,63,39,43,23,5,5
2017-07-04,91,45,69,26,5,5
2017-07-05,99,56,80,34,6,6
2017-07-06,117,26,13,27,4,4
2017-07-07,61,34,19,23,5,4
2017-07-08,86,31,22,22,4,5
2017-07-09,75, , , , , 
2017-07-29,36,30,46,21,7,5
2017-07-30,57,27,15,37,8,8
2017-07-31,52,32,10,25,7,7
2017-08-01,55,41,10,43,6,8
2017-08-02,82, , , , , 
2017-08-06,109,36,55,21,6,5
2017-08-07,85,47,54,24,6,6
2017-08-08,99,39,39,27,5,5
2017-08-09,86,10,28,20,4,4
2017-08-10,24, , , , , 
2017-08-27,56,31,15,40,6,7
2017-08-28,70,19,25,15,4,4
2017-08-29,33,18,17,17,5,3
2017-08-30,30, , , , , 
2017-09-23,104,67,55,36,6,8
2017-09-24,123,52,37, ,5,7
2017-09-25,93,52,37,40,6,7
2017-09-26,92,48,24,37,7,6
2017-09-27,87,26,35,19,6,4
2017-09-28,35,25,25,27,7,5
2017-09-29,38,40,28,36,8,7
2017-09-30,68,40,16,33,6,6
2017-04-01,62,45,43,31,6,6
2017-04-02,103,75,37,52,9,8
2017-04-03,153,73,47,61,9,8
2017-04-04,144,57,22,56,9,7
2017-04-05,98,25,24,31,5,5
2017-04-06,66,44,23,44,6,6
2017-04-07,90,64,24,47,6,8
2017-04-08,127,44,39,25,5,6
2017-04-09,98,29,35,29,4,4
2017-04-10,64,54,44,37,7,6
2017-04-11,87,67,39,19,5,4
2017-04-12,52,70,39,34,8,6
2017-04-13,87,61,42,30,8,6
2017-04-14,82,69,42,33,9,6
2017-04-15,110,64,40,42,9,7
2017-04-16,108,52,29,53,6,7
2017-04-17,96,42,25,36,5,6
2017-04-18,83,76,30,25,5,4
2017-04-19,64,82,31,40,7,5
2017-04-20,84,67,33,42,6,6
2017-04-21,81,65,45,41,6,7
2017-04-22,94,56,60,31,7,6
2017-04-23,90,46,49,36,7,5
2017-04-24,75,61,42,35,8,6
2017-04-25,105,51,38,22,5,5
2017-04-26,73,48,39,23,6,5
2017-04-27,59,66,37,33,11,7
2017-04-28,87,64,45,36,9,7
2017-04-29,95,84,71,24,12,8
2017-04-30,151,84,71,31,8,7
2017-05-01,137,92,49,50,8,9
2017-05-02,146,70,90,41,7,7
2017-05-03,110,66,40,45,8,7
2017-05-04,111,53,39,21,7,5
2017-05-05,91,146,41,16,6,3
2017-05-06,84,86,42,21,8,4
2017-05-07,69,129,52,36,11,7
2017-05-08,117,108,30,44,9,6
2017-05-09,107,45,33,23,5,5
2017-05-10,77,68,46,37,9,7
2017-05-11,103,72,37,40,10,8
2017-05-12,136,56,43,26,7,6
2017-05-13,94,62,39,16,6,4
2017-05-14,62,49,30,24,6,4
2017-05-15,51,40,31,33,8,5
2017-05-16,65,41,45,38,7,5
2017-05-17,71,50,60,38,9,6
2017-05-18,93,53,46,35,9,5
2017-05-19,94,42,43,36,9,5
2017-05-20,82,32,43,25,7,4
2017-05-21,72,47,40,31,8,5
2017-05-22,95,39,24,31,7,5
2017-05-23,83,30,34,26,5,4
2017-05-24,67,42,44,32,7,5
2017-05-25,60,26,36,17,5,3
2017-05-26,32,37,43,31,7,5
2017-05-27,63,45,62,27,8,5
2017-05-28,80,68,71,26,11,6
2017-05-29,121,55,47,35,11,5
2017-05-30,85,41,40,40,8,5
2017-05-31,77,40,36,17,4,3
2017-06-01,76,32,39,18,4,3
2017-06-02,43,32,36,16,5,4
2017-06-03,45,31,43,20,4,4
2017-06-04,49,27,56,28,5,4
2017-06-05,54,26,35,25,5,3
2017-06-06,46,16,28,23,4,5
2017-06-07,38,48,51,24,6,7
2017-06-08,95,61,52,26,8,8
2017-06-09,121,51,50,21,5,5
2017-06-10,87,31,41,25,4,4
2017-06-11,40,34,44,20,5,4
2017-06-12,50,41,38,23,5,4
2017-06-13,70,50,43,24,5,4
2017-06-14,82,57,50,27,7,5
2017-06-15,95,70,92,29,9,7
2017-06-16,125,56,87,28,9,6
2017-06-17,110,47,70,27,7,5
2017-06-18,94,58,46,36,7,6
2017-06-19,112,56,60,41,6,6
2017-06-20,96,63,44,27,7,5
2017-06-21,102,45,45,23,5,4
2017-06-22,84,53,61,39,6,5
2017-06-23,94,47,19,50,7,6
2017-06-24,88,39,50,28,4,6
2017-06-25,90,30,39,25,4,5
2017-06-26,74,33,42,26,5,5
2017-06-27,75,53,55,29,6,6
2017-06-28,114,52,59,31,7,6
2017-06-29,118,60,42,27,4,6
2017-06-30,129,50,43,25,5,6
2017-01-02,170,75,19,46,9,9
2017-01-03,142,57,12,55,9,11
2017-01-04,113,40,12,40,7,8
2017-01-05,75,21,16,38,7,6
2017-01-06,48,57,5,55,8,10
2017-01-07,118,34,14,37,6,7
2017-01-08,80,62,24,23,8,8
2017-01-09,132,35,21,23,6,5
2017-01-10,67,27,19,31,7,5
2017-01-11,52,33,20,32,7,6
2017-01-12,67,30,20,21,6,5
2017-01-13,57,49,22,14,6,4
2017-01-14,56,29,19,23,6,6
2017-01-15,59,50,7,44,7,9
2017-01-16,91,68,3,67,10,14
2017-01-17,137,85,5,55,11,13
2017-01-18,167,89,7,55,10,13
2017-01-19,167,61,20,34,8,7
2017-01-20,131,54,11,47,7,8
2017-01-21,115,73,26,15,9,6
2017-01-22,99,53,22,26,8,6
2017-01-23,121,40,17,37,7,7
2017-01-24,96,53,11,54,8,10
2017-01-25,118,65,10,59,9,11
2017-01-26,147,94,27,17,6,5
2017-01-27,75,36,13,35,6,6
2017-01-28,58,31,6,40,5,7
2017-01-29,70,50,24,17,7,5
2017-01-30,109,31,15,37,6,6
2017-01-31,72,40,22,34,8,6
2017-02-01,81,35,22,35,7,6
2017-02-02,67,69,21,50,9,9
2017-02-03,137,86,4,65,8,13
2017-02-04,169,67,18,40,7,10
2017-02-05,141,49,27,23,7,5
2017-02-06,104,45,10,46,7,8
2017-02-07,89,59,12,48,8,9
2017-02-08,107,55,22,19,7,5
2017-02-09,76,36,24,17,6,5
2017-02-10,73,33,23,21,6,5
2017-02-11,70,34,23,30,7,6
2017-02-12,72,48,8,56,9,9
2017-02-13,100,58,23,39,8,7
2017-02-14,113,63,11,71,12,11
2017-02-15,132,71,15,64,10,12
2017-02-16,142,49,26,20,6,4
2017-02-17,73,35,25,23,7,5
2017-02-18,72,50,19,39,7,7
2017-02-19,97,48,28,19,5,5
2017-02-20,86,49,23,51,8,7
2017-02-21,103,44,7,52,6,7
2017-02-22,99,40,29,19,7,5
2017-02-23,85,31,25,32,7,5
2017-02-24,72,51,23,44,9,8
2017-02-25,108,51,28,33,7,7
2017-02-26,109,43,20,48,7,7
2017-02-27,89,47,23,56,10,8
2017-02-28,93,63,27,54,9,8
2017-03-01,134,37,31,23,5,5
2017-03-02,87,46,23,42,8,7
2017-03-03,83,58,18,56,8,8
2017-03-04,115,68,32,44,6,8
2017-03-05,147,40,32,17,6,5
2017-03-06,94,37,31,18,6,4
2017-03-07,81,48,25,26,6,5
2017-03-08,80,53,28,31,7,5
2017-03-09,81,50,27,42,7,5
2017-03-10,95,61,25,64,10,9
2017-03-11,122,84,37,61,10,9
2017-03-12,166,66,33,27,6,6
2017-03-13,136,56,36,27,6,5
2017-03-14,106,45,24,40,6,5
2017-03-15,86,65,29,60,8,8
2017-03-16,138,73,31,60,8,9
2017-03-17,155,73,42,67,11,9
2017-03-18,150,72,39,52,8,8
2017-03-19,157,86,8,75,9,11
2017-03-20,167,89,35,38,10,7
2017-03-21,161,57,32,37,7,6
2017-03-22,107,71,36,50,9,8
2017-03-23,139,61,20,48,6,6
2017-03-24,117,68,30,49,8,7
2017-03-25,139,65,34,38,9,6
2017-03-26,138,72,35,33,7,10
2017-03-27,152,80,27,51,8,9
2017-03-28,161,61,39,36,6,7
2017-03-29,129,67,38,50,7,7
2017-03-30,134,55,18,45,5,7
2017-03-31,115,23,32,28,4,5
2016-10-01,92,35,12,32,5,6
2016-10-02,68,19,21,20,5,4
2016-10-03,38,36,22,30,5,6
2016-10-04,65,28,25,23,5,5
2016-10-05,47,44,32,26,6,6
2016-10-06,76,30,17,28,5,5
2016-10-07,56,23,28,20,5,5
2016-10-08,47,20,25,14,4,4
2016-10-09,38,30,23,31,6,5
2016-10-10,47,45,18,49,7,8
2016-10-11,84,59,27,30,6,7
2016-10-12,109,46,19,43,6,6
2016-10-13,78,70,17,58,7,10
2016-10-14,127,79,23,56,7,10
2016-10-15,151,60,13,41,6,8
2016-10-16,124,57,23,36,6,7
2016-10-17,113,60,16,45,6,9
2016-10-18,104,66,27,55,7,9
2016-10-19,119,67,29,49,6,8
2016-10-20,129,27,22,25,5,5
2016-10-21,53,35,21,28,6,5
2016-10-22,67,13,28,17,5,4
2016-10-23,27,19,20,28,5,4
2016-10-24,33,17,16,32,5,5
2016-10-25,41,46,8,38,5,10
2016-10-26,85,52,11,37,6,8
2016-10-27,89,43,24,30,5,6
2016-10-28,72,41,24,21,5,4
2016-10-29,68,28,18,31,5,4
2016-10-30,50,34,11,41,6,6
2016-10-31,67,25,23,21,5,4
2016-11-01,45,39,12,42,7,6
2016-11-02,65,46,16,51,8,8
2016-11-03,87,65,23,41,8,8
2016-11-04,118,74,36,35,8,8
2016-11-05,140,34,22,28,6,6
2016-11-06,70,38,17,30,6,6
2016-11-07,86,65,26,22,5,6
2016-11-08,148,46,18,33,5,6
2016-11-09,91,47,4,52,6,8
2016-11-10,92,50,19,41,6,8
2016-11-11,81,75,19,48,8,10
2016-11-12,107,64,16,44,7,9
2016-11-13,103,55,8,51,7,9
2016-11-14,99,62,23,25,6,5
2016-11-15,79,59,5,50,7,8
2016-11-16,92,68,7,58,8,11
2016-11-17,116,85,5,64,8,12
2016-11-18,156,62,10,49,7,9
2016-11-19,113,47,25,26,6,8
2016-11-20,88,64,8,47,7,9
2016-11-21,100,46,18,22,6,6
2016-11-22,74,42,17,25,8,5
2016-11-23,65,29,19,24,7,5
2016-11-24,56,39,11,47,8,8
2016-11-25,73,58,3,52,7,10
2016-11-26,117,71,4,46,7,10
2016-11-27,142,73,14,31,7,8
2016-11-28,129,41,8,46,8,9
2016-11-29,80,49,3,55,10,9
2016-11-30,94,50,21,26,8,6
2016-12-01,91,37,14,37,8,6
2016-12-02,66,55,6,57,8,10
2016-12-03,94,76,3,68,10,14
2016-12-04,145,80,17,43,9,10
2016-12-05,148,27,17,27,7,5
2016-12-06,50,51,4,53,9,9
2016-12-07,90,60,5,52,8,10
2016-12-08,108,37,16,31,6,7
2016-12-09,85,36,14,32,7,7
2016-12-10,81,36,12,41,7,8
2016-12-11,81,47,3,53,8,10
2016-12-12,95,63,9,51,9,12
2016-12-13,129,58,7,33,8,8
2016-12-14,107,38,17,23,7,6
2016-12-15,74,35,20,33,8,7
2016-12-16,70,63,4,57,10,11
2016-12-17,113,55,4,51,8,12
2016-12-18,122,40,6,45,7,8
2016-12-19,84,56,4,54,8,12
2016-12-20,107,45,5,45,7,9
2016-12-21,95,25,10,29,5,8
2016-12-22,58,58,17,21,6,7
2016-12-23,119,68,14,30,7,9
2016-12-24,149,59,6,37,6,10
2016-12-25,133,51,4,44,7,11
2016-12-26,110,45,17,21,7,7
2016-12-27,94,49,10,40,8,7
2016-12-28,92,40,14,30,7,6
2016-12-29,70,45,7,45,8,9
2016-12-30,88,62,3,55,9,13
2016-12-31,131,71,4,52,8,12
2017-01-01,156,94,23,44,9,12
2016-07-01,60,14,28,21,6,3
2016-07-02,35,43,39,17,6,4
2016-07-03,95,28,16,29,5,4
2016-07-04,64,13,17,19,6,4
2016-07-05,32,18,27,25,7,4
2016-07-06,40,40,32,41,9,6
2016-07-07,85,60,46,40,7,6
2016-07-08,115,45,34,29,6,5
2016-07-09,91,39,48,31,8,5
2016-07-10,83,55,50,43,8,6
2016-07-11,112,41,36,34,9,5
2016-07-12,97,31,17,27,7,3
2016-07-13,71,31,30,29,6,4
2016-07-14,71,20,24,26,6,4
2016-07-15,47,11,17,20,6,4
2016-07-16,26,15,18,16,7,4
2016-07-17,42,30,20,26,8,4
2016-07-18,71,40,48,33,7,5
2016-07-19,82,40,46,33,6,6
2016-07-20,86,35,39,28,6,5
2016-07-21,80,40,43,28,6,4
2016-07-22,87,48,31,26,7,4
2016-07-23,95,41,15,19,6,3
2016-07-24,88,49,23,25,7,4
2016-07-25,102,38,16,21,7,3
2016-07-26,89,38,15,21,7,4
2016-07-27,87,56,45,20,6,6
2016-07-28,121,47,20,33,6,7
2016-07-29,99,48,35,25,6,5
2016-07-30,104,43,21,17,6,4
2016-07-31,95,35,15,21,6,4
2016-08-01,86,29,14,25,5,4
2016-08-02,71,31,37,30,6,4
2016-08-03,73,34,36,27,7,5
2016-08-04,77,43,59,34,6,6
2016-08-05,92,62,78,33,6,6
2016-08-06,132,41,51,23,7,4
2016-08-07,99,47,40,23,6,5
2016-08-08,100,33,38,27,6,5
2016-08-09,77,59,39,29,7,6
2016-08-10,130,37,39,24,6,5
2016-08-11,82,50,43,24,6,5
2016-08-12,105,39,25,17,6,4
2016-08-13,94,41,17,13,6,3
2016-08-14,102,44,37,20,5,5
2016-08-15,90,56,48,30,7,7
2016-08-16,106,50,51,29,6,6
2016-08-17,101,60,64,37,7,7
2016-08-18,119,68,47,46,7,8
2016-08-19,142,40,38,29,6,5
2016-08-20,85,33,56,19,6,4
2016-08-21,75,35,41,29,5,5
2016-08-22,81,38,31,30,6,5
2016-08-23,86,43,32,35,7,6
2016-08-24,90,35,27,30,6,5
2016-08-25,77,16,26,18,5,4
2016-08-26,35,15,27,19,5,3
2016-08-27,27,13,24,13,5,4
2016-08-28,25,18,21,20,5,4
2016-08-29,32,36,22,20,5,4
2016-08-30,51,21,19,19,7,4
2016-08-31,36,63,49,31,7,8
2016-09-01,114,42,36,29,5,7
2016-09-02,93,26,28,27,5,6
2016-09-03,64,27,29,28,5,6
2016-09-04,60,35,33,30,6,6
2016-09-05,72,63,30,35,8,8
2016-09-06,114,78,31,33,7,8
2016-09-07,156,57,18,39,7,9
2016-09-08,114,50,30,39,6,8
2016-09-09,98,48,39,33,5,8
2016-09-10,98,47,36,25,5,6
2016-09-11,103,34,21,29,5,6
2016-09-12,78,20,23,29,5,5
2016-09-13,44,37,41,27,6,5
2016-09-14,80,47,34,27,6,6
2016-09-15,100,58,45,25,9,7
2016-09-16,121,35,34,16,6,5
2016-09-17,77,27,35,13,5,4
2016-09-18,61,15,24,16,5,4
2016-09-19,26,19,25,20,5,4
2016-09-20,38,38,25,29,5,5
2016-09-21,85,45,27,31,4,5
2016-09-22,97,56,40,41,6,7
2016-09-23,114,66,49,45,7,8
2016-09-24,131,56,35,38,6,7
2016-09-25,124,51,21,47,7,7
2016-09-26,105,42,8,45,6,8
2016-09-27,90,39,11,35,5,7
2016-09-28,82,17,14,20,5,5
2016-09-29,32,34,10,33,6,6
2016-09-30,56,53,16,44,6,8
2016-04-01,100,77,54,67,12,9
2016-04-02,127,56,25,32,7,6
2016-04-03,109,30,25,39,7,5
2016-04-04,54,63,32,47,11,6
2016-04-05,81,71,28,63,12,8
2016-04-06,112,48,39,35,7,6
2016-04-07,90,69,32,41,8,7
2016-04-08,114,98,18,50,9,10
2016-04-09,160,111,48,36,9,11
2016-04-10,168,52,34,35,6,5
2016-04-11,81,61,28,42,7,6
2016-04-12,95,63,27,56,7,8
2016-04-13,104,61,20,48,7,7
2016-04-14,102,59,41,47,8,7
2016-04-15,96,60,27,51,7,7
2016-04-16,94,42,39,17,6,5
2016-04-17,62,66,34,31,8,6
2016-04-18,88,50,29,30,6,5
2016-04-19,81,66,27,53,7,7
2016-04-20,106,32,32,36,5,5
2016-04-21,73,68,30,39,6,8
2016-04-22,130,143,29,38,6,7
2016-04-23,135,124,42,36,6,6
2016-04-24,101,76,28,63,7,7
2016-04-25,93,79,44,51,7,7
2016-04-26,107,58,45,26,6,4
2016-04-27,73,60,37,36,6,5
2016-04-28,81,67,37,37,7,6
2016-04-29,100,78,63,35,11,7
2016-04-30,125,51,43,29,8,6
2016-05-01,84,56,32,35,7,6
2016-05-02,90,22,29,18,5,4
2016-05-03,46,55,38,19,6,3
2016-05-04,51,61,36,44,8,7
2016-05-05,78,47,21,38,5,6
2016-05-06,85,99,37,30,8,6
2016-05-07,81,60,45,32,7,6
2016-05-08,66,64,41,38,8,6
2016-05-09,77,36,37,26,6,5
2016-05-10,61,33,35,28,6,5
2016-05-11,57,33,41,39,8,5
2016-05-12,65,41,45,26,6,6
2016-05-13,79,40,44,42,7,6
2016-05-14,77,40,39,24,7,5
2016-05-15,77,35,39,23,8,6
2016-05-16,63,69,44,44,13,8
2016-05-17,121,55,45,55,10,7
2016-05-18,102,45,42,48,7,6
2016-05-19,83,50,57,58,8,7
2016-05-20,97,43,45,37,6,5
2016-05-21,92,59,65,40,8,6
2016-05-22,122,72,52,46,9,7
2016-05-23,145,37,41,27,6,5
2016-05-24,85,82,48,28,8,7
2016-05-25,157,94,35,42,11,9
2016-05-26,173,84,45,45,9,8
2016-05-27,159,78,45,40,10,7
2016-05-28,135,80,64,36,11,7
2016-05-29,133,84,61,37,10,8
2016-05-30,151,81,43,30,10,7
2016-05-31,141,47,45,29,7,5
2016-06-01,88,38,45,34,7,4
2016-06-02,70,51,45,37,9,5
2016-06-03,91,58,35,40,7,6
2016-06-04,99,55,61,30,7,6
2016-06-05,102,27,42,25,6,4
2016-06-06,58,43,36,31,7,5
2016-06-07,89,44,27,32,7,4
2016-06-08,91,58,39,37,7,6
2016-06-09,106,65,49,48,9,7
2016-06-10,121,55,22,28,8,5
2016-06-11,105,32,20,19,6,4
2016-06-12,77,65,36,28,6,7
2016-06-13,120,58,48,43,8,6
2016-06-14,109,41,24,28,6,4
2016-06-15,85,32,35,22,6,5
2016-06-16,70,58,52,27,8,6
2016-06-17,116,68,62,34,9,8
2016-06-18,141,46,42,28,7,6
2016-06-19,101,54,52,33,7,6
2016-06-20,117,61,63,44,8,7
2016-06-21,125,69,42,49,8,8
2016-06-22,143,41,50,31,7,6
2016-06-23,90,48,29,33,6,5
2016-06-24,102,34,36,24,7,4
2016-06-25,71,36,42,22,7,4
2016-06-26,75,38,30,39,9,6
2016-06-27,83,64,45,37,8,6
2016-06-28,133,42,42,37,8,5
2016-06-29,94,31,25,24,7,4
2016-06-30,75,26,21,27,6,4
2016-01-04,91,34,19,27,9,5
2016-01-05,67,58,6,45,11,8
2016-01-06,102,45,17,29,9,7
2016-01-07,79,36,18,32,9,6
2016-01-08,68,40,14,35,10,6
2016-01-09,76,36,23,30,9,6
2016-01-10,74,43,21,32,10,6
2016-01-11,79,53,14,43,9,8
2016-01-12,89,42,16,39,9,7
2016-01-13,76,50,15,42,9,7
2016-01-14,81,51,8,58,10,9
2016-01-15,98,70,5,60,9,10
2016-01-16,134,71,7,56,9,10
2016-01-17,143,56,21,30,8,8
2016-01-18,104,37,21,19,8,4
2016-01-19,59,42,19,34,8,6
2016-01-20,83,53,13,46,9,8
2016-01-21,100,55,12,41,10,8
2016-01-22,99,35,24,18,9,5
2016-01-23,61,43,22,17,9,5
2016-01-24,77,55,17,35,9,6
2016-01-25,71,77,6,67,13,12
2016-01-26,125,66,14,54,13,10
2016-01-27,106,60,6,69,11,11
2016-01-28,103,54,6,51,11,9
2016-01-29,93,42,11,49,9,10
2016-01-30,91,44,22,23,9,6
2016-01-31,81,43,18,27,9,6
2016-02-01,74,49,17,39,9,7
2016-02-02,81,62,13,63,11,11
2016-02-03,106,61,21,49,11,10
2016-02-04,108,50,21,38,11,7
2016-02-05,79,56,25,26,11,6
2016-02-06,91,51,18,38,9,7
2016-02-07,90,64,32,34,12,8
2016-02-08,116,59,29,21,11,6
2016-02-09,94,43,12,53,9,9
2016-02-10,85,51,8,60,10,9
2016-02-11,90,40,11,52,7,9
2016-02-12,85,17,4,43,7,8
2016-02-13,46,32,21,16,7,5
2016-02-14,68,36,26,20,7,4
2016-02-15,54,32,21,34,7,6
2016-02-16,67,43,19,41,8,6
2016-02-17,65,48,26,47,10,7
2016-02-18,82,79,12,51,11,12
2016-02-19,129,51,28,37,9,6
2016-02-20,69,29,29,20,8,4
2016-02-21,52,46,15,49,8,7
2016-02-22,71,55,28,34,8,6
2016-02-23,91,36,25,29,8,6
2016-02-24,71,51,23,40,11,7
2016-02-25,91,52,25,43,11,8
2016-02-26,94,69,21,46,10,8
2016-02-27,129,50,21,51,9,8
2016-02-28,97,61,26,23,8,5
2016-02-29,99,36,26,27,8,5
2016-03-01,72,42,21,44,9,6
2016-03-02,82,57,21,52,8,6
2016-03-03,103,73,19,58,8,8
2016-03-04,123,26,10,40,6,6
2016-03-05,59,78,29,25,6,5
2016-03-06,79,98,5,61,8,8
2016-03-07,101,68,26,27,7,5
2016-03-08,77,49,26,21,8,5
2016-03-09,63,38,29,21,8,4
2016-03-10,58,39,31,25,8,5
2016-03-11,72,51,25,38,9,6
2016-03-12,78,63,34,39,10,7
2016-03-13,115,66,36,30,7,7
2016-03-14,140,59,22,52,11,8
2016-03-15,100,66,31,62,12,8
2016-03-16,114,73,11,92,12,11
2016-03-17,120,67,27,72,11,11
2016-03-18,118,75,30,42,8,7
2016-03-19,134,79,34,50,11,9
2016-03-20,144,82,32,63,12,9
2016-03-21,152,72,33,55,10,8
2016-03-22,141,75,33,35,9,6
2016-03-23,134,43,29,31,7,5
2016-03-24,82,72,28,50,9,7
2016-03-25,122,69,28,52,9,7
2016-03-26,137,69,40,42,11,7
2016-03-27,140,67,34,55,13,8
2016-03-28,129,87,46,43,13,8
2016-03-29,152,85,33,43,10,7
2016-03-30,137,55,21,69,11,8
2016-03-31,84,72,32,75,12,9
2015-10-01,39,32,28,22,7,4
2015-10-02,44,45,37,22,7,5
2015-10-03,70,30,26,28,7,4
2015-10-04,51,32,21,46,7,5
2015-10-05,64,35,19,52,7,6
2015-10-06,71,47,18,54,7,7
2015-10-07,85,59,29,49,8,7
2015-10-08,103,36,28,19,7,3
2015-10-09,46,26,23,30,7,4
2015-10-10,52,18,19,22,6,4
2015-10-11,41,19,19,20,7,4
2015-10-12,41,30,24,36,7,6
2015-10-13,59,53,14,56,9,9
2015-10-14,96,62,24,71,10,10
2015-10-15,114,73,24,77,10,11
2015-10-16,133,64,27,63,8,9
2015-10-17,117,71,44,52,8,9
2015-10-18,132,87,28,53,9,10
2015-10-19,163,89,30,51,10,10
2015-10-20,162,97,33,49,10,10
2015-10-21,166,78,21,44,8,8
2015-10-22,135,55,21,42,9,7
2015-10-23,100,38,23,34,7,7
2015-10-24,80,33,26,33,6,5
2015-10-25,65,37,11,44,7,6
2015-10-26,69,37,22,24,6,5
2015-10-27,52,34,21,30,8,4
2015-10-28,51,25,19,31,7,5
2015-10-29,53,32,22,20,7,4
2015-10-30,49,32,17,32,7,5
2015-10-31,59,45,8,52,7,7
2015-11-01,77,56,15,52,9,9
2015-11-02,88,71,22,59,10,11
2015-11-03,126,81,10,81,12,12
2015-11-04,161,76,20,73,9,12
2015-11-05,155,54,22,38,6,7
2015-11-06,113,12,24,23,5,5
2015-11-07,35,5,23,20,5,4
2015-11-08,14,12,15,28,6,5
2015-11-09,30,51,8,38,6,9
2015-11-10,108,45,5,49,7,9
2015-11-11,93,17,13,35,6,6
2015-11-12,45,15,8,35,5,6
2015-11-13,39,12,11,39,5,6
2015-11-14,33,21,12,35,7,6
2015-11-15,51,31,3,39,6,8
2015-11-16,72,19,16,34,7,7
2015-11-17,52,12,17,25,5,5
2015-11-18,27,16,13,33,6,5
2015-11-19,34,38,11,40,7,8
2015-11-20,79,52,11,47,8,10
2015-11-21,110,33,13,36,7,8
2015-11-22,75,9,17,27,6,5
2015-11-23,21,27,17,27,6,6
2015-11-24,64,13,18,26,5,5
2015-11-25,39,37,22,20,7,5
2015-11-26,89,45,22,25,8,6
2015-11-27,97,49,9,42,9,9
2015-11-28,99,44,4,37,6,8
2015-11-29,104,49,13,38,9,10
2015-11-30,108,61,5,59,9,12
2015-12-01,110,57,10,46,9,12
2015-12-02,112,21,18,22,6,5
2015-12-03,46,46,18,28,7,6
2015-12-04,66,38,18,37,9,8
2015-12-05,70,38,16,37,8,7
2015-12-06,75,55,3,55,8,11
2015-12-07,101,63,3,70,10,13
2015-12-08,117,73,3,67,11,14
2015-12-09,125,48,2,52,9,11
2015-12-10,97,36,16,33,8,8
2015-12-11,79,31,18,39,8,7
2015-12-12,66,44,8,51,9,10
2015-12-13,88,50,2,51,8,10
2015-12-14,101,59,14,37,9,9
2015-12-15,115,32,21,19,8,5
2015-12-16,58,21,19,18,7,4
2015-12-17,45,46,6,46,9,10
2015-12-18,82,65,4,53,9,12
2015-12-19,119,59,9,54,9,13
2015-12-20,107,55,4,46,8,10
2015-12-21,106,64,4,47,9,11
2015-12-22,121,58,6,56,9,12
2015-12-23,112,88,13,49,13,12
2015-12-24,161,32,20,28,9,5
2015-12-25,63,68,12,40,10,10
2015-12-26,113,33,20,23,7,5
2015-12-27,66,27,16,27,8,6
2015-12-28,55,61,5,56,11,12
2015-12-29,100,62,9,54,9,12
2015-12-30,111, , , , , 
2015-07-01,75,48,48,22,8,6
2015-07-02,104,44,35,22,8,5
2015-07-03,95,34,53,32,8,4
2015-07-04,76,38,51,26,10,5
2015-07-05,85,33,40,32,7,4
2015-07-06,75,39,36,36,7,5
2015-07-07,85,11,32,19,6,4
2015-07-08,26,11,27,19,5,4
2015-07-09,28,19,33,28,6,5
2015-07-10,46,30,45,37,6,5
2015-07-11,73,11,9,13,6,3
2015-07-12,30,27,31,17,7,4
2015-07-13,57,66,54,29,8,6
2015-07-14,127,53,39,30,8,7
2015-07-15,106,12,26,13,6,3
2015-07-16,21,12,25,16,6,3
2015-07-17,24,30,29,26,7,4
2015-07-18,64,26,31,21,7,4
2015-07-19,68,23,11,25,7,5
2015-07-20,62,27,17,28,7,5
2015-07-21,63,34,22,43,7,6
2015-07-22,79,27,17,37,7,6
2015-07-23,72,15,13,30,6,5
2015-07-24,42,20,11,20,6,4
2015-07-25,52,19,13,15,7,3
2015-07-26,46,30,7,23,7,4
2015-07-27,66,40,28,24,8,4
2015-07-28,90,36,18,30,7,6
2015-07-29,83,68,48,23,7,6
2015-07-30,147,59,48,24,8,5
2015-07-31,130,51,38,22,8,5
2015-08-01,111,34,31,16,7,4
2015-08-02,79,34,21,18,9,4
2015-08-03,78,28,18,17,8,4
2015-08-04,68,35,36,21,7,3
2015-08-05,82,36,46,26,9,4
2015-08-06,84,42,52,36,6,5
2015-08-07,95,36,31,33,7,5
2015-08-08,82,22,32,20,6,4
2015-08-09,56,31,35,22,7,4
2015-08-10,69,59,34,33,7,8
2015-08-11,119,53,56,30,9,7
2015-08-12,111,43,29,33,7,6
2015-08-13,89,41,49,34,7,6
2015-08-14,86,59,67,22,9,7
2015-08-15,126,67,46,23,7,8
2015-08-16,138,28,39,23,7,5
2015-08-17,70,23,33,24,7,4
2015-08-18,58,39,31,36,7,5
2015-08-19,80,37,16,44,9,6
2015-08-20,83,31,25,29,8,5
2015-08-21,80,40,43,27,8,5
2015-08-22,92,39,66,24,7,6
2015-08-23,87,33,31,21,6,5
2015-08-24,74,8,22,16,7,2
2015-08-25,17,10,21,20,7,3
2015-08-26,24,22,34,26,8,4
2015-08-27,51,31,17,47,8,6
2015-08-28,67,35,37,42,8,6
2015-08-29,82,36,47,26,7,5
2015-08-30,83,37,39,36,6,6
2015-08-31,86,27,36,20,7,5
2015-09-01,73,27,24,30,6,5
2015-09-02,68,26,37,29,7,5
2015-09-03,65,33,32,32,8,5
2015-09-04,77,36,19,35,7,6
2015-09-05,81,15,31,14,6,3
2015-09-06,37,13,26,23,7,3
2015-09-07,29,13,24,23,7,3
2015-09-08,32,17,31,23,7,3
2015-09-09,37,30,30,27,7,4
2015-09-10,53,44,22,30,7,6
2015-09-11,87,22,25,28,6,4
2015-09-12,54,23,36,18,7,3
2015-09-13,48,35,31,41,8,6
2015-09-14,71,30,31,38,7,5
2015-09-15,68,17,29,29,7,4
2015-09-16,38,13,27,20,7,3
2015-09-17,26,19,26,31,7,4
2015-09-18,42,34,27,36,6,5
2015-09-19,65,52,44,31,8,6
2015-09-20,103,53,35,42,8,8
2015-09-21,105,46,43,47,7,7
2015-09-22,94,45,14,62,7,7
2015-09-23,88,42,31,47,7,6
2015-09-24,85,38,33,42,7,6
2015-09-25,83,53,40,31,7,7
2015-09-26,102,39,31,31,7,5
2015-09-27,68,33,34,31,7,5
2015-09-28,61,28,36,17,6,3
2015-09-29,48,19,26,24,6,4
2015-09-30,35,18,22,29,6,4
2015-04-01,67,26,23,25,7,5
2015-04-02,61,35,15,34,7,9
2015-04-03,73,18,29,27,6,6
2015-04-04,38,18,24,25,6,5
2015-04-05,46,54,23,33,7,6
2015-04-06,82,46,18,27,6,5
2015-04-07,76,30,26,28,7,5
2015-04-08,67,55,23,53,10,7
2015-04-09,99,58,37,49,11,7
2015-04-10,100,68,30,53,10,8
2015-04-11,115,55,34,37,8,6
2015-04-12,100,30,37,18,6,4
2015-04-13,63,23,31,29,6,5
2015-04-14,65,40,35,36,9,7
2015-04-15,85,72,22,40,9,7
2015-04-16,107,68,31,37,8,5
2015-04-17,72,62,26,56,9,7
2015-04-18,74,36,21,36,7,6
2015-04-19,62,13,33,27,6,4
2015-04-20,33,45,28,50,9,7
2015-04-21,82,67,36,43,13,7
2015-04-22,116,63,37,52,10,8
2015-04-23,120,68,41,33,10,6
2015-04-24,111,61,26,45,9,6
2015-04-25,77,40,26,41,12,6
2015-04-26,68,57,44,39,13,5
2015-04-27,90,49,31,49,9,6
2015-04-28,85,50,20,36,8,5
2015-04-29,95,34,32,36,7,5
2015-04-30,73,48,40,51,9,6
2015-05-01,93,39,33,40,9,6
2015-05-02,85,28,15,26,7,5
2015-05-03,69,50,30,24,7,4
2015-05-04,64,42,33,25,8,4
2015-05-05,55,49,27,45,11,6
2015-05-06,68,47,32,53,9,6
2015-05-07,73,57,30,49,11,6
2015-05-08,98,45,37,33,9,5
2015-05-09,78,44,34,29,8,5
2015-05-10,73,48,29,39,8,5
2015-05-11,82,37,35,20,8,5
2015-05-12,62,61,43,26,10,6
2015-05-13,85,56,41,31,9,5
2015-05-14,99,86,36,33,9,8
2015-05-15,149,54,43,38,9,6
2015-05-16,91,57,45,33,11,7
2015-05-17,110,48,36,49,8,6
2015-05-18,88,51,36,28,7,6
2015-05-19,104,46,32,26,7,5
2015-05-20,74,46,45,36,10,6
2015-05-21,80,55,43,44,14,6
2015-05-22,100,49,48,50,9,6
2015-05-23,89,34,55,33,7,5
2015-05-24,69,46,45,40,9,5
2015-05-25,87,44,36,45,9,5
2015-05-26,84,43,48,59,7,6
2015-05-27,80,44,56,55,9,5
2015-05-28,87,49,39,60,9,6
2015-05-29,93,44,23,34,7,4
2015-05-30,90,44,46,32,7,5
2015-05-31,88,40,41,46,12,5
2015-06-01,82,39,40,38,8,5
2015-06-02,84,45,33,19,6,3
2015-06-03,64,43,47,41,8,6
2015-06-04,71,36,28,43,8,6
2015-06-05,73,35,57,31,7,5
2015-06-06,74,34,65,26,8,4
2015-06-07,72,39,41,33,9,4
2015-06-08,81,48,39,24,7,4
2015-06-09,96,52,67,39,7,6
2015-06-10,100,43,37,35,7,5
2015-06-11,87,47,51,25,7,5
2015-06-12,90,72,50,32,8,6
2015-06-13,118,34,56,17,7,4
2015-06-14,69,40,45,28,6,5
2015-06-15,84,51,49,38,7,7
2015-06-16,98,40,39,37,7,6
2015-06-17,89,31,36,24,6,4
2015-06-18,72,23,42,21,6,4
2015-06-19,56,40,21,32,6,6
2015-06-20,88,23,43,21,6,5
2015-06-21,58,34,40,37,8,5
2015-06-22,78,36,45,32,9,5
2015-06-23,79,45,61,38,8,6
2015-06-24,93,44,40,40,8,6
2015-06-25,92,13,34,19,6,3
2015-06-26,36,11,37,19,6,3
2015-06-27,33,25,44,29,7,4
2015-06-28,60,25,45,28,8,4
2015-06-29,65,33,30,32,7,4
2015-06-30,79,34,42,22,7,5
2015-01-01,54,32,15,22,9,5
2015-01-02,61,43,5,44,12,9
2015-01-03,84,48,4,62,11,10
2015-01-04,98,71,4,63,13,14
2015-01-05,132,40,18,24,8,5
2015-01-06,59,39,17,52,22,4
2015-01-07,59,47,11,57,33,7
2015-01-08,83,53,6,63,12,10
2015-01-09,95,44,12,43,12,9
2015-01-10,82,50,18,26,12,7
2015-01-11,89,49,14,41,11,8
2015-01-12,92,62,10,64,12,13
2015-01-13,111,72,12,69,14,15
2015-01-14,131,64,7,61,14,11
2015-01-15,120,77,13,37,12,11
2015-01-16,146,39,19,22,9,6
2015-01-17,74,36,10,40,9,7
2015-01-18,70,64,16,28,12,9
2015-01-19,121,52,7,50,10,8
2015-01-20,94,64,4,60,12,12
2015-01-21,113,50,12,52,10,9
2015-01-22,100,46,10,46,10,9
2015-01-23,93,57,13,52,11,9
2015-01-24,106,67,6,51,9,10
2015-01-25,124,44,17,39,9,9
2015-01-26,100,54,18,26,10,7
2015-01-27,98,50,15,37,9,7
2015-01-28,73,56,8,51,9,11
2015-01-29,97,43,20,30,10,7
2015-01-30,79,46,13,32,10,6
2015-01-31,77,34,14,36,8,7
2015-02-01,71,48,12,54,10,10
2015-02-02,91,64,4,67,12,12
2015-02-03,119,76,14,63,14,15
2015-02-04,148,83,20,40,18,12
2015-02-05,159,58,18,44,13,8
2015-02-06,106,53,16,47,12,10
2015-02-07,93,87,21,13,7,3
2015-02-08,55,41,16,27,10,6
2015-02-09,68,82,20,50,20,11
2015-02-10,133,79,16,51,16,11
2015-02-11,133,42,22,23,9,5
2015-02-12,63,36,20,31,10,6
2015-02-13,69,58,8,53,12,9
2015-02-14,104,76,29,42,12,9
2015-02-15,139,46,26,42,8,8
2015-02-16,96,62,20,29,9,9
2015-02-17,126,63,21,26,10,9
2015-02-18,139,64,19,41,9,10
2015-02-19,138,57,22,44,8,9
2015-02-20,117,29,13,43,7,7
2015-02-21,66,202,21,28,7,6
2015-02-22,92,554,17,26,7,6
2015-02-23,180,91,16,37,9,7
2015-02-24,99,70,14,43,11,8
2015-02-25,102,39,23,23,8,5
2015-02-26,74,34,23,23,9,5
2015-02-27,72,50,9,45,9,8
2015-02-28,90,80,22,27,9,6
2015-03-01,103,80,20,42,11,7
2015-03-02,94,55,21,43,11,7
2015-03-03,93,45,26,16,8,5
2015-03-04,70,49,20,38,8,7
2015-03-05,100,52,12,57,10,9
2015-03-06,102,55,21,54,10,9
2015-03-07,103,70,26,53,14,10
2015-03-08,145,64,25,29,12,7
2015-03-09,106,33,25,15,7,4
2015-03-10,48,43,23,27,10,5
2015-03-11,74,37,25,30,9,5
2015-03-12,59,50,29,35,9,6
2015-03-13,85,43,20,39,11,6
2015-03-14,78,48,23,55,13,9
2015-03-15,92,78,16,63,14,10
2015-03-16,120,106,7,91,17,15
2015-03-17,167,77,22,50,10,9
2015-03-18,135,58,17,48,9,7
2015-03-19,101,87,24,68,12,10
2015-03-20,131,127,39,64,20,11
2015-03-21,155,115,29,35,13,8
2015-03-22,121,58,26,20,8,4
2015-03-23,56,49,25,39,9,6
2015-03-24,77,48,20,48,10,6
2015-03-25,85,51,24,53,13,7
2015-03-26,87,59,28,52,12,7
2015-03-27,99,52,30,51,12,7
2015-03-28,89,64,28,34,10,6
2015-03-29,110,115,30,53,11,10
2015-03-30,149,98,22,55,11,10
2015-03-31,164,29,27,30,7,6
2014-10-01,49,27,20,26,6,4
2014-10-02,77,36,11,42,8,6
2014-10-03,66,25,27,24,7,8
2014-10-04,50,22,21,26,6,5
2014-10-05,44,19,30,15,5,2
2014-10-06,45,33,21,41,7,5
2014-10-07,72,39,18,56,7,6
2014-10-08,80,46,33,52,7,6
2014-10-09,94,46,25,41,7,6
2014-10-10,92,32,29,26,5,4
2014-10-11,72,33,25,36,6,5
2014-10-12,71,26,27,20,5,3
2014-10-13,47,28,18,27,6,3
2014-10-14,43,39,27,43,7,5
2014-10-15,77,42,22,32,7,4
2014-10-16,64,37,18,44,8,6
2014-10-17,66,43,12,58,9,7
2014-10-18,78,59,23,49,8,8
2014-10-19,111,35,13,44,7,7
2014-10-20,83,15,9,31,6,5
2014-10-21,43,17,19,26,6,4
2014-10-22,46,30,13,46,7,5
2014-10-23,66,44,14,57,8,7
2014-10-24,93,53,17,52,9,8
2014-10-25,105,41,23,32,7,6
2014-10-26,84,45,22,28,7,4
2014-10-27,64,62,9,59,8,6
2014-10-28,97,64,6,80,8,9
2014-10-29,107,63,5,85,9,10
2014-10-30,123,47,10,66,8,8
2014-10-31,76,42,20,43,7,5
2014-11-01,87,57,38,16,7,4
2014-11-02,98,42,23,25,7,4
2014-11-03,58,33,12,47,8,6
2014-11-04,63,35,14,51,9,6
2014-11-05,71,58,23,49,10,7
2014-11-06,101,54,9,50,9,6
2014-11-07,78,64,3,65,9,8
2014-11-08,102,61,25,40,8,7
2014-11-09,101,59,12,64,9,10
2014-11-10,99,69,11,74,10,11
2014-11-11,127,42,21,19,8,4
2014-11-12,66,65,20,19,7,4
2014-11-13,40,35,14,47,9,7
2014-11-14,63,36,13,40,9,6
2014-11-15,70,51,10,55,12,8
2014-11-16,91,36,18,36,8,7
2014-11-17,85,38,15,42,7,7
2014-11-18,87,59,10,65,9,11
2014-11-19,111,65,9,72,10,12
2014-11-20,122,63,10,69,10,10
2014-11-21,120,48,7,63,8,9
2014-11-22,101,66,12,41,8,8
2014-11-23,126,68,3,53,9,10
2014-11-24,130,34,16,34,8,6
2014-11-25,76,33,18,40,7,6
2014-11-26,69,54,4,63,8,11
2014-11-27,103,29,4,45,6,7
2014-11-28,71,20,8,37,6,7
2014-11-29,46,15,11,33,6,6
2014-11-30,43,44,18,15,7,4
2014-12-01,51,74,17,19,7,4
2014-12-02,49,28,10,31,8,5
2014-12-03,57,48,15,25,9,5
2014-12-04,59,33,20,20,9,5
2014-12-05,53,37,16,21,9,5
2014-12-06,55,51,8,40,11,8
2014-12-07,81,45,13,36,9,8
2014-12-08,84,54,8,52,11,10
2014-12-09,97,54,2,67,11,13
2014-12-10,108,51,14,31,9,7
2014-12-11,94,43,11,40,10,7
2014-12-12,90,34,18,21,10,5
2014-12-13,64,38,9,39,11,8
2014-12-14,76,51,3,50,8,10
2014-12-15,98,34,16,23,10,6
2014-12-16,69,22,21,16,8,3
2014-12-17,33,30,18,35,9,7
2014-12-18,59,50,3,57,10,11
2014-12-19,96,31,16,33,9,6
2014-12-20,70,21,14,24,8,5
2014-12-21,54,30,7,48,9,9
2014-12-22,72,49,3,67,11,15
2014-12-23,103,54,14,58,13,12
2014-12-24,108,31,17,23,10,5
2014-12-25,68,38,10,41,10,7
2014-12-26,80,58,4,64,11,12
2014-12-27,110,62,2,72,11,15
2014-12-28,122, , , , , 
2014-08-02,32,14,18,18,6,2
2014-08-03,21,9,23,13,6,2
2014-08-04,27,10,19,23,6,4
2014-08-05,89,47,36,27,7,5
2014-08-06,100,49,37,39,7,5
2014-08-07,82,43,13,47,6,7
2014-08-08,47,21,29,23,6,4
2014-08-09,51,22,36,16,5,4
2014-08-10,33,12,28,15,5,3
2014-08-11,48,26,30,24,6,4
2014-08-12,113,59,48,28,7,5
2014-08-13,147,67,20,40,7,8
2014-08-14,73,30,20,33,5,5
2014-08-15,76,35,30,32,6,5
2014-08-16,84,44,37,32,6,5
2014-08-17,84,43,7,37,5,6
2014-08-18,19,8,16,22,5,4
2014-08-19,33,15,17,35,6,5
2014-08-20,69,34,12,41,6,6
2014-08-21,42,17,13,33,5,5
2014-08-22,114,62,45,30,8,8
2014-08-23,154,71,40,28,9,7
2014-08-24,119,61,48,34,7,7
2014-08-25,109,49,26,25,5,6
2014-08-26,36,13,30,25,5,4
2014-08-27,22,9,22,21,5,4
2014-08-28,34,19,31,29,6,4
2014-08-29,62,26,27,40,6,5
2014-08-30,54,23,29,32,6,4
2014-08-31,62,26,26,32,6,4
2014-09-01,76,33,35,45,6,5
2014-09-02,52,23,17,37,5,4
2014-09-03,22,7,23,27,5,3
2014-09-04,38,16,26,26,6,4
2014-09-05,68,28,31,37,7,5
2014-09-06,84,37,48,35,7,5
2014-09-07,102,48,47,27,6,6
2014-09-08,114,54,43,22,6,6
2014-09-09,117,56,43,19,8,6
2014-09-10,64,29,35,36,6,5
2014-09-11,84,40,32,35,7,5
2014-09-12,87,42,16,50,6,6
2014-09-13,56,23,27,33,6,4
2014-09-14,33,16,27,22,6,3
2014-09-15,82,40,37,29,6,5
2014-09-16,62,37,26,32,7,4
2014-09-17,81,53,15,42,7,5
2014-09-18,49,23,16,34,6,4
2014-09-19,62,31,22,46,6,5
2014-09-20,72,32,29,46,6,5
2014-09-21,75,32,20,40,7,5
2014-09-22,74,30,32,40,6,5
2014-09-23,62,26,22,38,6,4
2014-09-24,48,19,21,30,6,4
2014-09-25,47,22,22,41,7,5
2014-09-26,60,28,15,36,7,5
2014-09-27,74,34,28,31,8,5
2014-09-28,91,43,18,32,7,6
2014-09-29,101,50,8,44,6,7
2014-09-30,52,24,16,24,6,5
2019-12-31, ,38,4,43,4,8
2018-12-31, ,40,20,33,6,7
2017-07-28, ,18,27,23,7,4
2017-08-05, ,43,43,46,8,6
2017-08-26, ,26,21,30,5,5
2017-09-22, ,75,36,29,8,7
2016-01-03, ,47,18,30,9,6
2014-12-31, ,52,15,14,9,4
2014-07-01, ,48,57,35,8,7
2014-07-02, ,70,25,25,6,4
2014-07-03, ,25,40,27,7,4
2014-07-04, ,19,36,46,8,5
2014-07-05, ,35,37,30,6,4
2014-07-06, ,27,37,30,6,4
2014-07-07, ,35,61,35,7,4
2014-07-08, ,32,29,41,7,5
2014-07-09, ,22,13,32,6,5
2014-07-10, ,33,34,24,6,4
2014-07-11, ,59,52,27,10,8
2014-07-12, ,67,53,25,9,6
2014-07-13, ,57,39,19,8,5
2014-07-14, ,70,56,24,8,6
2014-07-15, ,79,53,31,7,7
2014-07-16, ,55,47,30,8,5
2014-07-17, ,24,26,26,7,3
2014-07-18, ,16,32,30,7,3
2014-07-19, ,47,25,29,8,4
2014-07-20, ,56,46,22,6,3
2014-07-21, ,58,30,30,9,4
2014-07-22, ,19,7,19,7,3
2014-07-23, ,18,15,33,7,4
2014-07-24, ,12,21,39,5,4
2014-07-25, ,18,14,31,6,4
2014-07-26, ,32,44,17,6,4
2014-07-27, ,72,67,21,6,7
2014-07-28, ,66,56,38,6,7
2014-07-29, ,41,47,35,7,6
2014-07-30, ,30,30,30,6,4
2014-07-31, ,29,21,36,7,5
2014-08-01, ,18,21,32,6,4
2014-04-01, ,68,32,72,11,7
2014-04-02, ,63,20,55,10,6
2014-04-03, ,61,31,23,6,4
2014-04-04, ,22,28,31,7,4
2014-04-05, ,45,34,18,6,3
2014-04-06, ,38,29,42,11,6
2014-04-07, ,63,26,54,10,5
2014-04-08, ,52,16,63,8,7
2014-04-09, ,65,25,60,8,7
2014-04-10, ,58,29,57,9,8
2014-04-11, ,64,10,67,9,9
2014-04-12, ,69,41,48,9,8
2014-04-13, ,69,34,62,10,8
2014-04-14, ,66,19,55,10,8
2014-04-15, ,69,18,60,14,11
2014-04-16, ,113,26,64,9,10
2014-04-17, ,79,30,42,7,6
2014-04-18, ,64,32,32,5,5
2014-04-19, ,48,42,22,7,4
2014-04-20, ,42,35,37,9,6
2014-04-21, ,58,40,51,10,7
2014-04-22, ,61,47,58,14,9
2014-04-23, ,73,46,54,12,10
2014-04-24, ,93,41,80,10,8
2014-04-25, ,65,33,72,10,7
2014-04-26, ,56,30,25,6,4
2014-04-27, ,29,25,25,5,4
2014-04-28, ,13,38,24,6,4
2014-04-29, ,14,31,29,7,4
2014-04-30, ,27,34,39,9,5
2014-05-01, ,52,44,40,10,7
2014-05-02, ,71,29,21,6,3
2014-05-03, ,28,36,35,9,5
2014-05-04, ,40,35,15,7,3
2014-05-05, ,37,29,26,9,4
2014-05-06, ,40,37,35,10,5
2014-05-07, ,47,32,27,6,4
2014-05-08, ,36,32,48,8,7
2014-05-09, ,46,34,53,7,6
2014-05-10, ,39,42,21,6,4
2014-05-11, ,32,42,22,9,6
2014-05-12, ,39,51,36,15,10
2014-05-13, ,77,61,32,15,7
2014-05-14, ,71,42,28,8,5
2014-05-15, ,49,35,41,12,7
2014-05-16, ,53,34,56,11,6
2014-05-17, ,56,52,42,9,6
2014-05-18, ,56,34,53,11,6
2014-05-19, ,60,40,50,9,5
2014-05-20, ,66,33,29,7,4
2014-05-21, ,59,38,49,9,5
2014-05-22, ,46,38,46,10,7
2014-05-23, ,65,28,42,9,6
2014-05-24, ,63,33,25,9,5
2014-05-25, ,53,38,31,9,5
2014-05-26, ,74,57,34,14,6
2014-05-27, ,114,76,42,11,8
2014-05-28, ,123,59,43,12,8
2014-05-29, ,103,52,60,12,6
2014-05-30, ,69,82,58,13,7
2014-05-31, ,91,47,33,9,5
2014-06-01, ,79,14,60,7,6
2014-06-02, ,77,31,27,6,4
2014-06-03, ,30,38,18,5,3
2014-06-04, ,23,39,21,6,3
2014-06-05, ,21,42,28,6,3
2014-06-06, ,30,38,43,7,5
2014-06-07, ,39,40,21,6,3
2014-06-08, ,35,34,35,7,4
2014-06-09, ,44,34,39,6,4
2014-06-10, ,35,17,34,6,4
2014-06-11, ,22,31,30,5,4
2014-06-12, ,27,40,32,6,5
2014-06-13, ,58,45,30,8,5
2014-06-14, ,42,54,23,8,4
2014-06-15, ,44,32,35,8,4
2014-06-16, ,37,66,41,9,6
2014-06-17, ,68,70,29,7,5
2014-06-18, ,51,36,25,7,5
2014-06-19, ,53,41,30,6,6
2014-06-20, ,56,34,26,6,4
2014-06-21, ,27,38,23,6,4
2014-06-22, ,22,19,40,6,6
2014-06-23, ,33,35,32,6,5
2014-06-24, ,45,44,38,8,6
2014-06-25, ,55,45,32,7,5
2014-06-26, ,52,29,27,6,4
2014-06-27, ,37,47,21,7,4
2014-06-28, ,40,47,24,7,5
2014-06-29, ,35,42,35,9,5
2014-06-30, ,36,68,37,8,6
2014-01-01, ,85,14,37,11,6
2014-01-02, ,53,3,63,11,11
2014-01-03, ,57,9,38,8,7
2014-01-04, ,49,11,38,8,7
2014-01-05, ,43,5,59,11,10
2014-01-06, ,61,2,70,14,12
2014-01-07, ,74,17,40,11,8
2014-01-08, ,65,21,19,5,3
2014-01-09, ,21,13,39,8,5
2014-01-10, ,33,8,52,11,9
2014-01-11, ,49,22,39,12,8
2014-01-12, ,57,18,29,7,4
2014-01-13, ,30,13,42,9,6
2014-01-14, ,42,13,45,11,8
2014-01-15, ,56,3,67,16,13
2014-01-16, ,80,6,64,13,14
2014-01-17, ,94,20,30,10,6
2014-01-18, ,57,13,35,11,6
2014-01-19, ,50,8,43,8,8
2014-01-20, ,60,20,28,15,8
2014-01-21, ,78,10,55,14,12
2014-01-22, ,88,5,65,12,12
2014-01-23, ,57,2,72,12,12
2014-01-24, ,65,9,52,9,10
2014-01-25, ,53,21,28,7,4
2014-01-26, ,36,5,58,11,9
2014-01-27, ,40,14,41,7,5
2014-01-28, ,32,4,66,10,9
2014-01-29, ,47,15,42,8,6
2014-01-30, ,41,18,38,8,5
2014-01-31, ,25,4,45,7,7
2014-02-01, ,27,6,39,6,8
2014-02-02, ,23,20,19,6,4
2014-02-03, ,57,23,19,7,3
2014-02-04, ,36,16,36,11,5
2014-02-05, ,46,8,51,10,8
2014-02-06, ,51,17,33,7,5
2014-02-07, ,19,19,25,5,4
2014-02-08, ,10,20,23,5,5
2014-02-09, ,20,22,31,7,5
2014-02-10, ,27,19,33,7,5
2014-02-11, ,18,12,41,7,6
2014-02-12, ,23,15,41,7,6
2014-02-13, ,27,21,33,6,5
2014-02-14, ,18,18,44,8,7
2014-02-15, ,34,17,57,11,10
2014-02-16, ,60,18,51,15,10
2014-02-17, ,72,25,29,7,5
2014-02-18, ,23,14,41,7,6
2014-02-19, ,32,20,43,11,9
2014-02-20, ,62,22,45,11,9
2014-02-21, ,65,25,58,13,12
2014-02-22, ,82,23,53,14,12
2014-02-23, ,86,19,66,22,16
2014-02-24, ,119,14,81,19,17
2014-02-25, ,126,21,72,15,14
2014-02-26, ,108,22,68,15,14
2014-02-27, ,96,24,56,14,12
2014-02-28, ,95,13,57,13,11
2014-03-01, ,80,29,26,7,4
2014-03-02, ,30,20,56,16,8
2014-03-03, ,58,27,67,19,11
2014-03-04, ,76,29,21,8,4
2014-03-05, ,38,22,27,9,5
2014-03-06, ,34,26,26,8,4
2014-03-07, ,31,19,41,11,7
2014-03-08, ,43,28,24,8,5
2014-03-09, ,39,22,35,9,5
2014-03-10, ,40,15,55,12,7
2014-03-11, ,50,8,59,9,9
2014-03-12, ,40,28,25,7,5
2014-03-13, ,49,31,40,8,6
2014-03-14, ,60,29,41,13,8
2014-03-15, ,82,33,41,13,8
2014-03-16, ,81,21,45,9,7
2014-03-17, ,62,30,40,8,6
2014-03-18, ,91,16,51,9,7
2014-03-19, ,93,25,39,7,6
2014-03-20, ,58,27,29,6,4
2014-03-21, ,33,23,51,12,7
2014-03-22, ,60,41,43,15,7
2014-03-23, ,73,30,47,12,6
2014-03-24, ,58,28,45,10,5
2014-03-25, ,57,26,56,10,7
2014-03-26, ,63,21,76,13,9
2014-03-27, ,76,36,46,13,9
2014-03-28, ,93,22,50,9,7
2014-03-29, ,53,44,26,7,5
2014-03-30, ,38,23,65,9,8
2014-03-31, ,61,20,77,10,9
2013-12-31, , ,18,35,13,6
