"","date","china_average","seoul_average"
"1","2013/12/31",200,61
"2","2014/1/1",218.166666666667,85
"3","2014/1/10",224.833333333333,33
"4","2014/1/11",153.166666666667,49
"5","2014/1/12",119.5,57
"6","2014/1/13",190.722222222222,30
"7","2014/1/14",271.333333333333,42
"8","2014/1/15",222.055555555556,56
"9","2014/1/16",249.277777777778,80
"10","2014/1/17",197.611111111111,94
"11","2014/1/18",259.666666666667,57
"12","2014/1/19",204.944444444444,50
"13","2014/1/2",222.611111111111,53
"14","2014/1/20",80.7777777777778,60
"15","2014/1/21",114.166666666667,78
"16","2014/1/22",122.666666666667,88
"17","2014/1/23",179.111111111111,57
"18","2014/1/24",123.222222222222,65
"19","2014/1/25",77.2222222222222,53
"20","2014/1/26",101.5,36
"21","2014/1/27",100,40
"22","2014/1/28",96.7222222222222,32
"23","2014/1/29",206.222222222222,47
"24","2014/1/3",107.611111111111,57
"25","2014/1/30",266.388888888889,41
"26","2014/1/31",207.944444444444,25
"27","2014/1/4",193.5,49
"28","2014/1/5",253.666666666667,43
"29","2014/1/6",234.166666666667,61
"30","2014/1/7",93.2222222222222,74
"31","2014/1/8",122.333333333333,65
"32","2014/1/9",182.944444444444,21
"33","2014/10/1",98.8333333333333,27
"34","2014/10/10",122.666666666667,32
"35","2014/10/11",115.722222222222,33
"36","2014/10/12",68.3888888888889,26
"37","2014/10/13",107.111111111111,28
"38","2014/10/14",153.444444444444,39
"39","2014/10/15",100.888888888889,42
"40","2014/10/16",137.5,37
"41","2014/10/17",185.333333333333,43
"42","2014/10/18",99,59
"43","2014/10/19",104.5,35
"44","2014/10/2",101.166666666667,36
"45","2014/10/20",83.7222222222222,15
"46","2014/10/21",109.555555555556,17
"47","2014/10/22",133.833333333333,30
"48","2014/10/23",125.722222222222,44
"49","2014/10/24",110.222222222222,53
"50","2014/10/25",126.444444444444,41
"51","2014/10/26",80.6666666666667,45
"52","2014/10/27",100.944444444444,62
"53","2014/10/28",132.777777777778,64
"54","2014/10/29",114.222222222222,63
"55","2014/10/3",96.7777777777778,25
"56","2014/10/30",76.9444444444444,47
"57","2014/10/31",104.833333333333,42
"58","2014/10/4",117.444444444444,22
"59","2014/10/5",86.0555555555556,19
"60","2014/10/6",127.833333333333,33
"61","2014/10/7",117.722222222222,39
"62","2014/10/8",128.388888888889,46
"63","2014/10/9",127.333333333333,46
"64","2014/11/1",87.3888888888889,57
"65","2014/11/10",149.222222222222,69
"66","2014/11/11",101.611111111111,42
"67","2014/11/12",109.666666666667,65
"68","2014/11/13",148.666666666667,35
"69","2014/11/14",166.166666666667,36
"70","2014/11/15",153.111111111111,51
"71","2014/11/16",116.944444444444,36
"72","2014/11/17",141.222222222222,38
"73","2014/11/18",156.222222222222,59
"74","2014/11/19",152.222222222222,65
"75","2014/11/2",114.111111111111,42
"76","2014/11/20",244.611111111111,63
"77","2014/11/21",268.5,48
"78","2014/11/22",153.888888888889,66
"79","2014/11/23",135.388888888889,68
"80","2014/11/24",118.5,34
"81","2014/11/25",133.333333333333,33
"82","2014/11/26",122.666666666667,54
"83","2014/11/27",78.1111111111111,29
"84","2014/11/28",119.388888888889,20
"85","2014/11/29",105.444444444444,15
"86","2014/11/3",115.5,33
"87","2014/11/30",121.277777777778,44
"88","2014/11/4",148.888888888889,35
"89","2014/11/5",135.888888888889,58
"90","2014/11/6",74.7777777777778,54
"91","2014/11/7",101.222222222222,64
"92","2014/11/8",157,61
"93","2014/11/9",167.111111111111,59
"94","2014/12/1",90.9444444444444,74
"95","2014/12/10",121.666666666667,51
"96","2014/12/11",106.5,43
"97","2014/12/12",137,34
"98","2014/12/13",158.444444444444,38
"99","2014/12/14",189.166666666667,51
"100","2014/12/15",84.6666666666667,34
"101","2014/12/16",108.555555555556,22
"102","2014/12/17",135,30
"103","2014/12/18",115.388888888889,50
"104","2014/12/19",73.1666666666667,31
"105","2014/12/2",136.222222222222,28
"106","2014/12/20",83.7222222222222,21
"107","2014/12/21",115.277777777778,30
"108","2014/12/22",159.555555555556,49
"109","2014/12/23",151.666666666667,54
"110","2014/12/24",111.611111111111,31
"111","2014/12/25",149.333333333333,38
"112","2014/12/26",162.111111111111,58
"113","2014/12/27",197.777777777778,62
"114","2014/12/28",197.777777777778,62
"115","2014/12/3",121.666666666667,48
"116","2014/12/31",NA,52
"117","2014/12/4",117.722222222222,33
"118","2014/12/5",145.944444444444,37
"119","2014/12/6",149.333333333333,51
"120","2014/12/7",134.666666666667,45
"121","2014/12/8",152.777777777778,54
"122","2014/12/9",154.333333333333,54
"123","2014/2/1",180.5,27
"124","2014/2/10",87.9444444444444,27
"125","2014/2/11",126.333333333333,18
"126","2014/2/12",119.444444444444,23
"127","2014/2/13",147.777777777778,27
"128","2014/2/14",164.222222222222,18
"129","2014/2/15",129.722222222222,34
"130","2014/2/16",88.4444444444444,60
"131","2014/2/17",73.3888888888889,72
"132","2014/2/18",130.388888888889,23
"133","2014/2/19",147.222222222222,32
"134","2014/2/2",77.5555555555556,23
"135","2014/2/20",139.166666666667,62
"136","2014/2/21",129.833333333333,65
"137","2014/2/22",145.388888888889,82
"138","2014/2/23",172.722222222222,86
"139","2014/2/24",178.666666666667,119
"140","2014/2/25",136.611111111111,126
"141","2014/2/26",85.7777777777778,108
"142","2014/2/27",73.2777777777778,96
"143","2014/2/28",97.3333333333333,95
"144","2014/2/3",64.5555555555556,57
"145","2014/2/4",57.5555555555556,36
"146","2014/2/5",62.5,46
"147","2014/2/6",69.2222222222222,51
"148","2014/2/7",78.4444444444444,19
"149","2014/2/8",61.7222222222222,10
"150","2014/2/9",58.1666666666667,20
"151","2014/3/1",153.555555555556,80
"152","2014/3/10",130.833333333333,40
"153","2014/3/11",117.666666666667,50
"154","2014/3/12",94.6111111111111,40
"155","2014/3/13",115.333333333333,49
"156","2014/3/14",138.5,60
"157","2014/3/15",125,82
"158","2014/3/16",191.555555555556,81
"159","2014/3/17",261.777777777778,62
"160","2014/3/18",95.6111111111111,91
"161","2014/3/19",84.6666666666667,93
"162","2014/3/2",133.611111111111,30
"163","2014/3/20",99.4444444444444,58
"164","2014/3/21",113.5,33
"165","2014/3/22",139.388888888889,60
"166","2014/3/23",131.5,73
"167","2014/3/24",161.055555555556,58
"168","2014/3/25",201,57
"169","2014/3/26",149.166666666667,63
"170","2014/3/27",113.777777777778,76
"171","2014/3/28",142.222222222222,93
"172","2014/3/29",132.666666666667,53
"173","2014/3/3",98.1666666666667,58
"174","2014/3/30",155.722222222222,38
"175","2014/3/31",117.611111111111,61
"176","2014/3/4",98.2777777777778,76
"177","2014/3/5",106.944444444444,38
"178","2014/3/6",105.777777777778,34
"179","2014/3/7",123.333333333333,31
"180","2014/3/8",150.833333333333,43
"181","2014/3/9",135.944444444444,39
"182","2014/4/1",126.5,68
"183","2014/4/10",134.722222222222,58
"184","2014/4/11",116.555555555556,64
"185","2014/4/12",154.666666666667,69
"186","2014/4/13",134,69
"187","2014/4/14",161.666666666667,66
"188","2014/4/15",127.888888888889,69
"189","2014/4/16",115.5,113
"190","2014/4/17",122.5,79
"191","2014/4/18",88.0555555555556,64
"192","2014/4/19",133.222222222222,48
"193","2014/4/2",121.333333333333,63
"194","2014/4/20",151.222222222222,42
"195","2014/4/21",150.555555555556,58
"196","2014/4/22",118.388888888889,61
"197","2014/4/23",97.6111111111111,73
"198","2014/4/24",96.4444444444444,93
"199","2014/4/25",60,65
"200","2014/4/26",70.2222222222222,56
"201","2014/4/27",83.5,29
"202","2014/4/28",122.611111111111,13
"203","2014/4/29",127.666666666667,14
"204","2014/4/3",138.388888888889,61
"205","2014/4/30",133.5,27
"206","2014/4/4",98.0555555555556,22
"207","2014/4/5",101.111111111111,45
"208","2014/4/6",116.111111111111,38
"209","2014/4/7",141.777777777778,63
"210","2014/4/8",144.888888888889,52
"211","2014/4/9",151.166666666667,65
"212","2014/5/1",120.777777777778,52
"213","2014/5/10",53.3888888888889,39
"214","2014/5/11",90.7777777777778,32
"215","2014/5/12",105.944444444444,39
"216","2014/5/13",117.611111111111,77
"217","2014/5/14",115.888888888889,71
"218","2014/5/15",119.166666666667,49
"219","2014/5/16",123.777777777778,53
"220","2014/5/17",103.555555555556,56
"221","2014/5/18",115,56
"222","2014/5/19",130.555555555556,60
"223","2014/5/2",104.555555555556,71
"224","2014/5/20",138.888888888889,66
"225","2014/5/21",149.111111111111,59
"226","2014/5/22",113.5,46
"227","2014/5/23",71.7777777777778,65
"228","2014/5/24",119.444444444444,63
"229","2014/5/25",133.611111111111,53
"230","2014/5/26",161.5,74
"231","2014/5/27",123.055555555556,114
"232","2014/5/28",136.888888888889,123
"233","2014/5/29",177.666666666667,103
"234","2014/5/3",97.0555555555556,28
"235","2014/5/30",187.388888888889,69
"236","2014/5/31",88.2222222222222,91
"237","2014/5/4",98.7777777777778,40
"238","2014/5/5",122.277777777778,37
"239","2014/5/6",110.222222222222,40
"240","2014/5/7",106.888888888889,47
"241","2014/5/8",97.4444444444444,36
"242","2014/5/9",78.2777777777778,46
"243","2014/6/1",57.9444444444444,79
"244","2014/6/10",94.0555555555556,35
"245","2014/6/11",99.7222222222222,22
"246","2014/6/12",126.222222222222,27
"247","2014/6/13",141.5,58
"248","2014/6/14",110.666666666667,42
"249","2014/6/15",110.888888888889,44
"250","2014/6/16",85.2777777777778,37
"251","2014/6/17",84,68
"252","2014/6/18",111,51
"253","2014/6/19",72.3333333333333,53
"254","2014/6/2",67.7222222222222,77
"255","2014/6/20",77.4444444444444,56
"256","2014/6/21",100.944444444444,27
"257","2014/6/22",96.7222222222222,22
"258","2014/6/23",108.388888888889,33
"259","2014/6/24",116.111111111111,45
"260","2014/6/25",97.5555555555556,55
"261","2014/6/26",91.1666666666667,52
"262","2014/6/27",94.1666666666667,37
"263","2014/6/28",118.722222222222,40
"264","2014/6/29",107.722222222222,35
"265","2014/6/3",89.3888888888889,30
"266","2014/6/30",124.388888888889,36
"267","2014/6/4",96.1666666666667,23
"268","2014/6/5",126,21
"269","2014/6/6",77.3333333333333,30
"270","2014/6/7",103.555555555556,39
"271","2014/6/8",97,35
"272","2014/6/9",99.4444444444444,44
"273","2014/7/1",83.5555555555556,48
"274","2014/7/10",110.388888888889,33
"275","2014/7/11",120.333333333333,59
"276","2014/7/12",98.5555555555556,67
"277","2014/7/13",104.5,57
"278","2014/7/14",85.6111111111111,70
"279","2014/7/15",97.6111111111111,79
"280","2014/7/16",92.7777777777778,55
"281","2014/7/17",85.1666666666667,24
"282","2014/7/18",86.7777777777778,16
"283","2014/7/19",83.1666666666667,47
"284","2014/7/2",86.2222222222222,70
"285","2014/7/20",98.1666666666667,56
"286","2014/7/21",98.5,58
"287","2014/7/22",83.1111111111111,19
"288","2014/7/23",100.277777777778,18
"289","2014/7/24",52.1111111111111,12
"290","2014/7/25",98.5555555555556,18
"291","2014/7/26",114.944444444444,32
"292","2014/7/27",116.722222222222,72
"293","2014/7/28",98.7222222222222,66
"294","2014/7/29",72.2777777777778,41
"295","2014/7/3",97.0555555555556,25
"296","2014/7/30",101.888888888889,30
"297","2014/7/31",76.2222222222222,29
"298","2014/7/4",94.1111111111111,19
"299","2014/7/5",95.0555555555556,35
"300","2014/7/6",105,27
"301","2014/7/7",112.777777777778,35
"302","2014/7/8",104.444444444444,32
"303","2014/7/9",95.0555555555556,22
"304","2014/8/1",71.7222222222222,18
"305","2014/8/10",107.666666666667,12
"306","2014/8/11",93.2222222222222,26
"307","2014/8/12",79.9444444444444,59
"308","2014/8/13",79.7777777777778,67
"309","2014/8/14",107.555555555556,30
"310","2014/8/15",106,35
"311","2014/8/16",90.1666666666667,44
"312","2014/8/17",71.3888888888889,43
"313","2014/8/18",94.5555555555556,8
"314","2014/8/19",114.611111111111,15
"315","2014/8/2",89.4444444444444,14
"316","2014/8/20",120.055555555556,34
"317","2014/8/21",111.777777777778,17
"318","2014/8/22",114.611111111111,62
"319","2014/8/23",79.8888888888889,71
"320","2014/8/24",84.4444444444444,61
"321","2014/8/25",105.888888888889,49
"322","2014/8/26",108.222222222222,13
"323","2014/8/27",92,9
"324","2014/8/28",99.3333333333333,19
"325","2014/8/29",97.2777777777778,26
"326","2014/8/3",119.444444444444,9
"327","2014/8/30",82.7777777777778,23
"328","2014/8/31",91.1666666666667,26
"329","2014/8/4",83.5555555555556,10
"330","2014/8/5",74.4444444444444,47
"331","2014/8/6",73.3333333333333,49
"332","2014/8/7",83.0555555555556,43
"333","2014/8/8",74.5,21
"334","2014/8/9",79.2777777777778,22
"335","2014/9/1",66.6666666666667,33
"336","2014/9/10",86.1666666666667,29
"337","2014/9/11",70.2222222222222,40
"338","2014/9/12",80.5,42
"339","2014/9/13",82.1111111111111,23
"340","2014/9/14",72.9444444444444,16
"341","2014/9/15",69.6111111111111,40
"342","2014/9/16",60.4444444444444,37
"343","2014/9/17",85.1666666666667,53
"344","2014/9/18",104.277777777778,23
"345","2014/9/19",94.3333333333333,31
"346","2014/9/2",59.1666666666667,23
"347","2014/9/20",101.5,32
"348","2014/9/21",113.444444444444,32
"349","2014/9/22",103,30
"350","2014/9/23",103.611111111111,26
"351","2014/9/24",91.3333333333333,19
"352","2014/9/25",107.888888888889,22
"353","2014/9/26",124.5,28
"354","2014/9/27",115.722222222222,34
"355","2014/9/28",74.6111111111111,43
"356","2014/9/29",61,50
"357","2014/9/3",85.4444444444444,7
"358","2014/9/30",87.1111111111111,24
"359","2014/9/4",102.888888888889,16
"360","2014/9/5",106,28
"361","2014/9/6",109.777777777778,37
"362","2014/9/7",108.222222222222,48
"363","2014/9/8",94.5,54
"364","2014/9/9",93.7222222222222,56
"365","2015/1/1",NA,32
"366","2015/1/10",164.666666666667,50
"367","2015/1/11",84.5,49
"368","2015/1/12",99.7777777777778,62
"369","2015/1/13",116.944444444444,72
"370","2015/1/14",191.777777777778,64
"371","2015/1/15",189.833333333333,77
"372","2015/1/16",99.4444444444444,39
"373","2015/1/17",127.833333333333,36
"374","2015/1/18",117.277777777778,64
"375","2015/1/19",108.055555555556,52
"376","2015/1/2",138.777777777778,43
"377","2015/1/20",113.777777777778,64
"378","2015/1/21",96.8888888888889,50
"379","2015/1/22",131.611111111111,46
"380","2015/1/23",172.611111111111,57
"381","2015/1/24",112.055555555556,67
"382","2015/1/25",124.833333333333,44
"383","2015/1/26",59.8888888888889,54
"384","2015/1/27",69.8888888888889,50
"385","2015/1/28",89.3333333333333,56
"386","2015/1/29",93.6111111111111,43
"387","2015/1/3",223.111111111111,48
"388","2015/1/30",88.1666666666667,46
"389","2015/1/31",104.833333333333,34
"390","2015/1/4",234.111111111111,71
"391","2015/1/5",76.2222222222222,40
"392","2015/1/6",98.3888888888889,39
"393","2015/1/7",163.722222222222,47
"394","2015/1/8",263.944444444444,53
"395","2015/1/9",250.777777777778,44
"396","2015/10/1",114.944444444444,32
"397","2015/10/10",83.8888888888889,18
"398","2015/10/11",100.833333333333,19
"399","2015/10/12",114.611111111111,30
"400","2015/10/13",165.055555555556,53
"401","2015/10/14",165.944444444444,62
"402","2015/10/15",201.055555555556,73
"403","2015/10/16",156.333333333333,64
"404","2015/10/17",130.888888888889,71
"405","2015/10/18",109.5,87
"406","2015/10/19",147.666666666667,89
"407","2015/10/2",162.333333333333,45
"408","2015/10/20",127.722222222222,97
"409","2015/10/21",101.611111111111,78
"410","2015/10/22",123.333333333333,55
"411","2015/10/23",130.222222222222,38
"412","2015/10/24",74.1666666666667,33
"413","2015/10/25",76.2222222222222,37
"414","2015/10/26",88.9444444444444,37
"415","2015/10/27",103.444444444444,34
"416","2015/10/28",76.5,25
"417","2015/10/29",73.2222222222222,32
"418","2015/10/3",176.722222222222,30
"419","2015/10/30",93.5555555555556,32
"420","2015/10/31",93.1666666666667,45
"421","2015/10/4",149.444444444444,32
"422","2015/10/5",131.777777777778,35
"423","2015/10/6",87.0555555555556,47
"424","2015/10/7",70.8888888888889,59
"425","2015/10/8",91.8333333333333,36
"426","2015/10/9",72.6111111111111,26
"427","2015/11/1",129.888888888889,56
"428","2015/11/10",140.611111111111,45
"429","2015/11/11",157.944444444444,17
"430","2015/11/12",104.666666666667,15
"431","2015/11/13",99.2777777777778,12
"432","2015/11/14",130.055555555556,21
"433","2015/11/15",88,31
"434","2015/11/16",79.1111111111111,19
"435","2015/11/17",63.5555555555556,12
"436","2015/11/18",91.3888888888889,16
"437","2015/11/19",114.611111111111,38
"438","2015/11/2",127.388888888889,71
"439","2015/11/20",91.1111111111111,52
"440","2015/11/21",40.3888888888889,33
"441","2015/11/22",44.8333333333333,9
"442","2015/11/23",44.7777777777778,27
"443","2015/11/24",69.7777777777778,13
"444","2015/11/25",65.6666666666667,37
"445","2015/11/26",89.7777777777778,45
"446","2015/11/27",130.888888888889,49
"447","2015/11/28",195.444444444444,44
"448","2015/11/29",269.222222222222,49
"449","2015/11/3",111.888888888889,81
"450","2015/11/30",205.722222222222,61
"451","2015/11/4",116.555555555556,76
"452","2015/11/5",42.0555555555556,54
"453","2015/11/6",48.6111111111111,12
"454","2015/11/7",82,5
"455","2015/11/8",102.222222222222,12
"456","2015/11/9",118.055555555556,51
"457","2015/12/1",128.166666666667,57
"458","2015/12/10",95.8333333333333,36
"459","2015/12/11",105.5,31
"460","2015/12/12",157.777777777778,44
"461","2015/12/13",184.888888888889,50
"462","2015/12/14",135.222222222222,59
"463","2015/12/15",65.0555555555556,32
"464","2015/12/16",80.5,21
"465","2015/12/17",130.111111111111,46
"466","2015/12/18",200.722222222222,65
"467","2015/12/19",207.111111111111,59
"468","2015/12/2",83.8888888888889,21
"469","2015/12/20",290.5,55
"470","2015/12/21",231.444444444444,64
"471","2015/12/22",318.777777777778,58
"472","2015/12/23",400,88
"473","2015/12/24",313.055555555556,32
"474","2015/12/25",206.944444444444,68
"475","2015/12/26",64.3333333333333,33
"476","2015/12/27",109.888888888889,27
"477","2015/12/28",154.777777777778,61
"478","2015/12/29",204.777777777778,62
"479","2015/12/3",94.8888888888889,46
"480","2015/12/30",191.666666666667,62
"481","2015/12/31",191.666666666667,NA
"482","2015/12/4",149.166666666667,38
"483","2015/12/5",165.888888888889,38
"484","2015/12/6",174.888888888889,55
"485","2015/12/7",166.388888888889,63
"486","2015/12/8",107.722222222222,73
"487","2015/12/9",216.888888888889,48
"488","2015/2/1",125.222222222222,48
"489","2015/2/10",158.277777777778,79
"490","2015/2/11",127.666666666667,42
"491","2015/2/12",121.388888888889,36
"492","2015/2/13",132.777777777778,58
"493","2015/2/14",128,76
"494","2015/2/15",140.666666666667,46
"495","2015/2/16",134.5,62
"496","2015/2/17",96.0555555555556,63
"497","2015/2/18",120.444444444444,64
"498","2015/2/19",66.4444444444444,57
"499","2015/2/2",164.833333333333,64
"500","2015/2/20",98.8333333333333,29
"501","2015/2/21",164.333333333333,202
"502","2015/2/22",109,554
"503","2015/2/23",123.166666666667,91
"504","2015/2/24",132.666666666667,70
"505","2015/2/25",99.9444444444444,39
"506","2015/2/26",62.9444444444444,34
"507","2015/2/27",72.3333333333333,50
"508","2015/2/28",115.444444444444,80
"509","2015/2/3",146.611111111111,76
"510","2015/2/4",79.3888888888889,83
"511","2015/2/5",107.722222222222,58
"512","2015/2/6",127.555555555556,53
"513","2015/2/7",66.1111111111111,87
"514","2015/2/8",96.4444444444444,41
"515","2015/2/9",117.777777777778,82
"516","2015/3/1",108.388888888889,80
"517","2015/3/10",97.2222222222222,43
"518","2015/3/11",129.166666666667,37
"519","2015/3/12",145.888888888889,50
"520","2015/3/13",102.555555555556,43
"521","2015/3/14",140.555555555556,48
"522","2015/3/15",131.722222222222,78
"523","2015/3/16",115.055555555556,106
"524","2015/3/17",89.1666666666667,77
"525","2015/3/18",138.555555555556,58
"526","2015/3/19",181.055555555556,87
"527","2015/3/2",113.444444444444,55
"528","2015/3/20",158.444444444444,127
"529","2015/3/21",210.111111111111,115
"530","2015/3/22",109.222222222222,58
"531","2015/3/23",108.888888888889,49
"532","2015/3/24",98.1111111111111,48
"533","2015/3/25",92.5555555555556,51
"534","2015/3/26",92.2222222222222,59
"535","2015/3/27",144.388888888889,52
"536","2015/3/28",351.444444444444,64
"537","2015/3/29",192.944444444444,115
"538","2015/3/3",66.8333333333333,45
"539","2015/3/30",108.277777777778,98
"540","2015/3/31",63.2222222222222,29
"541","2015/3/4",87.3333333333333,49
"542","2015/3/5",104.555555555556,52
"543","2015/3/6",102.722222222222,55
"544","2015/3/7",96.9444444444444,70
"545","2015/3/8",84.1111111111111,64
"546","2015/3/9",82.5555555555556,33
"547","2015/4/1",58.8888888888889,26
"548","2015/4/10",105.833333333333,68
"549","2015/4/11",87.2777777777778,55
"550","2015/4/12",61,30
"551","2015/4/13",94.1111111111111,23
"552","2015/4/14",116.5,40
"553","2015/4/15",186.666666666667,72
"554","2015/4/16",144.166666666667,68
"555","2015/4/17",118.111111111111,62
"556","2015/4/18",74.6111111111111,36
"557","2015/4/19",94.1666666666667,13
"558","2015/4/2",79.5,35
"559","2015/4/20",113.111111111111,45
"560","2015/4/21",106.611111111111,67
"561","2015/4/22",114.888888888889,63
"562","2015/4/23",136.777777777778,68
"563","2015/4/24",136.611111111111,61
"564","2015/4/25",117.277777777778,40
"565","2015/4/26",99.7222222222222,57
"566","2015/4/27",97.3888888888889,49
"567","2015/4/28",106.722222222222,50
"568","2015/4/29",120.055555555556,34
"569","2015/4/3",92.8333333333333,18
"570","2015/4/30",88.6111111111111,48
"571","2015/4/4",130.222222222222,18
"572","2015/4/5",88.3333333333333,54
"573","2015/4/6",64.6666666666667,46
"574","2015/4/7",86.0555555555556,30
"575","2015/4/8",87.1666666666667,55
"576","2015/4/9",111.944444444444,58
"577","2015/5/1",69.8888888888889,39
"578","2015/5/10",56.6666666666667,48
"579","2015/5/11",85.8888888888889,37
"580","2015/5/12",102.888888888889,61
"581","2015/5/13",131.5,56
"582","2015/5/14",109.888888888889,86
"583","2015/5/15",107.388888888889,54
"584","2015/5/16",112.722222222222,57
"585","2015/5/17",103.555555555556,48
"586","2015/5/18",116.611111111111,51
"587","2015/5/19",76.2777777777778,46
"588","2015/5/2",108.888888888889,28
"589","2015/5/20",95.1111111111111,46
"590","2015/5/21",93.1111111111111,55
"591","2015/5/22",92.1666666666667,49
"592","2015/5/23",109.777777777778,34
"593","2015/5/24",115.222222222222,46
"594","2015/5/25",101.5,44
"595","2015/5/26",94.3333333333333,43
"596","2015/5/27",77.2222222222222,44
"597","2015/5/28",80.4444444444444,49
"598","2015/5/29",90.6111111111111,44
"599","2015/5/3",99,50
"600","2015/5/30",99.2222222222222,44
"601","2015/5/31",90.8333333333333,40
"602","2015/5/4",101.777777777778,42
"603","2015/5/5",107.111111111111,49
"604","2015/5/6",103.944444444444,47
"605","2015/5/7",94.2222222222222,57
"606","2015/5/8",74.8888888888889,45
"607","2015/5/9",78.0555555555556,44
"608","2015/6/1",98.7222222222222,39
"609","2015/6/10",84,43
"610","2015/6/11",100.222222222222,47
"611","2015/6/12",112.777777777778,72
"612","2015/6/13",81.7222222222222,34
"613","2015/6/14",105.944444444444,40
"614","2015/6/15",114.222222222222,51
"615","2015/6/16",110.944444444444,40
"616","2015/6/17",101.444444444444,31
"617","2015/6/18",96.8333333333333,23
"618","2015/6/19",64.1111111111111,40
"619","2015/6/2",83.3333333333333,45
"620","2015/6/20",87.5,23
"621","2015/6/21",89.3888888888889,34
"622","2015/6/22",92.7777777777778,36
"623","2015/6/23",69.4444444444444,45
"624","2015/6/24",55.2222222222222,44
"625","2015/6/25",76.6111111111111,13
"626","2015/6/26",86.7777777777778,11
"627","2015/6/27",80.3333333333333,25
"628","2015/6/28",65.9444444444444,25
"629","2015/6/29",57.5555555555556,33
"630","2015/6/3",91,43
"631","2015/6/30",82.1111111111111,34
"632","2015/6/4",89.9444444444444,36
"633","2015/6/5",130.222222222222,35
"634","2015/6/6",106.333333333333,34
"635","2015/6/7",79.0555555555556,39
"636","2015/6/8",112.388888888889,48
"637","2015/6/9",105.833333333333,52
"638","2015/7/1",80.4444444444444,48
"639","2015/7/10",73.3333333333333,30
"640","2015/7/11",73.2222222222222,11
"641","2015/7/12",105.777777777778,27
"642","2015/7/13",108.111111111111,66
"643","2015/7/14",87,53
"644","2015/7/15",97.5555555555556,12
"645","2015/7/16",86.2222222222222,12
"646","2015/7/17",79.8888888888889,30
"647","2015/7/18",62.6111111111111,26
"648","2015/7/19",70.8888888888889,23
"649","2015/7/2",83.3888888888889,44
"650","2015/7/20",84,27
"651","2015/7/21",84.0555555555556,34
"652","2015/7/22",85.2222222222222,27
"653","2015/7/23",83.9444444444444,15
"654","2015/7/24",84.6111111111111,20
"655","2015/7/25",104.833333333333,19
"656","2015/7/26",101.5,30
"657","2015/7/27",69.6111111111111,40
"658","2015/7/28",71.6666666666667,36
"659","2015/7/29",64.2777777777778,68
"660","2015/7/3",75.2777777777778,34
"661","2015/7/30",51.9444444444444,59
"662","2015/7/31",82.8333333333333,51
"663","2015/7/4",85.8888888888889,38
"664","2015/7/5",100.333333333333,33
"665","2015/7/6",97.2777777777778,39
"666","2015/7/7",101.222222222222,11
"667","2015/7/8",93.2222222222222,11
"668","2015/7/9",88.8333333333333,19
"669","2015/8/1",81.1666666666667,34
"670","2015/8/10",78.6111111111111,59
"671","2015/8/11",93.7777777777778,53
"672","2015/8/12",106.444444444444,43
"673","2015/8/13",97.5,41
"674","2015/8/14",81.6666666666667,59
"675","2015/8/15",97.6666666666667,67
"676","2015/8/16",107.666666666667,28
"677","2015/8/17",101.5,23
"678","2015/8/18",82.9444444444444,39
"679","2015/8/19",79,37
"680","2015/8/2",64.2222222222222,34
"681","2015/8/20",92.5,31
"682","2015/8/21",97.9444444444444,40
"683","2015/8/22",65.3333333333333,39
"684","2015/8/23",69.3888888888889,33
"685","2015/8/24",60.2222222222222,8
"686","2015/8/25",60.4444444444444,10
"687","2015/8/26",69.3888888888889,22
"688","2015/8/27",81.6111111111111,31
"689","2015/8/28",74.2777777777778,35
"690","2015/8/29",78.1111111111111,36
"691","2015/8/3",61.1111111111111,28
"692","2015/8/30",71.9444444444444,37
"693","2015/8/31",50.2222222222222,27
"694","2015/8/4",90.2222222222222,35
"695","2015/8/5",60.1666666666667,36
"696","2015/8/6",71,42
"697","2015/8/7",63.7222222222222,36
"698","2015/8/8",60.0555555555556,22
"699","2015/8/9",66.3333333333333,31
"700","2015/9/1",53.4444444444444,27
"701","2015/9/10",54.1666666666667,44
"702","2015/9/11",58.0555555555556,22
"703","2015/9/12",72,23
"704","2015/9/13",86.2222222222222,35
"705","2015/9/14",73.3333333333333,30
"706","2015/9/15",82.5,17
"707","2015/9/16",92.7222222222222,13
"708","2015/9/17",102.444444444444,19
"709","2015/9/18",107.333333333333,34
"710","2015/9/19",95.2777777777778,52
"711","2015/9/2",67.8888888888889,26
"712","2015/9/20",102.555555555556,53
"713","2015/9/21",85.6666666666667,46
"714","2015/9/22",86,45
"715","2015/9/23",126.888888888889,42
"716","2015/9/24",104.444444444444,38
"717","2015/9/25",83.4444444444444,53
"718","2015/9/26",102.722222222222,39
"719","2015/9/27",90.5,33
"720","2015/9/28",71.7222222222222,28
"721","2015/9/29",63.5,19
"722","2015/9/3",83.4444444444444,33
"723","2015/9/30",69.2222222222222,18
"724","2015/9/4",58.2777777777778,36
"725","2015/9/5",60.1666666666667,15
"726","2015/9/6",62.7777777777778,13
"727","2015/9/7",78.3333333333333,13
"728","2015/9/8",76.1666666666667,17
"729","2015/9/9",80.7777777777778,30
"730","2016/1/10",84.5555555555556,43
"731","2016/1/11",76.7777777777778,53
"732","2016/1/12",115.333333333333,42
"733","2016/1/13",185.5,50
"734","2016/1/14",198.222222222222,51
"735","2016/1/15",217.111111111111,70
"736","2016/1/16",147.388888888889,71
"737","2016/1/17",92.2777777777778,56
"738","2016/1/18",103.444444444444,37
"739","2016/1/19",96.7222222222222,42
"740","2016/1/20",99.8888888888889,53
"741","2016/1/21",107.5,55
"742","2016/1/22",67.8333333333333,35
"743","2016/1/23",70,43
"744","2016/1/24",92.6666666666667,55
"745","2016/1/25",113.944444444444,77
"746","2016/1/26",142.777777777778,66
"747","2016/1/27",150.222222222222,60
"748","2016/1/28",100.444444444444,54
"749","2016/1/29",68.5,42
"750","2016/1/3",126.5,47
"751","2016/1/30",73.6666666666667,44
"752","2016/1/31",96.6111111111111,43
"753","2016/1/4",102.777777777778,34
"754","2016/1/5",124.666666666667,58
"755","2016/1/6",100.444444444444,45
"756","2016/1/7",137.444444444444,36
"757","2016/1/8",211.833333333333,40
"758","2016/1/9",257.833333333333,36
"759","2016/10/1",70.2222222222222,35
"760","2016/10/10",85.4444444444444,45
"761","2016/10/11",107,59
"762","2016/10/12",112.944444444444,46
"763","2016/10/13",100.722222222222,70
"764","2016/10/14",78.4444444444444,79
"765","2016/10/15",63.2222222222222,60
"766","2016/10/16",98.4444444444444,57
"767","2016/10/17",121.111111111111,60
"768","2016/10/18",111.166666666667,66
"769","2016/10/19",92.3333333333333,67
"770","2016/10/2",84.2777777777778,19
"771","2016/10/20",64.7222222222222,27
"772","2016/10/21",53.5,35
"773","2016/10/22",46.6666666666667,13
"774","2016/10/23",63.3888888888889,19
"775","2016/10/24",73.3888888888889,17
"776","2016/10/25",94.8333333333333,46
"777","2016/10/26",64.8333333333333,52
"778","2016/10/27",48.6111111111111,43
"779","2016/10/28",60.5555555555556,41
"780","2016/10/29",76.7777777777778,28
"781","2016/10/3",86.2777777777778,36
"782","2016/10/30",54,34
"783","2016/10/31",61.0555555555556,25
"784","2016/10/4",76.2222222222222,28
"785","2016/10/5",65.7222222222222,44
"786","2016/10/6",62.6111111111111,30
"787","2016/10/7",62,23
"788","2016/10/8",65.8888888888889,20
"789","2016/10/9",80.2222222222222,30
"790","2016/11/1",96,39
"791","2016/11/10",105.5,50
"792","2016/11/11",131.611111111111,75
"793","2016/11/12",168.611111111111,64
"794","2016/11/13",159.944444444444,55
"795","2016/11/14",90,62
"796","2016/11/15",83.7222222222222,59
"797","2016/11/16",125.055555555556,68
"798","2016/11/17",133.444444444444,85
"799","2016/11/18",115.944444444444,62
"800","2016/11/19",77.1111111111111,47
"801","2016/11/2",109.555555555556,46
"802","2016/11/20",48.3333333333333,64
"803","2016/11/21",41.5,46
"804","2016/11/22",60.3333333333333,42
"805","2016/11/23",88.6111111111111,29
"806","2016/11/24",104.777777777778,39
"807","2016/11/25",140.166666666667,58
"808","2016/11/26",127,71
"809","2016/11/27",102.166666666667,73
"810","2016/11/28",140.666666666667,41
"811","2016/11/29",135.222222222222,49
"812","2016/11/3",105.388888888889,65
"813","2016/11/30",150.333333333333,50
"814","2016/11/4",129.888888888889,74
"815","2016/11/5",112.888888888889,34
"816","2016/11/6",86.2777777777778,38
"817","2016/11/7",72.6111111111111,65
"818","2016/11/8",82.6111111111111,46
"819","2016/11/9",81.1666666666667,47
"820","2016/12/1",146.5,37
"821","2016/12/10",108.611111111111,36
"822","2016/12/11",105.333333333333,47
"823","2016/12/12",58.5555555555556,63
"824","2016/12/13",66.1666666666667,58
"825","2016/12/14",106.333333333333,38
"826","2016/12/15",115.5,35
"827","2016/12/16",120.388888888889,63
"828","2016/12/17",184,55
"829","2016/12/18",316.277777777778,40
"830","2016/12/19",301.777777777778,56
"831","2016/12/2",144.388888888889,55
"832","2016/12/20",189.388888888889,45
"833","2016/12/21",128.388888888889,25
"834","2016/12/22",100.555555555556,58
"835","2016/12/23",91.8333333333333,68
"836","2016/12/24",99.7222222222222,59
"837","2016/12/25",73.6666666666667,51
"838","2016/12/26",74.1111111111111,45
"839","2016/12/27",115.444444444444,49
"840","2016/12/28",115.944444444444,40
"841","2016/12/29",127.111111111111,45
"842","2016/12/3",185.888888888889,76
"843","2016/12/30",176.333333333333,62
"844","2016/12/31",NA,71
"845","2016/12/4",165.611111111111,80
"846","2016/12/5",99.4444444444444,27
"847","2016/12/6",141.5,51
"848","2016/12/7",154,60
"849","2016/12/8",74.5555555555556,37
"850","2016/12/9",88.4444444444444,36
"851","2016/2/1",117.111111111111,49
"852","2016/2/10",111.944444444444,51
"853","2016/2/11",127.333333333333,40
"854","2016/2/12",41.2222222222222,17
"855","2016/2/13",42.5,32
"856","2016/2/14",60.1666666666667,36
"857","2016/2/15",68.5,32
"858","2016/2/16",88.2777777777778,43
"859","2016/2/17",85.8888888888889,48
"860","2016/2/18",105.666666666667,79
"861","2016/2/19",67.2222222222222,51
"862","2016/2/2",136.833333333333,62
"863","2016/2/20",86.1666666666667,29
"864","2016/2/21",145.166666666667,46
"865","2016/2/22",120.222222222222,55
"866","2016/2/23",82.5,36
"867","2016/2/24",125.277777777778,51
"868","2016/2/25",130,52
"869","2016/2/26",148.444444444444,69
"870","2016/2/27",86.8333333333333,50
"871","2016/2/28",61.5555555555556,61
"872","2016/2/29",91.8333333333333,36
"873","2016/2/3",134.666666666667,61
"874","2016/2/4",104.055555555556,50
"875","2016/2/5",78.0555555555556,56
"876","2016/2/6",117.055555555556,51
"877","2016/2/7",174.277777777778,64
"878","2016/2/8",98.2777777777778,59
"879","2016/2/9",86.6666666666667,43
"880","2016/3/1",131.722222222222,42
"881","2016/3/10",106.5,39
"882","2016/3/11",117.5,51
"883","2016/3/12",110.277777777778,63
"884","2016/3/13",112.611111111111,66
"885","2016/3/14",112.722222222222,59
"886","2016/3/15",109.277777777778,66
"887","2016/3/16",112.611111111111,73
"888","2016/3/17",149.666666666667,67
"889","2016/3/18",181.722222222222,75
"890","2016/3/19",107.166666666667,79
"891","2016/3/2",156.166666666667,57
"892","2016/3/20",110.555555555556,82
"893","2016/3/21",139.5,72
"894","2016/3/22",75.8888888888889,75
"895","2016/3/23",83.2222222222222,43
"896","2016/3/24",90.7777777777778,72
"897","2016/3/25",105.333333333333,69
"898","2016/3/26",100.944444444444,69
"899","2016/3/27",127.222222222222,67
"900","2016/3/28",105.166666666667,87
"901","2016/3/29",124.722222222222,85
"902","2016/3/3",138.166666666667,73
"903","2016/3/30",124.777777777778,55
"904","2016/3/31",101.055555555556,72
"905","2016/3/4",193,26
"906","2016/3/5",204.333333333333,78
"907","2016/3/6",155.888888888889,98
"908","2016/3/7",79.8333333333333,68
"909","2016/3/8",59.2777777777778,49
"910","2016/3/9",79.2222222222222,38
"911","2016/4/1",173.944444444444,77
"912","2016/4/10",100.444444444444,52
"913","2016/4/11",104.722222222222,61
"914","2016/4/12",147.277777777778,63
"915","2016/4/13",144.555555555556,61
"916","2016/4/14",125.888888888889,59
"917","2016/4/15",78.8333333333333,60
"918","2016/4/16",81.1111111111111,42
"919","2016/4/17",76.5,66
"920","2016/4/18",82.2777777777778,50
"921","2016/4/19",99.1666666666667,66
"922","2016/4/2",68.7222222222222,56
"923","2016/4/20",149.333333333333,32
"924","2016/4/21",190.777777777778,68
"925","2016/4/22",209.333333333333,143
"926","2016/4/23",162.833333333333,124
"927","2016/4/24",114.5,76
"928","2016/4/25",99.7777777777778,79
"929","2016/4/26",103.666666666667,58
"930","2016/4/27",104.111111111111,60
"931","2016/4/28",116.444444444444,67
"932","2016/4/29",103.166666666667,78
"933","2016/4/3",90.7222222222222,30
"934","2016/4/30",97.5555555555556,51
"935","2016/4/4",98.6111111111111,63
"936","2016/4/5",84.3333333333333,71
"937","2016/4/6",124.055555555556,48
"938","2016/4/7",175.833333333333,69
"939","2016/4/8",210.388888888889,98
"940","2016/4/9",168.944444444444,111
"941","2016/5/1",105.166666666667,56
"942","2016/5/10",116.5,33
"943","2016/5/11",88.8333333333333,33
"944","2016/5/12",69.8333333333333,41
"945","2016/5/13",69.7222222222222,40
"946","2016/5/14",56.7777777777778,40
"947","2016/5/15",74.5555555555556,35
"948","2016/5/16",82.8333333333333,69
"949","2016/5/17",81.2222222222222,55
"950","2016/5/18",77.6111111111111,45
"951","2016/5/19",72.8333333333333,50
"952","2016/5/2",73.8888888888889,22
"953","2016/5/20",71.5,43
"954","2016/5/21",76.7777777777778,59
"955","2016/5/22",95.7777777777778,72
"956","2016/5/23",84.8888888888889,37
"957","2016/5/24",85.1111111111111,82
"958","2016/5/25",84.8333333333333,94
"959","2016/5/26",111.666666666667,84
"960","2016/5/27",74.1666666666667,78
"961","2016/5/28",82.1666666666667,80
"962","2016/5/29",103.611111111111,84
"963","2016/5/3",87.6111111111111,55
"964","2016/5/30",98.9444444444444,81
"965","2016/5/31",67.6666666666667,47
"966","2016/5/4",90.7777777777778,61
"967","2016/5/5",251.055555555556,47
"968","2016/5/6",138.777777777778,99
"969","2016/5/7",93.7777777777778,60
"970","2016/5/8",73.6666666666667,64
"971","2016/5/9",86.3888888888889,36
"972","2016/6/1",75.2777777777778,38
"973","2016/6/10",87.6111111111111,55
"974","2016/6/11",71.9444444444444,32
"975","2016/6/12",86.2222222222222,65
"976","2016/6/13",56,58
"977","2016/6/14",57.0555555555556,41
"978","2016/6/15",77.8888888888889,32
"979","2016/6/16",77.8333333333333,58
"980","2016/6/17",77.3333333333333,68
"981","2016/6/18",81.4444444444444,46
"982","2016/6/19",79.2777777777778,54
"983","2016/6/2",80.0555555555556,51
"984","2016/6/20",75.8333333333333,61
"985","2016/6/21",65.8333333333333,69
"986","2016/6/22",62.8333333333333,41
"987","2016/6/23",53.2222222222222,48
"988","2016/6/24",68.6111111111111,34
"989","2016/6/25",84.7777777777778,36
"990","2016/6/26",78.5555555555556,38
"991","2016/6/27",58.8333333333333,64
"992","2016/6/28",67.8333333333333,42
"993","2016/6/29",79.6666666666667,31
"994","2016/6/3",67.6111111111111,58
"995","2016/6/30",51.0555555555556,26
"996","2016/6/4",67.1111111111111,55
"997","2016/6/5",76.7222222222222,27
"998","2016/6/6",83.3888888888889,43
"999","2016/6/7",87.7777777777778,44
"1000","2016/6/8",97.8888888888889,58
"1001","2016/6/9",79.3888888888889,65
"1002","2016/7/1",78.6111111111111,14
"1003","2016/7/10",63.2777777777778,55
"1004","2016/7/11",64.5555555555556,41
"1005","2016/7/12",65.8888888888889,31
"1006","2016/7/13",69.9444444444444,31
"1007","2016/7/14",52.6111111111111,20
"1008","2016/7/15",67.4444444444444,11
"1009","2016/7/16",94.0555555555556,15
"1010","2016/7/17",104.5,30
"1011","2016/7/18",76.3333333333333,40
"1012","2016/7/19",47,40
"1013","2016/7/2",85.2222222222222,43
"1014","2016/7/20",53.7222222222222,35
"1015","2016/7/21",62.1111111111111,40
"1016","2016/7/22",66.9444444444444,48
"1017","2016/7/23",72.0555555555556,41
"1018","2016/7/24",69.2777777777778,49
"1019","2016/7/25",66.0555555555556,38
"1020","2016/7/26",75.7777777777778,38
"1021","2016/7/27",78.2222222222222,56
"1022","2016/7/28",84.0555555555556,47
"1023","2016/7/29",91.1666666666667,48
"1024","2016/7/3",76.9444444444444,28
"1025","2016/7/30",69.7222222222222,43
"1026","2016/7/31",61.8333333333333,35
"1027","2016/7/4",80.5,13
"1028","2016/7/5",85.8333333333333,18
"1029","2016/7/6",72.2222222222222,40
"1030","2016/7/7",59.0555555555556,60
"1031","2016/7/8",58.5555555555556,45
"1032","2016/7/9",72.4444444444444,39
"1033","2016/8/1",63.9444444444444,29
"1034","2016/8/10",62,37
"1035","2016/8/11",63.1666666666667,50
"1036","2016/8/12",71.5,39
"1037","2016/8/13",75.7777777777778,41
"1038","2016/8/14",67.7222222222222,44
"1039","2016/8/15",59.4444444444444,56
"1040","2016/8/16",77.1666666666667,50
"1041","2016/8/17",71.7222222222222,60
"1042","2016/8/18",65.8888888888889,68
"1043","2016/8/19",51.4444444444444,40
"1044","2016/8/2",64.8888888888889,31
"1045","2016/8/20",57.5555555555556,33
"1046","2016/8/21",69.7777777777778,35
"1047","2016/8/22",74.6666666666667,38
"1048","2016/8/23",80.3333333333333,43
"1049","2016/8/24",60.1111111111111,35
"1050","2016/8/25",44.9444444444444,16
"1051","2016/8/26",62.8333333333333,15
"1052","2016/8/27",69.6111111111111,13
"1053","2016/8/28",72.6666666666667,18
"1054","2016/8/29",73.6111111111111,36
"1055","2016/8/3",64.6666666666667,34
"1056","2016/8/30",83.7222222222222,21
"1057","2016/8/31",81.3888888888889,63
"1058","2016/8/4",62.5555555555556,43
"1059","2016/8/5",63.1111111111111,62
"1060","2016/8/6",52.7222222222222,41
"1061","2016/8/7",49.2777777777778,47
"1062","2016/8/8",60.3888888888889,33
"1063","2016/8/9",59.6666666666667,59
"1064","2016/9/1",80.6666666666667,42
"1065","2016/9/10",82.5,47
"1066","2016/9/11",73.8888888888889,34
"1067","2016/9/12",92,20
"1068","2016/9/13",98.1666666666667,37
"1069","2016/9/14",102.555555555556,47
"1070","2016/9/15",78.5555555555556,58
"1071","2016/9/16",79.5,35
"1072","2016/9/17",60.2777777777778,27
"1073","2016/9/18",53.8333333333333,15
"1074","2016/9/19",66.4444444444444,19
"1075","2016/9/2",93.3333333333333,26
"1076","2016/9/20",89,38
"1077","2016/9/21",92.4444444444444,45
"1078","2016/9/22",86.3888888888889,56
"1079","2016/9/23",92.1666666666667,66
"1080","2016/9/24",98.5555555555556,56
"1081","2016/9/25",74.8888888888889,51
"1082","2016/9/26",68.2222222222222,42
"1083","2016/9/27",49.4444444444444,39
"1084","2016/9/28",65.4444444444444,17
"1085","2016/9/29",99.5555555555556,34
"1086","2016/9/3",113.5,27
"1087","2016/9/30",88.8333333333333,53
"1088","2016/9/4",116.555555555556,35
"1089","2016/9/5",111.333333333333,63
"1090","2016/9/6",69.7777777777778,78
"1091","2016/9/7",84.7777777777778,57
"1092","2016/9/8",101.833333333333,50
"1093","2016/9/9",83.5555555555556,48
"1094","2017/1/1",225.888888888889,94
"1095","2017/1/10",127.222222222222,27
"1096","2017/1/11",207.5,33
"1097","2017/1/12",136.611111111111,30
"1098","2017/1/13",79.7777777777778,49
"1099","2017/1/14",73.6666666666667,29
"1100","2017/1/15",104.888888888889,50
"1101","2017/1/16",136.555555555556,68
"1102","2017/1/17",182.388888888889,85
"1103","2017/1/18",200.111111111111,89
"1104","2017/1/19",62.4444444444444,61
"1105","2017/1/2",218.166666666667,75
"1106","2017/1/20",85.3888888888889,54
"1107","2017/1/21",73.4444444444444,73
"1108","2017/1/22",87.5,53
"1109","2017/1/23",108.5,40
"1110","2017/1/24",127.388888888889,53
"1111","2017/1/25",144.722222222222,65
"1112","2017/1/26",100.5,94
"1113","2017/1/27",103.611111111111,36
"1114","2017/1/28",81.7222222222222,31
"1115","2017/1/29",50.3333333333333,50
"1116","2017/1/3",234.444444444444,57
"1117","2017/1/30",64.3333333333333,31
"1118","2017/1/31",76.9444444444444,40
"1119","2017/1/4",186.777777777778,40
"1120","2017/1/5",149.222222222222,21
"1121","2017/1/6",113.5,57
"1122","2017/1/7",94.7777777777778,34
"1123","2017/1/8",119.055555555556,62
"1124","2017/1/9",122.222222222222,35
"1125","2017/10/1",52.2777777777778,20
"1126","2017/10/10",39.7777777777778,13
"1127","2017/10/11",54,24
"1128","2017/10/12",82.0555555555556,31
"1129","2017/10/13",101.055555555556,24
"1130","2017/10/14",86.6111111111111,24
"1131","2017/10/15",95.7777777777778,34
"1132","2017/10/16",85.8888888888889,43
"1133","2017/10/17",69.2777777777778,29
"1134","2017/10/18",93,19
"1135","2017/10/19",108.888888888889,36
"1136","2017/10/2",44.6666666666667,42
"1137","2017/10/20",109.833333333333,44
"1138","2017/10/21",86.3333333333333,28
"1139","2017/10/22",61.3333333333333,26
"1140","2017/10/23",70.3888888888889,37
"1141","2017/10/24",95.7777777777778,46
"1142","2017/10/25",102.666666666667,57
"1143","2017/10/26",122.333333333333,66
"1144","2017/10/27",129,53
"1145","2017/10/28",73,70
"1146","2017/10/29",77.6666666666667,41
"1147","2017/10/3",54.2777777777778,26
"1148","2017/10/30",92.1111111111111,38
"1149","2017/10/31",114.166666666667,46
"1150","2017/10/4",61.4444444444444,16
"1151","2017/10/5",65.5555555555556,13
"1152","2017/10/6",77,10
"1153","2017/10/7",80.0555555555556,20
"1154","2017/10/8",57.9444444444444,29
"1155","2017/10/9",29.1666666666667,33
"1156","2017/11/1",132.5,55
"1157","2017/11/10",62.5,69
"1158","2017/11/11",85.5555555555556,34
"1159","2017/11/12",102.111111111111,47
"1160","2017/11/13",74.5555555555556,52
"1161","2017/11/14",81.6666666666667,27
"1162","2017/11/15",87.6111111111111,26
"1163","2017/11/16",104,47
"1164","2017/11/17",49.0555555555556,43
"1165","2017/11/18",88.5,27
"1166","2017/11/19",101.222222222222,42
"1167","2017/11/2",78.6666666666667,45
"1168","2017/11/20",113.888888888889,56
"1169","2017/11/21",95.3888888888889,59
"1170","2017/11/22",76.9444444444444,22
"1171","2017/11/23",74.4444444444444,22
"1172","2017/11/24",119.333333333333,27
"1173","2017/11/25",104.888888888889,40
"1174","2017/11/26",85.8333333333333,51
"1175","2017/11/27",111.611111111111,72
"1176","2017/11/28",83.0555555555556,65
"1177","2017/11/29",75,26
"1178","2017/11/3",61.1666666666667,58
"1179","2017/11/30",99.5,26
"1180","2017/11/4",76.3888888888889,46
"1181","2017/11/5",86.3888888888889,39
"1182","2017/11/6",128.555555555556,49
"1183","2017/11/7",127.333333333333,67
"1184","2017/11/8",83.5,57
"1185","2017/11/9",87.7222222222222,53
"1186","2017/12/1",119.055555555556,45
"1187","2017/12/10",78.8333333333333,48
"1188","2017/12/11",57.2777777777778,39
"1189","2017/12/12",74.6111111111111,41
"1190","2017/12/13",86.8333333333333,58
"1191","2017/12/14",112.944444444444,77
"1192","2017/12/15",80.3333333333333,46
"1193","2017/12/16",78.2222222222222,43
"1194","2017/12/17",95.8888888888889,58
"1195","2017/12/18",80,50
"1196","2017/12/19",100.055555555556,45
"1197","2017/12/2",149.5,55
"1198","2017/12/20",99.2777777777778,54
"1199","2017/12/21",113.944444444444,61
"1200","2017/12/22",135.166666666667,96
"1201","2017/12/23",111.944444444444,68
"1202","2017/12/24",85.6666666666667,33
"1203","2017/12/25",104.222222222222,31
"1204","2017/12/26",104.055555555556,31
"1205","2017/12/27",117.611111111111,46
"1206","2017/12/28",187.833333333333,84
"1207","2017/12/29",201.277777777778,104
"1208","2017/12/3",67.8333333333333,46
"1209","2017/12/30",154.833333333333,62
"1210","2017/12/31",160.111111111111,52
"1211","2017/12/4",79.8333333333333,26
"1212","2017/12/5",120.833333333333,35
"1213","2017/12/6",114.777777777778,47
"1214","2017/12/7",73.0555555555556,36
"1215","2017/12/8",101.5,46
"1216","2017/12/9",100.777777777778,42
"1217","2017/2/1",91.9444444444444,35
"1218","2017/2/10",122.888888888889,33
"1219","2017/2/11",152.444444444444,34
"1220","2017/2/12",145.222222222222,48
"1221","2017/2/13",166.444444444444,58
"1222","2017/2/14",140.5,63
"1223","2017/2/15",147.166666666667,71
"1224","2017/2/16",65.9444444444444,49
"1225","2017/2/17",97,35
"1226","2017/2/18",132.277777777778,50
"1227","2017/2/19",100.555555555556,48
"1228","2017/2/2",112.888888888889,69
"1229","2017/2/20",61.7777777777778,49
"1230","2017/2/21",78.9444444444444,44
"1231","2017/2/22",85.1111111111111,40
"1232","2017/2/23",94.3333333333333,31
"1233","2017/2/24",112.888888888889,51
"1234","2017/2/25",90.8888888888889,51
"1235","2017/2/26",104,43
"1236","2017/2/27",110.277777777778,47
"1237","2017/2/28",118.444444444444,63
"1238","2017/2/3",121.222222222222,86
"1239","2017/2/4",141,67
"1240","2017/2/5",87.0555555555556,49
"1241","2017/2/6",66.1111111111111,45
"1242","2017/2/7",76.6111111111111,59
"1243","2017/2/8",70.9444444444444,55
"1244","2017/2/9",69.2777777777778,36
"1245","2017/3/1",79,37
"1246","2017/3/10",130.055555555556,61
"1247","2017/3/11",121.611111111111,84
"1248","2017/3/12",74.5555555555556,66
"1249","2017/3/13",86.8333333333333,56
"1250","2017/3/14",93.2777777777778,45
"1251","2017/3/15",89.4444444444444,65
"1252","2017/3/16",99.7777777777778,73
"1253","2017/3/17",108.944444444444,73
"1254","2017/3/18",110.222222222222,72
"1255","2017/3/19",94.1666666666667,86
"1256","2017/3/2",97.7222222222222,46
"1257","2017/3/20",85.6111111111111,89
"1258","2017/3/21",84.7777777777778,57
"1259","2017/3/22",79.3888888888889,71
"1260","2017/3/23",82.4444444444444,61
"1261","2017/3/24",78.8333333333333,68
"1262","2017/3/25",78.8333333333333,65
"1263","2017/3/26",79.3333333333333,72
"1264","2017/3/27",72.8333333333333,80
"1265","2017/3/28",83.7222222222222,61
"1266","2017/3/29",102.333333333333,67
"1267","2017/3/3",149.166666666667,58
"1268","2017/3/30",81.2777777777778,55
"1269","2017/3/31",95.7222222222222,23
"1270","2017/3/4",132.666666666667,68
"1271","2017/3/5",88.6111111111111,40
"1272","2017/3/6",64.1111111111111,37
"1273","2017/3/7",76.0555555555556,48
"1274","2017/3/8",91.6666666666667,53
"1275","2017/3/9",109,50
"1276","2017/4/1",104.888888888889,45
"1277","2017/4/10",84.1111111111111,54
"1278","2017/4/11",117.555555555556,67
"1279","2017/4/12",98.1111111111111,70
"1280","2017/4/13",80.7777777777778,61
"1281","2017/4/14",108.666666666667,69
"1282","2017/4/15",116,64
"1283","2017/4/16",115.833333333333,52
"1284","2017/4/17",111.5,42
"1285","2017/4/18",96.6666666666667,76
"1286","2017/4/19",78.2777777777778,82
"1287","2017/4/2",111.944444444444,75
"1288","2017/4/20",84.6111111111111,67
"1289","2017/4/21",92.0555555555556,65
"1290","2017/4/22",85.2777777777778,56
"1291","2017/4/23",94.2777777777778,46
"1292","2017/4/24",97.2222222222222,61
"1293","2017/4/25",75.1111111111111,51
"1294","2017/4/26",79.1666666666667,48
"1295","2017/4/27",87.5555555555556,66
"1296","2017/4/28",107.555555555556,64
"1297","2017/4/29",124.388888888889,84
"1298","2017/4/3",94.0555555555556,73
"1299","2017/4/30",128.888888888889,84
"1300","2017/4/4",73.3888888888889,57
"1301","2017/4/5",100,25
"1302","2017/4/6",121.166666666667,44
"1303","2017/4/7",125,64
"1304","2017/4/8",72.7222222222222,44
"1305","2017/4/9",78.7222222222222,29
"1306","2017/5/1",104.722222222222,92
"1307","2017/5/10",124.833333333333,68
"1308","2017/5/11",208.666666666667,72
"1309","2017/5/12",131.222222222222,56
"1310","2017/5/13",101.277777777778,62
"1311","2017/5/14",101,49
"1312","2017/5/15",82.0555555555556,40
"1313","2017/5/16",95.9444444444444,41
"1314","2017/5/17",89.3888888888889,50
"1315","2017/5/18",93.5,53
"1316","2017/5/19",86.5,42
"1317","2017/5/2",71.0555555555556,70
"1318","2017/5/20",85.2777777777778,32
"1319","2017/5/21",96.7777777777778,47
"1320","2017/5/22",51.2777777777778,39
"1321","2017/5/23",70.5555555555556,30
"1322","2017/5/24",93.9444444444444,42
"1323","2017/5/25",79.6111111111111,26
"1324","2017/5/26",91.5,37
"1325","2017/5/27",95.2777777777778,45
"1326","2017/5/28",93.4444444444444,68
"1327","2017/5/29",111.888888888889,55
"1328","2017/5/3",181.944444444444,66
"1329","2017/5/30",92.4444444444444,41
"1330","2017/5/31",112.388888888889,40
"1331","2017/5/4",415,53
"1332","2017/5/5",279.166666666667,146
"1333","2017/5/6",229.777777777778,86
"1334","2017/5/7",144.166666666667,129
"1335","2017/5/8",75.5,108
"1336","2017/5/9",94.1666666666667,45
"1337","2017/6/1",100.833333333333,32
"1338","2017/6/10",82.9444444444444,31
"1339","2017/6/11",80.4444444444444,34
"1340","2017/6/12",78.2777777777778,41
"1341","2017/6/13",89.9444444444444,50
"1342","2017/6/14",111.222222222222,57
"1343","2017/6/15",107.277777777778,70
"1344","2017/6/16",95.2222222222222,56
"1345","2017/6/17",79.0555555555556,47
"1346","2017/6/18",70.1111111111111,58
"1347","2017/6/19",77.3888888888889,56
"1348","2017/6/2",68.6111111111111,32
"1349","2017/6/20",78,63
"1350","2017/6/21",72.5555555555556,45
"1351","2017/6/22",64.0555555555556,53
"1352","2017/6/23",53.9444444444444,47
"1353","2017/6/24",57.9444444444444,39
"1354","2017/6/25",74.9444444444444,30
"1355","2017/6/26",80.7777777777778,33
"1356","2017/6/27",94.2777777777778,53
"1357","2017/6/28",87.1666666666667,52
"1358","2017/6/29",87.2777777777778,60
"1359","2017/6/3",72.0555555555556,31
"1360","2017/6/30",75.8333333333333,50
"1361","2017/6/4",79.7222222222222,27
"1362","2017/6/5",55.9444444444444,26
"1363","2017/6/6",81.8888888888889,16
"1364","2017/6/7",114.833333333333,48
"1365","2017/6/8",90.4444444444444,61
"1366","2017/6/9",118.944444444444,51
"1367","2017/7/1",67.1666666666667,30
"1368","2017/7/10",74.7777777777778,NA
"1369","2017/7/11",74.1111111111111,NA
"1370","2017/7/12",65.6111111111111,NA
"1371","2017/7/13",65.7222222222222,NA
"1372","2017/7/14",44.1111111111111,NA
"1373","2017/7/15",53.4444444444444,NA
"1374","2017/7/16",69.5555555555556,NA
"1375","2017/7/17",70.6666666666667,NA
"1376","2017/7/18",61.3888888888889,NA
"1377","2017/7/19",64.9444444444444,NA
"1378","2017/7/2",74.0555555555556,26
"1379","2017/7/20",61.3333333333333,NA
"1380","2017/7/21",83.6666666666667,NA
"1381","2017/7/22",92.8888888888889,NA
"1382","2017/7/23",87.8888888888889,NA
"1383","2017/7/24",83.5555555555556,NA
"1384","2017/7/25",73.2222222222222,NA
"1385","2017/7/26",64.3888888888889,NA
"1386","2017/7/27",73.6666666666667,NA
"1387","2017/7/28",57.5555555555556,18
"1388","2017/7/29",75.1666666666667,30
"1389","2017/7/3",85.3888888888889,39
"1390","2017/7/30",81.6666666666667,27
"1391","2017/7/31",50,32
"1392","2017/7/4",84.1111111111111,45
"1393","2017/7/5",75,56
"1394","2017/7/6",51.9444444444444,26
"1395","2017/7/7",62.4444444444444,34
"1396","2017/7/8",60,31
"1397","2017/7/9",65.4444444444444,31
"1398","2017/8/1",50.6111111111111,41
"1399","2017/8/10",79.7777777777778,10
"1400","2017/8/11",69.2777777777778,NA
"1401","2017/8/12",47.3888888888889,NA
"1402","2017/8/13",33.7777777777778,NA
"1403","2017/8/14",41.3888888888889,NA
"1404","2017/8/15",59.8333333333333,NA
"1405","2017/8/16",60.6666666666667,NA
"1406","2017/8/17",64.9444444444444,NA
"1407","2017/8/18",54.2222222222222,NA
"1408","2017/8/19",47.4444444444444,NA
"1409","2017/8/2",54.7222222222222,41
"1410","2017/8/20",59.9444444444444,NA
"1411","2017/8/21",60.3333333333333,NA
"1412","2017/8/22",55.1111111111111,NA
"1413","2017/8/23",51.5,NA
"1414","2017/8/24",58.7777777777778,NA
"1415","2017/8/25",72.5555555555556,NA
"1416","2017/8/26",61.2777777777778,26
"1417","2017/8/27",42.8333333333333,31
"1418","2017/8/28",48.8888888888889,19
"1419","2017/8/29",40.4444444444444,18
"1420","2017/8/3",66.9444444444444,NA
"1421","2017/8/30",52.1666666666667,18
"1422","2017/8/31",65.0555555555556,NA
"1423","2017/8/4",84.6111111111111,NA
"1424","2017/8/5",81.1666666666667,43
"1425","2017/8/6",74.5,36
"1426","2017/8/7",68.5555555555556,47
"1427","2017/8/8",69.2777777777778,39
"1428","2017/8/9",74.2222222222222,10
"1429","2017/9/1",69.2777777777778,NA
"1430","2017/9/10",59.1111111111111,NA
"1431","2017/9/11",70.1666666666667,NA
"1432","2017/9/12",72.0555555555556,NA
"1433","2017/9/13",69.5,NA
"1434","2017/9/14",77.5555555555556,NA
"1435","2017/9/15",78.2777777777778,NA
"1436","2017/9/16",88.3333333333333,NA
"1437","2017/9/17",102.944444444444,NA
"1438","2017/9/18",98.6666666666667,NA
"1439","2017/9/19",71.2222222222222,NA
"1440","2017/9/2",64.2777777777778,NA
"1441","2017/9/20",77.3333333333333,NA
"1442","2017/9/21",88.8333333333333,NA
"1443","2017/9/22",106.777777777778,75
"1444","2017/9/23",77.9444444444444,67
"1445","2017/9/24",63.6666666666667,52
"1446","2017/9/25",58.1111111111111,52
"1447","2017/9/26",51.8333333333333,48
"1448","2017/9/27",64.0555555555556,26
"1449","2017/9/28",84.0555555555556,25
"1450","2017/9/29",76.7222222222222,40
"1451","2017/9/3",51.6111111111111,NA
"1452","2017/9/30",42.4444444444444,40
"1453","2017/9/4",46.3333333333333,NA
"1454","2017/9/5",54.8333333333333,NA
"1455","2017/9/6",54.8333333333333,NA
"1456","2018/1/1",134.055555555556,42
"1457","2018/1/10",39.4444444444444,37
"1458","2018/1/11",58.6666666666667,26
"1459","2018/1/12",74.3888888888889,51
"1460","2018/1/13",79.9444444444444,66
"1461","2018/1/14",109.555555555556,67
"1462","2018/1/15",126.777777777778,93
"1463","2018/1/16",142.111111111111,95
"1464","2018/1/17",151.666666666667,80
"1465","2018/1/18",153.555555555556,63
"1466","2018/1/19",156.777777777778,88
"1467","2018/1/2",60.3333333333333,40
"1468","2018/1/20",146.444444444444,62
"1469","2018/1/21",70.0555555555556,52
"1470","2018/1/22",43.2777777777778,28
"1471","2018/1/23",47.3333333333333,33
"1472","2018/1/24",43.8333333333333,27
"1473","2018/1/25",46.0555555555556,36
"1474","2018/1/26",68.7777777777778,49
"1475","2018/1/27",77.9444444444444,36
"1476","2018/1/28",100.777777777778,52
"1477","2018/1/29",94.2222222222222,47
"1478","2018/1/3",56.4444444444444,49
"1479","2018/1/30",101.111111111111,46
"1480","2018/1/31",100.277777777778,45
"1481","2018/1/4",76.5555555555556,62
"1482","2018/1/5",74.7222222222222,51
"1483","2018/1/6",70.7222222222222,58
"1484","2018/1/7",80.0555555555556,59
"1485","2018/1/8",58.5555555555556,45
"1486","2018/1/9",47.7222222222222,34
"1487","2018/10/1",76.2777777777778,28
"1488","2018/10/10",80.3888888888889,19
"1489","2018/10/11",89.6666666666667,26
"1490","2018/10/12",90.0555555555556,35
"1491","2018/10/13",88.0555555555556,40
"1492","2018/10/14",90.2222222222222,61
"1493","2018/10/15",110.333333333333,53
"1494","2018/10/16",67.2777777777778,40
"1495","2018/10/17",68.8888888888889,16
"1496","2018/10/18",69.4444444444444,20
"1497","2018/10/19",86.3888888888889,43
"1498","2018/10/2",87.8333333333333,29
"1499","2018/10/20",82.3888888888889,41
"1500","2018/10/21",86.3888888888889,53
"1501","2018/10/22",94.5555555555556,52
"1502","2018/10/23",105.222222222222,48
"1503","2018/10/24",119.722222222222,43
"1504","2018/10/25",92.8888888888889,40
"1505","2018/10/26",80,30
"1506","2018/10/27",81.1666666666667,15
"1507","2018/10/28",62.2222222222222,18
"1508","2018/10/29",70.8888888888889,23
"1509","2018/10/3",93.7222222222222,23
"1510","2018/10/30",76.1111111111111,23
"1511","2018/10/31",95.1111111111111,38
"1512","2018/10/4",88.2222222222222,11
"1513","2018/10/5",94.8888888888889,7
"1514","2018/10/6",81.1666666666667,29
"1515","2018/10/7",97.5,24
"1516","2018/10/8",70.3333333333333,29
"1517","2018/10/9",58.2777777777778,22
"1518","2018/11/1",107.277777777778,48
"1519","2018/11/10",77.7222222222222,66
"1520","2018/11/11",103.111111111111,33
"1521","2018/11/12",114.777777777778,45
"1522","2018/11/13",117.166666666667,38
"1523","2018/11/14",99.1111111111111,54
"1524","2018/11/15",56.7222222222222,60
"1525","2018/11/16",70.5,36
"1526","2018/11/17",102.666666666667,41
"1527","2018/11/18",105.388888888889,60
"1528","2018/11/19",105.555555555556,50
"1529","2018/11/2",95.1111111111111,59
"1530","2018/11/20",88.9444444444444,38
"1531","2018/11/21",91.9444444444444,24
"1532","2018/11/22",98.7777777777778,24
"1533","2018/11/23",129,24
"1534","2018/11/24",144.444444444444,47
"1535","2018/11/25",126.777777777778,62
"1536","2018/11/26",265.277777777778,97
"1537","2018/11/27",297.388888888889,100
"1538","2018/11/28",214.222222222222,71
"1539","2018/11/29",164.388888888889,60
"1540","2018/11/3",82.8333333333333,48
"1541","2018/11/30",183.555555555556,51
"1542","2018/11/4",57.1111111111111,63
"1543","2018/11/5",44.2777777777778,88
"1544","2018/11/6",56.4444444444444,64
"1545","2018/11/7",57.7222222222222,9
"1546","2018/11/8",83.5,40
"1547","2018/11/9",88.8888888888889,71
"1548","2018/12/1",114.555555555556,54
"1549","2018/12/10",88.4444444444444,44
"1550","2018/12/11",102.222222222222,48
"1551","2018/12/12",108.388888888889,42
"1552","2018/12/13",92.2777777777778,35
"1553","2018/12/14",93.6666666666667,58
"1554","2018/12/15",130,56
"1555","2018/12/16",149.722222222222,67
"1556","2018/12/17",142.777777777778,52
"1557","2018/12/18",187.5,56
"1558","2018/12/19",131.611111111111,62
"1559","2018/12/2",144.944444444444,47
"1560","2018/12/20",143,72
"1561","2018/12/21",141.055555555556,78
"1562","2018/12/22",94.2777777777778,54
"1563","2018/12/23",96.3888888888889,25
"1564","2018/12/24",115.444444444444,39
"1565","2018/12/25",66.6111111111111,52
"1566","2018/12/26",55.7777777777778,30
"1567","2018/12/27",56.5,40
"1568","2018/12/28",68,43
"1569","2018/12/29",69.9444444444444,36
"1570","2018/12/3",101.333333333333,37
"1571","2018/12/30",69.9444444444444,36
"1572","2018/12/31",101.333333333333,40
"1573","2018/12/4",81.6666666666667,32
"1574","2018/12/5",76.1111111111111,41
"1575","2018/12/6",45.6666666666667,26
"1576","2018/12/7",61.3333333333333,26
"1577","2018/12/8",75.5555555555556,24
"1578","2018/12/9",105.111111111111,36
"1579","2018/2/1",81.6111111111111,58
"1580","2018/2/10",106.166666666667,56
"1581","2018/2/11",83.0555555555556,55
"1582","2018/2/12",101.222222222222,57
"1583","2018/2/13",95.8888888888889,68
"1584","2018/2/14",66.7777777777778,44
"1585","2018/2/15",106.166666666667,51
"1586","2018/2/16",94.4444444444444,54
"1587","2018/2/17",62.5,42
"1588","2018/2/18",79.7222222222222,63
"1589","2018/2/19",90.7222222222222,65
"1590","2018/2/2",61.0555555555556,40
"1591","2018/2/20",86.0555555555556,43
"1592","2018/2/21",96.8888888888889,50
"1593","2018/2/22",90.8333333333333,81
"1594","2018/2/23",79.7222222222222,74
"1595","2018/2/24",75.7222222222222,52
"1596","2018/2/25",101.944444444444,64
"1597","2018/2/26",119.722222222222,86
"1598","2018/2/27",104.555555555556,62
"1599","2018/2/28",74.8333333333333,45
"1600","2018/2/3",75.8888888888889,36
"1601","2018/2/4",72.3888888888889,29
"1602","2018/2/5",62.0555555555556,35
"1603","2018/2/6",84.2222222222222,44
"1604","2018/2/7",82.2222222222222,56
"1605","2018/2/8",119,68
"1606","2018/2/9",87.6666666666667,71
"1607","2018/3/1",77,70
"1608","2018/3/10",134,58
"1609","2018/3/11",103.722222222222,84
"1610","2018/3/12",89.0555555555556,63
"1611","2018/3/13",92.7777777777778,28
"1612","2018/3/14",100.166666666667,22
"1613","2018/3/15",49.6111111111111,15
"1614","2018/3/16",70.7777777777778,35
"1615","2018/3/17",64.0555555555556,63
"1616","2018/3/18",77.2222222222222,33
"1617","2018/3/19",55.5555555555556,21
"1618","2018/3/2",81.5555555555556,62
"1619","2018/3/20",65.6111111111111,15
"1620","2018/3/21",96.9444444444444,46
"1621","2018/3/22",120.333333333333,68
"1622","2018/3/23",99.1666666666667,97
"1623","2018/3/24",98.7222222222222,102
"1624","2018/3/25",106.5,96
"1625","2018/3/26",102.166666666667,86
"1626","2018/3/27",135.444444444444,61
"1627","2018/3/28",115.388888888889,65
"1628","2018/3/29",85.2777777777778,68
"1629","2018/3/3",66.2777777777778,32
"1630","2018/3/30",91.9444444444444,63
"1631","2018/3/31",115.888888888889,74
"1632","2018/3/4",56.0555555555556,9
"1633","2018/3/5",68.2222222222222,33
"1634","2018/3/6",68.7222222222222,33
"1635","2018/3/7",66.6111111111111,32
"1636","2018/3/8",77.7222222222222,52
"1637","2018/3/9",110.055555555556,51
"1638","2018/4/1",124.166666666667,72
"1639","2018/4/10",117.277777777778,65
"1640","2018/4/11",91.1666666666667,52
"1641","2018/4/12",59.8888888888889,39
"1642","2018/4/13",74.8333333333333,23
"1643","2018/4/14",89.5,69
"1644","2018/4/15",113.444444444444,44
"1645","2018/4/16",123.888888888889,63
"1646","2018/4/17",123.555555555556,71
"1647","2018/4/18",109.333333333333,78
"1648","2018/4/19",90.8333333333333,91
"1649","2018/4/2",152.666666666667,69
"1650","2018/4/20",89.3888888888889,70
"1651","2018/4/21",45.5,39
"1652","2018/4/22",47.9444444444444,10
"1653","2018/4/23",63,9
"1654","2018/4/24",81.1666666666667,39
"1655","2018/4/25",92.1111111111111,51
"1656","2018/4/26",103.166666666667,61
"1657","2018/4/27",102.333333333333,63
"1658","2018/4/28",95.8888888888889,61
"1659","2018/4/29",99.3888888888889,80
"1660","2018/4/3",53.2222222222222,15
"1661","2018/4/30",91.7222222222222,65
"1662","2018/4/4",63.8333333333333,7
"1663","2018/4/5",102.833333333333,91
"1664","2018/4/6",63.1666666666667,54
"1665","2018/4/7",93.8333333333333,30
"1666","2018/4/8",101.555555555556,46
"1667","2018/4/9",209,54
"1668","2018/5/1",56.8333333333333,49
"1669","2018/5/10",66.6111111111111,66
"1670","2018/5/11",76.4444444444444,34
"1671","2018/5/12",87,26
"1672","2018/5/13",85.2777777777778,76
"1673","2018/5/14",69.6666666666667,78
"1674","2018/5/15",54.7222222222222,35
"1675","2018/5/16",61.2777777777778,15
"1676","2018/5/17",68.0555555555556,11
"1677","2018/5/18",63.7777777777778,11
"1678","2018/5/19",46.1111111111111,11
"1679","2018/5/2",62.9444444444444,32
"1680","2018/5/20",51.5555555555556,21
"1681","2018/5/21",55.5555555555556,43
"1682","2018/5/22",113.833333333333,46
"1683","2018/5/23",101.5,89
"1684","2018/5/24",83,89
"1685","2018/5/25",81.1111111111111,80
"1686","2018/5/26",103.388888888889,68
"1687","2018/5/27",129.111111111111,57
"1688","2018/5/28",101.555555555556,49
"1689","2018/5/29",84.6111111111111,52
"1690","2018/5/3",82.6111111111111,53
"1691","2018/5/30",76.9444444444444,51
"1692","2018/5/31",72,48
"1693","2018/5/4",77.1111111111111,49
"1694","2018/5/5",70.5,15
"1695","2018/5/6",91.8333333333333,40
"1696","2018/5/7",85.2222222222222,22
"1697","2018/5/8",85.1666666666667,25
"1698","2018/5/9",72.0555555555556,55
"1699","2018/6/1",73.9444444444444,48
"1700","2018/6/10",58.0555555555556,11
"1701","2018/6/11",71.6111111111111,16
"1702","2018/6/12",66.6111111111111,33
"1703","2018/6/13",51.3333333333333,35
"1704","2018/6/14",58.8888888888889,15
"1705","2018/6/15",58.2222222222222,23
"1706","2018/6/16",61.1111111111111,57
"1707","2018/6/17",64.0555555555556,52
"1708","2018/6/18",62.8333333333333,47
"1709","2018/6/19",71.6666666666667,52
"1710","2018/6/2",77.5,36
"1711","2018/6/20",78.1111111111111,46
"1712","2018/6/21",70.0555555555556,47
"1713","2018/6/22",61.6666666666667,44
"1714","2018/6/23",63,65
"1715","2018/6/24",64.3888888888889,64
"1716","2018/6/25",41.2777777777778,54
"1717","2018/6/26",63.6111111111111,31
"1718","2018/6/27",63.1111111111111,25
"1719","2018/6/28",63.1111111111111,44
"1720","2018/6/29",73.1111111111111,55
"1721","2018/6/3",82.0555555555556,48
"1722","2018/6/30",52.5,14
"1723","2018/6/4",95.9444444444444,51
"1724","2018/6/5",98.6666666666667,52
"1725","2018/6/6",88.3333333333333,54
"1726","2018/6/7",79.8333333333333,41
"1727","2018/6/8",54.1111111111111,46
"1728","2018/6/9",49.2777777777778,9
"1729","2018/7/1",48.2777777777778,9
"1730","2018/7/10",69.8888888888889,37
"1731","2018/7/11",69.6111111111111,29
"1732","2018/7/12",53.0555555555556,24
"1733","2018/7/13",62.5,22
"1734","2018/7/14",61.6111111111111,24
"1735","2018/7/15",60,29
"1736","2018/7/16",58.8333333333333,34
"1737","2018/7/17",72.7777777777778,40
"1738","2018/7/18",60.4444444444444,33
"1739","2018/7/19",57,40
"1740","2018/7/2",57.8888888888889,13
"1741","2018/7/20",62.6666666666667,43
"1742","2018/7/21",64,33
"1743","2018/7/22",50.5,37
"1744","2018/7/23",55.0555555555556,45
"1745","2018/7/24",67.3333333333333,37
"1746","2018/7/25",70.2222222222222,46
"1747","2018/7/26",65.7222222222222,53
"1748","2018/7/27",65.5555555555556,44
"1749","2018/7/28",63.3888888888889,19
"1750","2018/7/29",65.6111111111111,9
"1751","2018/7/3",82.8888888888889,25
"1752","2018/7/30",58.5555555555556,19
"1753","2018/7/31",67.3333333333333,36
"1754","2018/7/4",85.5,22
"1755","2018/7/5",58.4444444444444,7
"1756","2018/7/6",49.7777777777778,8
"1757","2018/7/7",42.6111111111111,12
"1758","2018/7/8",40.4444444444444,10
"1759","2018/7/9",43.7777777777778,24
"1760","2018/8/1",78.2222222222222,45
"1761","2018/8/10",74.6111111111111,10
"1762","2018/8/11",70.8888888888889,15
"1763","2018/8/12",52.4444444444444,36
"1764","2018/8/13",43.7777777777778,30
"1765","2018/8/14",44.8333333333333,32
"1766","2018/8/15",41.6666666666667,16
"1767","2018/8/16",51.1666666666667,13
"1768","2018/8/17",40.6111111111111,18
"1769","2018/8/18",26.6666666666667,26
"1770","2018/8/19",32.3888888888889,42
"1771","2018/8/2",64,51
"1772","2018/8/20",63.6666666666667,26
"1773","2018/8/21",71.1111111111111,28
"1774","2018/8/22",61.6111111111111,13
"1775","2018/8/23",83.4444444444444,8
"1776","2018/8/24",65.6666666666667,27
"1777","2018/8/25",61,20
"1778","2018/8/26",58.4444444444444,9
"1779","2018/8/27",60.3888888888889,11
"1780","2018/8/28",64.7222222222222,14
"1781","2018/8/29",50.7222222222222,31
"1782","2018/8/3",59.7777777777778,31
"1783","2018/8/30",45.2222222222222,28
"1784","2018/8/31",53.6666666666667,21
"1785","2018/8/4",60.4444444444444,29
"1786","2018/8/5",60.5,35
"1787","2018/8/6",64.1111111111111,21
"1788","2018/8/7",64,29
"1789","2018/8/8",66.4444444444444,29
"1790","2018/8/9",83.9444444444444,15
"1791","2018/9/1",67.4444444444444,14
"1792","2018/9/10",64.6666666666667,13
"1793","2018/9/11",71.5,17
"1794","2018/9/12",73.8333333333333,22
"1795","2018/9/13",64.7777777777778,21
"1796","2018/9/14",68,13
"1797","2018/9/15",51.1111111111111,42
"1798","2018/9/16",68.0555555555556,33
"1799","2018/9/17",72.2777777777778,41
"1800","2018/9/18",54.1666666666667,45
"1801","2018/9/19",62.0555555555556,17
"1802","2018/9/2",63,16
"1803","2018/9/20",91.2777777777778,8
"1804","2018/9/21",90.7222222222222,36
"1805","2018/9/22",80.7777777777778,34
"1806","2018/9/23",59.9444444444444,16
"1807","2018/9/24",60.1666666666667,15
"1808","2018/9/25",67.2777777777778,8
"1809","2018/9/26",89.8888888888889,9
"1810","2018/9/27",82.0555555555556,14
"1811","2018/9/28",92.6666666666667,16
"1812","2018/9/29",74.5555555555556,22
"1813","2018/9/3",61.8333333333333,18
"1814","2018/9/30",56.6111111111111,18
"1815","2018/9/4",81.3333333333333,31
"1816","2018/9/5",83.9444444444444,42
"1817","2018/9/6",52,30
"1818","2018/9/7",57.6666666666667,28
"1819","2018/9/8",65.9444444444444,25
"1820","2018/9/9",61.9444444444444,12
"1821","2019/1/1",130.111111111111,37
"1822","2019/1/10",114.5,70
"1823","2019/1/11",148.5,81
"1824","2019/1/12",203.944444444444,90
"1825","2019/1/13",214.944444444444,118
"1826","2019/1/14",126.444444444444,104
"1827","2019/1/15",72.7777777777778,50
"1828","2019/1/16",108.666666666667,47
"1829","2019/1/17",126.888888888889,54
"1830","2019/1/18",120.555555555556,81
"1831","2019/1/19",76.2222222222222,65
"1832","2019/1/2",158.611111111111,40
"1833","2019/1/20",94.9444444444444,47
"1834","2019/1/21",112.277777777778,66
"1835","2019/1/22",112.722222222222,69
"1836","2019/1/23",120.111111111111,47
"1837","2019/1/24",83.9444444444444,50
"1838","2019/1/25",72.4444444444444,48
"1839","2019/1/26",93.2777777777778,41
"1840","2019/1/27",91.4444444444444,74
"1841","2019/1/28",106.111111111111,67
"1842","2019/1/29",118.555555555556,62
"1843","2019/1/3",156.277777777778,60
"1844","2019/1/30",58.3333333333333,69
"1845","2019/1/31",87.2777777777778,43
"1846","2019/1/4",79.6111111111111,61
"1847","2019/1/5",90,52
"1848","2019/1/6",142.5,56
"1849","2019/1/7",102.944444444444,46
"1850","2019/1/8",68.6666666666667,53
"1851","2019/1/9",88.3888888888889,58
"1852","2019/10/1",66.7222222222222,25
"1853","2019/10/10",50.1111111111111,39
"1854","2019/10/11",61.7777777777778,29
"1855","2019/10/12",66,24
"1856","2019/10/13",40.5555555555556,39
"1857","2019/10/14",48.4444444444444,26
"1858","2019/10/15",70.5,34
"1859","2019/10/16",79.3888888888889,33
"1860","2019/10/17",97.5555555555556,19
"1861","2019/10/18",103.277777777778,22
"1862","2019/10/19",95.6111111111111,41
"1863","2019/10/2",75.2777777777778,9
"1864","2019/10/20",108.5,45
"1865","2019/10/21",110.777777777778,40
"1866","2019/10/22",98.8333333333333,23
"1867","2019/10/23",100.611111111111,29
"1868","2019/10/24",49.8333333333333,25
"1869","2019/10/25",58.2222222222222,24
"1870","2019/10/26",82,26
"1871","2019/10/27",178.333333333333,34
"1872","2019/10/28",130.777777777778,78
"1873","2019/10/29",170.944444444444,28
"1874","2019/10/3",66.7777777777778,30
"1875","2019/10/30",147.833333333333,69
"1876","2019/10/31",110.666666666667,82
"1877","2019/10/4",31.7777777777778,43
"1878","2019/10/5",44,12
"1879","2019/10/6",53.4444444444444,11
"1880","2019/10/7",67.3333333333333,25
"1881","2019/10/8",74.8888888888889,26
"1882","2019/10/9",46.1666666666667,33
"1883","2019/11/1",96.4444444444444,64
"1884","2019/11/10",91.8333333333333,21
"1885","2019/11/11",101.222222222222,32
"1886","2019/11/12",95.2777777777778,30
"1887","2019/11/13",86.6111111111111,19
"1888","2019/11/14",93.1666666666667,25
"1889","2019/11/15",102.888888888889,36
"1890","2019/11/16",87.8333333333333,28
"1891","2019/11/17",127.666666666667,61
"1892","2019/11/18",114.5,33
"1893","2019/11/19",106.166666666667,24
"1894","2019/11/2",73.1111111111111,49
"1895","2019/11/20",77.4444444444444,41
"1896","2019/11/21",67.7222222222222,50
"1897","2019/11/22",80.1666666666667,36
"1898","2019/11/23",63.8333333333333,32
"1899","2019/11/24",43.6111111111111,29
"1900","2019/11/25",72.6111111111111,27
"1901","2019/11/26",64.3888888888889,41
"1902","2019/11/27",49,41
"1903","2019/11/28",71.5555555555556,45
"1904","2019/11/29",78.5555555555556,47
"1905","2019/11/3",60.2222222222222,13
"1906","2019/11/30",65.2222222222222,43
"1907","2019/11/4",84,35
"1908","2019/11/5",93.0555555555556,50
"1909","2019/11/6",85.0555555555556,50
"1910","2019/11/7",79.8888888888889,45
"1911","2019/11/8",120.277777777778,39
"1912","2019/11/9",92.1666666666667,32
"1913","2019/12/1",60.8888888888889,25
"1914","2019/12/10",98.5,68
"1915","2019/12/11",67.7222222222222,20
"1916","2019/12/12",88.6666666666667,27
"1917","2019/12/13",68.7222222222222,41
"1918","2019/12/14",65.0555555555556,39
"1919","2019/12/15",59.4444444444444,43
"1920","2019/12/16",63.4444444444444,31
"1921","2019/12/17",49.5,42
"1922","2019/12/18",77.6666666666667,29
"1923","2019/12/19",83.2222222222222,32
"1924","2019/12/2",80.1666666666667,32
"1925","2019/12/20",108.444444444444,38
"1926","2019/12/21",112.833333333333,60
"1927","2019/12/22",104.388888888889,54
"1928","2019/12/23",78.6666666666667,67
"1929","2019/12/24",86.4444444444444,54
"1930","2019/12/25",70,50
"1931","2019/12/26",81.2222222222222,39
"1932","2019/12/27",85.6111111111111,48
"1933","2019/12/28",83.6111111111111,49
"1934","2019/12/29",83.6111111111111,49
"1935","2019/12/3",91.8333333333333,33
"1936","2019/12/31",71.2222222222222,38
"1937","2019/12/4",70.2222222222222,25
"1938","2019/12/5",64.0555555555556,34
"1939","2019/12/6",106,49
"1940","2019/12/7",131.833333333333,56
"1941","2019/12/8",171.277777777778,63
"1942","2019/12/9",159.611111111111,84
"1943","2019/2/1",92.1666666666667,57
"1944","2019/2/10",81.3333333333333,44
"1945","2019/2/11",94.3333333333333,59
"1946","2019/2/12",78.3888888888889,42
"1947","2019/2/13",56.3333333333333,55
"1948","2019/2/14",70.2222222222222,42
"1949","2019/2/15",57.6666666666667,59
"1950","2019/2/16",62.5555555555556,40
"1951","2019/2/17",72.4444444444444,46
"1952","2019/2/18",96.9444444444444,47
"1953","2019/2/19",135.277777777778,55
"1954","2019/2/2",120.333333333333,39
"1955","2019/2/20",125.444444444444,72
"1956","2019/2/21",128.333333333333,70
"1957","2019/2/22",130.5,57
"1958","2019/2/23",135.166666666667,64
"1959","2019/2/24",131.555555555556,76
"1960","2019/2/25",102.611111111111,58
"1961","2019/2/26",99.4444444444444,68
"1962","2019/2/27",118.444444444444,76
"1963","2019/2/28",137,93
"1964","2019/2/3",139,67
"1965","2019/2/4",163.222222222222,73
"1966","2019/2/5",130.277777777778,80
"1967","2019/2/6",55.6666666666667,59
"1968","2019/2/7",47.6666666666667,35
"1969","2019/2/8",56.3333333333333,40
"1970","2019/2/9",46.0555555555556,46
"1971","2019/3/1",140.333333333333,91
"1972","2019/3/10",84.6111111111111,69
"1973","2019/3/11",70.6111111111111,74
"1974","2019/3/12",70.6666666666667,46
"1975","2019/3/13",83.5555555555556,47
"1976","2019/3/14",76.5555555555556,54
"1977","2019/3/15",79.6666666666667,46
"1978","2019/3/16",91.6666666666667,44
"1979","2019/3/17",90,46
"1980","2019/3/18",81.7222222222222,63
"1981","2019/3/19",65.2222222222222,83
"1982","2019/3/2",116.888888888889,86
"1983","2019/3/20",68.3888888888889,37
"1984","2019/3/21",56.6666666666667,41
"1985","2019/3/22",58.6666666666667,27
"1986","2019/3/23",84.3888888888889,31
"1987","2019/3/24",90.8333333333333,50
"1988","2019/3/25",103.277777777778,63
"1989","2019/3/26",103.444444444444,80
"1990","2019/3/27",77.2777777777778,75
"1991","2019/3/28",72.1111111111111,45
"1992","2019/3/29",80.2222222222222,41
"1993","2019/3/3",109.777777777778,122
"1994","2019/3/30",67.9444444444444,44
"1995","2019/3/31",77.3888888888889,30
"1996","2019/3/4",115.444444444444,136
"1997","2019/3/5",108.722222222222,106
"1998","2019/3/6",71,55
"1999","2019/3/7",83.1111111111111,53
"2000","2019/3/8",73.8333333333333,48
"2001","2019/3/9",101.833333333333,51
"2002","2019/4/1",72.2777777777778,35
"2003","2019/4/10",80.8333333333333,30
"2004","2019/4/11",93.7777777777778,57
"2005","2019/4/12",86.2222222222222,53
"2006","2019/4/13",73.4444444444444,43
"2007","2019/4/14",82.8333333333333,57
"2008","2019/4/15",78.2777777777778,51
"2009","2019/4/16",92.8333333333333,45
"2010","2019/4/17",126.444444444444,45
"2011","2019/4/18",78.5555555555556,47
"2012","2019/4/19",76.6111111111111,49
"2013","2019/4/2",74.3888888888889,44
"2014","2019/4/20",77.2222222222222,37
"2015","2019/4/21",67.2222222222222,85
"2016","2019/4/22",47.7222222222222,87
"2017","2019/4/23",83.9444444444444,62
"2018","2019/4/24",52.5555555555556,42
"2019","2019/4/25",50.8888888888889,10
"2020","2019/4/26",61.6111111111111,20
"2021","2019/4/27",46.1111111111111,21
"2022","2019/4/28",62.5,22
"2023","2019/4/29",101.777777777778,41
"2024","2019/4/3",94.2777777777778,39
"2025","2019/4/30",80.5,59
"2026","2019/4/4",176.722222222222,72
"2027","2019/4/5",120.555555555556,63
"2028","2019/4/6",99.6666666666667,43
"2029","2019/4/7",88.3333333333333,44
"2030","2019/4/8",36.3333333333333,29
"2031","2019/4/9",53.5555555555556,8
"2032","2019/5/1",85.3888888888889,55
"2033","2019/5/10",69.6666666666667,69
"2034","2019/5/11",89.6666666666667,61
"2035","2019/5/12",149.444444444444,63
"2036","2019/5/13",110.444444444444,46
"2037","2019/5/14",79.5,70
"2038","2019/5/15",63.5555555555556,69
"2039","2019/5/16",49.3333333333333,62
"2040","2019/5/17",42.6111111111111,34
"2041","2019/5/18",79.2777777777778,16
"2042","2019/5/19",75.7222222222222,41
"2043","2019/5/2",83.6666666666667,56
"2044","2019/5/20",73.3333333333333,60
"2045","2019/5/21",81.2777777777778,63
"2046","2019/5/22",85.5555555555556,74
"2047","2019/5/23",84,79
"2048","2019/5/24",75.7222222222222,76
"2049","2019/5/25",57.8333333333333,46
"2050","2019/5/26",48.8333333333333,26
"2051","2019/5/27",56.8888888888889,26
"2052","2019/5/28",61.7777777777778,56
"2053","2019/5/29",59.2777777777778,53
"2054","2019/5/3",76.6111111111111,74
"2055","2019/5/30",65.3333333333333,24
"2056","2019/5/31",75.0555555555556,39
"2057","2019/5/4",105,70
"2058","2019/5/5",74.6111111111111,39
"2059","2019/5/6",77.1111111111111,55
"2060","2019/5/7",80.7222222222222,57
"2061","2019/5/8",81.7777777777778,53
"2062","2019/5/9",84,66
"2063","2019/6/1",71.8333333333333,41
"2064","2019/6/10",60.9444444444444,17
"2065","2019/6/11",65.3888888888889,35
"2066","2019/6/12",61.6111111111111,34
"2067","2019/6/13",61.6666666666667,35
"2068","2019/6/14",69.1111111111111,39
"2069","2019/6/15",61.2222222222222,16
"2070","2019/6/16",67.6666666666667,25
"2071","2019/6/17",67.5555555555556,35
"2072","2019/6/18",57.9444444444444,36
"2073","2019/6/19",59.3333333333333,29
"2074","2019/6/2",75.1111111111111,45
"2075","2019/6/20",64.7222222222222,30
"2076","2019/6/21",60.4444444444444,10
"2077","2019/6/22",65.3333333333333,11
"2078","2019/6/23",60.5,21
"2079","2019/6/24",57.1111111111111,31
"2080","2019/6/25",51.6666666666667,30
"2081","2019/6/26",59.7777777777778,19
"2082","2019/6/27",58.1111111111111,37
"2083","2019/6/28",59.6111111111111,23
"2084","2019/6/29",60.0555555555556,29
"2085","2019/6/3",77.2777777777778,30
"2086","2019/6/30",52.1666666666667,34
"2087","2019/6/4",68.3333333333333,51
"2088","2019/6/5",42.7222222222222,56
"2089","2019/6/6",51.2222222222222,19
"2090","2019/6/7",57.2777777777778,30
"2091","2019/6/8",56.5,42
"2092","2019/6/9",52.5,14
"2093","2019/7/1",64.1111111111111,33
"2094","2019/7/10",58.5,7
"2095","2019/7/11",68.1111111111111,18
"2096","2019/7/12",67.5555555555556,37
"2097","2019/7/13",64.6111111111111,42
"2098","2019/7/14",65.2777777777778,35
"2099","2019/7/15",69.8333333333333,36
"2100","2019/7/16",60.3333333333333,65
"2101","2019/7/17",48.6666666666667,67
"2102","2019/7/18",41.1666666666667,37
"2103","2019/7/19",51.8888888888889,8
"2104","2019/7/2",58.5,38
"2105","2019/7/20",62.9444444444444,17
"2106","2019/7/21",67.2222222222222,48
"2107","2019/7/22",47,27
"2108","2019/7/23",55.2777777777778,25
"2109","2019/7/24",59.5,27
"2110","2019/7/25",60.6111111111111,19
"2111","2019/7/26",51.6666666666667,20
"2112","2019/7/27",38.3333333333333,13
"2113","2019/7/28",43.3888888888889,15
"2114","2019/7/29",37.7222222222222,21
"2115","2019/7/3",73.6666666666667,32
"2116","2019/7/30",43.7777777777778,18
"2117","2019/7/31",44.1111111111111,14
"2118","2019/7/4",70.8333333333333,31
"2119","2019/7/5",45.2222222222222,22
"2120","2019/7/6",40.5555555555556,15
"2121","2019/7/7",51.8333333333333,8
"2122","2019/7/8",58.2222222222222,8
"2123","2019/7/9",51.4444444444444,6
"2124","2019/8/1",32.1111111111111,20
"2125","2019/8/10",13.6111111111111,17
"2126","2019/8/11",14.2222222222222,14
"2127","2019/8/12",24.5555555555556,25
"2128","2019/8/13",35.6111111111111,17
"2129","2019/8/14",44.4444444444444,8
"2130","2019/8/15",47.3333333333333,19
"2131","2019/8/16",46.1666666666667,33
"2132","2019/8/17",56.0555555555556,22
"2133","2019/8/18",56.1666666666667,22
"2134","2019/8/19",52.6111111111111,29
"2135","2019/8/2",43.1111111111111,22
"2136","2019/8/20",53.7777777777778,33
"2137","2019/8/21",65.0555555555556,43
"2138","2019/8/22",63,34
"2139","2019/8/23",65.6666666666667,23
"2140","2019/8/24",57.0555555555556,17
"2141","2019/8/25",54.8333333333333,22
"2142","2019/8/26",61.5,23
"2143","2019/8/27",69.8888888888889,26
"2144","2019/8/28",45.8888888888889,25
"2145","2019/8/29",49.5555555555556,16
"2146","2019/8/3",42.1111111111111,31
"2147","2019/8/30",50.2777777777778,18
"2148","2019/8/31",51.3888888888889,18
"2149","2019/8/4",32.9444444444444,39
"2150","2019/8/5",34.1111111111111,27
"2151","2019/8/6",34.2222222222222,21
"2152","2019/8/7",43.6666666666667,41
"2153","2019/8/8",44.6111111111111,23
"2154","2019/8/9",28.3888888888889,20
"2155","2019/9/1",55.4444444444444,25
"2156","2019/9/10",43.5555555555556,7
"2157","2019/9/11",44.4444444444444,8
"2158","2019/9/12",46.4444444444444,12
"2159","2019/9/13",43.9444444444444,16
"2160","2019/9/14",47.6666666666667,12
"2161","2019/9/15",52.6666666666667,9
"2162","2019/9/16",64.8333333333333,13
"2163","2019/9/17",64.5,25
"2164","2019/9/18",55.3333333333333,21
"2165","2019/9/19",71.6666666666667,22
"2166","2019/9/2",56.8333333333333,23
"2167","2019/9/20",72.2222222222222,16
"2168","2019/9/21",61.2222222222222,7
"2169","2019/9/22",62.1666666666667,16
"2170","2019/9/23",79.7222222222222,26
"2171","2019/9/24",76.0555555555556,37
"2172","2019/9/25",60.7777777777778,33
"2173","2019/9/26",64,23
"2174","2019/9/27",74.9444444444444,31
"2175","2019/9/28",78.7777777777778,42
"2176","2019/9/29",73.6666666666667,55
"2177","2019/9/3",53.1111111111111,9
"2178","2019/9/30",61.2777777777778,48
"2179","2019/9/4",64.7222222222222,7
"2180","2019/9/5",70.2777777777778,14
"2181","2019/9/6",69.1666666666667,14
"2182","2019/9/7",78.6111111111111,38
"2183","2019/9/8",77.8333333333333,40
"2184","2019/9/9",63.6111111111111,13
"2185","2020/1/1",104.555555555556,60
"2186","2020/1/10",104.277777777778,56
"2187","2020/1/11",78,48
"2188","2020/1/12",102.944444444444,29
"2189","2020/1/13",83.3333333333333,33
"2190","2020/1/14",86.4444444444444,41
"2191","2020/1/15",103.722222222222,45
"2192","2020/1/16",118.277777777778,59
"2193","2020/1/17",129.222222222222,61
"2194","2020/1/18",126.555555555556,59
"2195","2020/1/19",98.1666666666667,56
"2196","2020/1/2",145.944444444444,64
"2197","2020/1/20",88.2777777777778,48
"2198","2020/1/21",96.4444444444444,51
"2199","2020/1/22",120.888888888889,61
"2200","2020/1/23",97.3333333333333,65
"2201","2020/1/24",89.3333333333333,52
"2202","2020/1/25",85.8888888888889,30
"2203","2020/1/26",71.1111111111111,10
"2204","2020/1/27",75.3888888888889,12
"2205","2020/1/28",78.3333333333333,17
"2206","2020/1/29",68.6111111111111,20
"2207","2020/1/3",169.388888888889,58
"2208","2020/1/30",66.6111111111111,29
"2209","2020/1/31",81.3888888888889,63
"2210","2020/1/4",139.444444444444,56
"2211","2020/1/5",55.5,43
"2212","2020/1/6",40.3333333333333,10
"2213","2020/1/7",57.7777777777778,28
"2214","2020/1/8",79.1666666666667,52
"2215","2020/1/9",104.944444444444,61
"2216","2020/2/1",67.1666666666667,65
"2217","2020/2/10",61.7777777777778,59
"2218","2020/2/11",54.8888888888889,51
"2219","2020/2/12",58.7222222222222,65
"2220","2020/2/13",41.8333333333333,75
"2221","2020/2/14",26.8888888888889,64
"2222","2020/2/15",30.9444444444444,26
"2223","2020/2/16",31.1111111111111,30
"2224","2020/2/17",47.3333333333333,26
"2225","2020/2/18",52.6111111111111,37
"2226","2020/2/19",65.2777777777778,61
"2227","2020/2/2",56.9444444444444,30
"2228","2020/2/20",84,62
"2229","2020/2/21",60.1666666666667,64
"2230","2020/2/22",72.9444444444444,27
"2231","2020/2/23",82.3333333333333,40
"2232","2020/2/24",60.6111111111111,22
"2233","2020/2/25",54.6666666666667,19
"2234","2020/2/26",42.3333333333333,15
"2235","2020/2/27",42.2777777777778,28
"2236","2020/2/28",52.4444444444444,27
"2237","2020/2/29",58.2222222222222,49
"2238","2020/2/3",58.5555555555556,27
"2239","2020/2/4",38.1666666666667,27
"2240","2020/2/5",42.7777777777778,44
"2241","2020/2/6",59.7222222222222,41
"2242","2020/2/7",76.2777777777778,44
"2243","2020/2/8",91.9444444444444,40
"2244","2020/2/9",78.9444444444444,52
"2245","2020/3/1",65.8888888888889,43
"2246","2020/3/10",82.1111111111111,38
"2247","2020/3/11",84.8888888888889,38
"2248","2020/3/12",52.7222222222222,35
"2249","2020/3/13",70.2777777777778,41
"2250","2020/3/14",68.2222222222222,45
"2251","2020/3/15",66.5555555555556,27
"2252","2020/3/16",85.9444444444444,49
"2253","2020/3/17",116.5,58
"2254","2020/3/18",87,58
"2255","2020/3/19",101.833333333333,46
"2256","2020/3/2",56.5,40
"2257","2020/3/20",109.333333333333,54
"2258","2020/3/21",68.9444444444444,39
"2259","2020/3/22",76.1666666666667,45
"2260","2020/3/23",73.3333333333333,58
"2261","2020/3/24",60.5555555555556,53
"2262","2020/3/25",56.2777777777778,54
"2263","2020/3/26",45.5,46
"2264","2020/3/27",51.2777777777778,37
"2265","2020/3/28",65.8333333333333,46
"2266","2020/3/29",72.8888888888889,56
"2267","2020/3/3",43.3888888888889,44
"2268","2020/3/30",70.5,53
"2269","2020/3/31",66.1111111111111,66
"2270","2020/3/4",58.1666666666667,39
"2271","2020/3/5",65.3888888888889,45
"2272","2020/3/6",80.7777777777778,59
"2273","2020/3/7",85.7222222222222,61
"2274","2020/3/8",63.3333333333333,61
"2275","2020/3/9",61.3888888888889,41
"2276","2020/4/1",62.3888888888889,42
"2277","2020/4/10",66.9444444444444,43
"2278","2020/4/11",78.4444444444444,33
"2279","2020/4/12",82.5555555555556,23
"2280","2020/4/13",79.0555555555556,52
"2281","2020/4/14",75.3888888888889,60
"2282","2020/4/15",76.5555555555556,53
"2283","2020/4/16",79.3888888888889,42
"2284","2020/4/17",71.2222222222222,31
"2285","2020/4/18",57.6111111111111,27
"2286","2020/4/19",54.2222222222222,17
"2287","2020/4/2",81,58
"2288","2020/4/20",NA,33
"2289","2020/4/21",55.2777777777778,71
"2290","2020/4/22",57.6666666666667,48
"2291","2020/4/23",81.4444444444444,46
"2292","2020/4/24",77.1111111111111,59
"2293","2020/4/25",60.9444444444444,33
"2294","2020/4/26",65.2777777777778,38
"2295","2020/4/27",74.2777777777778,41
"2296","2020/4/28",75.3333333333333,58
"2297","2020/4/29",74.2777777777778,58
"2298","2020/4/3",118.666666666667,67
"2299","2020/4/4",77.7222222222222,47
"2300","2020/4/5",78.5555555555556,57
"2301","2020/4/6",83.3333333333333,60
"2302","2020/4/7",78.7222222222222,47
"2303","2020/4/8",50.2222222222222,51
"2304","2020/4/9",52.7777777777778,47
