"","year","month","re_china_average","re_seoul_average"
"4","2014"," 1",153.166666666667,49
"5","2014"," 1",119.5,57
"14","2014"," 1",80.7777777777778,60
"15","2014"," 1",114.166666666667,78
"16","2014"," 1",122.666666666667,88
"18","2014"," 1",123.222222222222,65
"19","2014"," 1",77.2222222222222,53
"20","2014"," 1",101.5,36
"21","2014"," 1",100,40
"22","2014"," 1",96.7222222222222,32
"24","2014"," 1",107.611111111111,57
"30","2014"," 1",93.2222222222222,74
"31","2014"," 1",122.333333333333,65
"33","2014","10",98.8333333333333,27
"34","2014","10",122.666666666667,32
"35","2014","10",115.722222222222,33
"36","2014","10",68.3888888888889,26
"37","2014","10",107.111111111111,28
"38","2014","10",153.444444444444,39
"39","2014","10",100.888888888889,42
"40","2014","10",137.5,37
"42","2014","10",99,59
"43","2014","10",104.5,35
"44","2014","10",101.166666666667,36
"45","2014","10",83.7222222222222,15
"46","2014","10",109.555555555556,17
"47","2014","10",133.833333333333,30
"48","2014","10",125.722222222222,44
"49","2014","10",110.222222222222,53
"50","2014","10",126.444444444444,41
"51","2014","10",80.6666666666667,45
"52","2014","10",100.944444444444,62
"53","2014","10",132.777777777778,64
"54","2014","10",114.222222222222,63
"55","2014","10",96.7777777777778,25
"56","2014","10",76.9444444444444,47
"57","2014","10",104.833333333333,42
"58","2014","10",117.444444444444,22
"59","2014","10",86.0555555555556,19
"60","2014","10",127.833333333333,33
"61","2014","10",117.722222222222,39
"62","2014","10",128.388888888889,46
"63","2014","10",127.333333333333,46
"64","2014","11",87.3888888888889,57
"65","2014","11",149.222222222222,69
"66","2014","11",101.611111111111,42
"67","2014","11",109.666666666667,65
"68","2014","11",148.666666666667,35
"69","2014","11",166.166666666667,36
"70","2014","11",153.111111111111,51
"71","2014","11",116.944444444444,36
"72","2014","11",141.222222222222,38
"73","2014","11",156.222222222222,59
"74","2014","11",152.222222222222,65
"75","2014","11",114.111111111111,42
"78","2014","11",153.888888888889,66
"79","2014","11",135.388888888889,68
"80","2014","11",118.5,34
"81","2014","11",133.333333333333,33
"82","2014","11",122.666666666667,54
"83","2014","11",78.1111111111111,29
"84","2014","11",119.388888888889,20
"85","2014","11",105.444444444444,15
"86","2014","11",115.5,33
"87","2014","11",121.277777777778,44
"88","2014","11",148.888888888889,35
"89","2014","11",135.888888888889,58
"90","2014","11",74.7777777777778,54
"91","2014","11",101.222222222222,64
"92","2014","11",157,61
"93","2014","11",167.111111111111,59
"94","2014","12",90.9444444444444,74
"95","2014","12",121.666666666667,51
"96","2014","12",106.5,43
"97","2014","12",137,34
"98","2014","12",158.444444444444,38
"100","2014","12",84.6666666666667,34
"101","2014","12",108.555555555556,22
"102","2014","12",135,30
"103","2014","12",115.388888888889,50
"104","2014","12",73.1666666666667,31
"105","2014","12",136.222222222222,28
"106","2014","12",83.7222222222222,21
"107","2014","12",115.277777777778,30
"108","2014","12",159.555555555556,49
"109","2014","12",151.666666666667,54
"110","2014","12",111.611111111111,31
"111","2014","12",149.333333333333,38
"112","2014","12",162.111111111111,58
"115","2014","12",121.666666666667,48
"116","2014","12",117.722222222222,33
"117","2014","12",145.944444444444,37
"118","2014","12",149.333333333333,51
"119","2014","12",134.666666666667,45
"120","2014","12",152.777777777778,54
"121","2014","12",154.333333333333,54
"123","2014"," 2",87.9444444444444,27
"124","2014"," 2",126.333333333333,18
"125","2014"," 2",119.444444444444,23
"126","2014"," 2",147.777777777778,27
"127","2014"," 2",164.222222222222,18
"128","2014"," 2",129.722222222222,34
"129","2014"," 2",88.4444444444444,60
"130","2014"," 2",73.3888888888889,72
"131","2014"," 2",130.388888888889,23
"132","2014"," 2",147.222222222222,32
"133","2014"," 2",77.5555555555556,23
"134","2014"," 2",139.166666666667,62
"135","2014"," 2",129.833333333333,65
"136","2014"," 2",145.388888888889,82
"137","2014"," 2",172.722222222222,86
"141","2014"," 2",73.2777777777778,96
"142","2014"," 2",97.3333333333333,95
"143","2014"," 2",64.5555555555556,57
"144","2014"," 2",57.5555555555556,36
"145","2014"," 2",62.5,46
"146","2014"," 2",69.2222222222222,51
"147","2014"," 2",78.4444444444444,19
"148","2014"," 2",61.7222222222222,10
"149","2014"," 2",58.1666666666667,20
"150","2014"," 3",153.555555555556,80
"151","2014"," 3",130.833333333333,40
"152","2014"," 3",117.666666666667,50
"153","2014"," 3",94.6111111111111,40
"154","2014"," 3",115.333333333333,49
"155","2014"," 3",138.5,60
"156","2014"," 3",125,82
"159","2014"," 3",95.6111111111111,91
"160","2014"," 3",84.6666666666667,93
"161","2014"," 3",133.611111111111,30
"162","2014"," 3",99.4444444444444,58
"163","2014"," 3",113.5,33
"164","2014"," 3",139.388888888889,60
"165","2014"," 3",131.5,73
"166","2014"," 3",161.055555555556,58
"168","2014"," 3",149.166666666667,63
"169","2014"," 3",113.777777777778,76
"170","2014"," 3",142.222222222222,93
"171","2014"," 3",132.666666666667,53
"172","2014"," 3",98.1666666666667,58
"173","2014"," 3",155.722222222222,38
"174","2014"," 3",117.611111111111,61
"175","2014"," 3",98.2777777777778,76
"176","2014"," 3",106.944444444444,38
"177","2014"," 3",105.777777777778,34
"178","2014"," 3",123.333333333333,31
"179","2014"," 3",150.833333333333,43
"180","2014"," 3",135.944444444444,39
"181","2014"," 4",126.5,68
"182","2014"," 4",134.722222222222,58
"183","2014"," 4",116.555555555556,64
"184","2014"," 4",154.666666666667,69
"185","2014"," 4",134,69
"186","2014"," 4",161.666666666667,66
"187","2014"," 4",127.888888888889,69
"189","2014"," 4",122.5,79
"190","2014"," 4",88.0555555555556,64
"191","2014"," 4",133.222222222222,48
"192","2014"," 4",121.333333333333,63
"193","2014"," 4",151.222222222222,42
"194","2014"," 4",150.555555555556,58
"195","2014"," 4",118.388888888889,61
"196","2014"," 4",97.6111111111111,73
"197","2014"," 4",96.4444444444444,93
"198","2014"," 4",60,65
"199","2014"," 4",70.2222222222222,56
"200","2014"," 4",83.5,29
"201","2014"," 4",122.611111111111,13
"202","2014"," 4",127.666666666667,14
"203","2014"," 4",138.388888888889,61
"204","2014"," 4",133.5,27
"205","2014"," 4",98.0555555555556,22
"206","2014"," 4",101.111111111111,45
"207","2014"," 4",116.111111111111,38
"208","2014"," 4",141.777777777778,63
"209","2014"," 4",144.888888888889,52
"210","2014"," 4",151.166666666667,65
"211","2014"," 5",120.777777777778,52
"212","2014"," 5",53.3888888888889,39
"213","2014"," 5",90.7777777777778,32
"214","2014"," 5",105.944444444444,39
"215","2014"," 5",117.611111111111,77
"216","2014"," 5",115.888888888889,71
"217","2014"," 5",119.166666666667,49
"218","2014"," 5",123.777777777778,53
"219","2014"," 5",103.555555555556,56
"220","2014"," 5",115,56
"221","2014"," 5",130.555555555556,60
"222","2014"," 5",104.555555555556,71
"223","2014"," 5",138.888888888889,66
"224","2014"," 5",149.111111111111,59
"225","2014"," 5",113.5,46
"226","2014"," 5",71.7777777777778,65
"227","2014"," 5",119.444444444444,63
"228","2014"," 5",133.611111111111,53
"229","2014"," 5",161.5,74
"233","2014"," 5",97.0555555555556,28
"235","2014"," 5",88.2222222222222,91
"236","2014"," 5",98.7777777777778,40
"237","2014"," 5",122.277777777778,37
"238","2014"," 5",110.222222222222,40
"239","2014"," 5",106.888888888889,47
"240","2014"," 5",97.4444444444444,36
"241","2014"," 5",78.2777777777778,46
"242","2014"," 6",57.9444444444444,79
"243","2014"," 6",94.0555555555556,35
"244","2014"," 6",99.7222222222222,22
"245","2014"," 6",126.222222222222,27
"246","2014"," 6",141.5,58
"247","2014"," 6",110.666666666667,42
"248","2014"," 6",110.888888888889,44
"249","2014"," 6",85.2777777777778,37
"250","2014"," 6",84,68
"251","2014"," 6",111,51
"252","2014"," 6",72.3333333333333,53
"253","2014"," 6",67.7222222222222,77
"254","2014"," 6",77.4444444444444,56
"255","2014"," 6",100.944444444444,27
"256","2014"," 6",96.7222222222222,22
"257","2014"," 6",108.388888888889,33
"258","2014"," 6",116.111111111111,45
"259","2014"," 6",97.5555555555556,55
"260","2014"," 6",91.1666666666667,52
"261","2014"," 6",94.1666666666667,37
"262","2014"," 6",118.722222222222,40
"263","2014"," 6",107.722222222222,35
"264","2014"," 6",89.3888888888889,30
"265","2014"," 6",124.388888888889,36
"266","2014"," 6",96.1666666666667,23
"267","2014"," 6",126,21
"268","2014"," 6",77.3333333333333,30
"269","2014"," 6",103.555555555556,39
"270","2014"," 6",97,35
"271","2014"," 6",99.4444444444444,44
"272","2014"," 7",83.5555555555556,48
"273","2014"," 7",110.388888888889,33
"274","2014"," 7",120.333333333333,59
"275","2014"," 7",98.5555555555556,67
"276","2014"," 7",104.5,57
"277","2014"," 7",85.6111111111111,70
"278","2014"," 7",97.6111111111111,79
"279","2014"," 7",92.7777777777778,55
"280","2014"," 7",85.1666666666667,24
"281","2014"," 7",86.7777777777778,16
"282","2014"," 7",83.1666666666667,47
"283","2014"," 7",86.2222222222222,70
"284","2014"," 7",98.1666666666667,56
"285","2014"," 7",98.5,58
"286","2014"," 7",83.1111111111111,19
"287","2014"," 7",100.277777777778,18
"288","2014"," 7",52.1111111111111,12
"289","2014"," 7",98.5555555555556,18
"290","2014"," 7",114.944444444444,32
"291","2014"," 7",116.722222222222,72
"292","2014"," 7",98.7222222222222,66
"293","2014"," 7",72.2777777777778,41
"294","2014"," 7",97.0555555555556,25
"295","2014"," 7",101.888888888889,30
"296","2014"," 7",76.2222222222222,29
"297","2014"," 7",94.1111111111111,19
"298","2014"," 7",95.0555555555556,35
"299","2014"," 7",105,27
"300","2014"," 7",112.777777777778,35
"301","2014"," 7",104.444444444444,32
"302","2014"," 7",95.0555555555556,22
"303","2014"," 8",71.7222222222222,18
"304","2014"," 8",107.666666666667,12
"305","2014"," 8",93.2222222222222,26
"306","2014"," 8",79.9444444444444,59
"307","2014"," 8",79.7777777777778,67
"308","2014"," 8",107.555555555556,30
"309","2014"," 8",106,35
"310","2014"," 8",90.1666666666667,44
"311","2014"," 8",71.3888888888889,43
"312","2014"," 8",94.5555555555556,8
"313","2014"," 8",114.611111111111,15
"314","2014"," 8",89.4444444444444,14
"315","2014"," 8",120.055555555556,34
"316","2014"," 8",111.777777777778,17
"317","2014"," 8",114.611111111111,62
"318","2014"," 8",79.8888888888889,71
"319","2014"," 8",84.4444444444444,61
"320","2014"," 8",105.888888888889,49
"321","2014"," 8",108.222222222222,13
"322","2014"," 8",92,9
"323","2014"," 8",99.3333333333333,19
"324","2014"," 8",97.2777777777778,26
"325","2014"," 8",119.444444444444,9
"326","2014"," 8",82.7777777777778,23
"327","2014"," 8",91.1666666666667,26
"328","2014"," 8",83.5555555555556,10
"329","2014"," 8",74.4444444444444,47
"330","2014"," 8",73.3333333333333,49
"331","2014"," 8",83.0555555555556,43
"332","2014"," 8",74.5,21
"333","2014"," 8",79.2777777777778,22
"334","2014"," 9",66.6666666666667,33
"335","2014"," 9",86.1666666666667,29
"336","2014"," 9",70.2222222222222,40
"337","2014"," 9",80.5,42
"338","2014"," 9",82.1111111111111,23
"339","2014"," 9",72.9444444444444,16
"340","2014"," 9",69.6111111111111,40
"341","2014"," 9",60.4444444444444,37
"342","2014"," 9",85.1666666666667,53
"343","2014"," 9",104.277777777778,23
"344","2014"," 9",94.3333333333333,31
"345","2014"," 9",59.1666666666667,23
"346","2014"," 9",101.5,32
"347","2014"," 9",113.444444444444,32
"348","2014"," 9",103,30
"349","2014"," 9",103.611111111111,26
"350","2014"," 9",91.3333333333333,19
"351","2014"," 9",107.888888888889,22
"352","2014"," 9",124.5,28
"353","2014"," 9",115.722222222222,34
"354","2014"," 9",74.6111111111111,43
"355","2014"," 9",61,50
"356","2014"," 9",85.4444444444444,7
"357","2014"," 9",87.1111111111111,24
"358","2014"," 9",102.888888888889,16
"359","2014"," 9",106,28
"360","2014"," 9",109.777777777778,37
"361","2014"," 9",108.222222222222,48
"362","2014"," 9",94.5,54
"363","2014"," 9",93.7222222222222,56
"364","2015"," 1",164.666666666667,50
"365","2015"," 1",84.5,49
"366","2015"," 1",99.7777777777778,62
"367","2015"," 1",116.944444444444,72
"370","2015"," 1",99.4444444444444,39
"371","2015"," 1",127.833333333333,36
"372","2015"," 1",117.277777777778,64
"373","2015"," 1",108.055555555556,52
"374","2015"," 1",138.777777777778,43
"375","2015"," 1",113.777777777778,64
"376","2015"," 1",96.8888888888889,50
"377","2015"," 1",131.611111111111,46
"378","2015"," 1",172.611111111111,57
"379","2015"," 1",112.055555555556,67
"380","2015"," 1",124.833333333333,44
"381","2015"," 1",59.8888888888889,54
"382","2015"," 1",69.8888888888889,50
"383","2015"," 1",89.3333333333333,56
"384","2015"," 1",93.6111111111111,43
"386","2015"," 1",88.1666666666667,46
"387","2015"," 1",104.833333333333,34
"389","2015"," 1",76.2222222222222,40
"390","2015"," 1",98.3888888888889,39
"391","2015"," 1",163.722222222222,47
"394","2015","10",114.944444444444,32
"395","2015","10",83.8888888888889,18
"396","2015","10",100.833333333333,19
"397","2015","10",114.611111111111,30
"398","2015","10",165.055555555556,53
"399","2015","10",165.944444444444,62
"401","2015","10",156.333333333333,64
"402","2015","10",130.888888888889,71
"403","2015","10",109.5,87
"404","2015","10",147.666666666667,89
"405","2015","10",162.333333333333,45
"406","2015","10",127.722222222222,97
"407","2015","10",101.611111111111,78
"408","2015","10",123.333333333333,55
"409","2015","10",130.222222222222,38
"410","2015","10",74.1666666666667,33
"411","2015","10",76.2222222222222,37
"412","2015","10",88.9444444444444,37
"413","2015","10",103.444444444444,34
"414","2015","10",76.5,25
"415","2015","10",73.2222222222222,32
"417","2015","10",93.5555555555556,32
"418","2015","10",93.1666666666667,45
"419","2015","10",149.444444444444,32
"420","2015","10",131.777777777778,35
"421","2015","10",87.0555555555556,47
"422","2015","10",70.8888888888889,59
"423","2015","10",91.8333333333333,36
"424","2015","10",72.6111111111111,26
"425","2015","11",129.888888888889,56
"426","2015","11",140.611111111111,45
"427","2015","11",157.944444444444,17
"428","2015","11",104.666666666667,15
"429","2015","11",99.2777777777778,12
"430","2015","11",130.055555555556,21
"431","2015","11",88,31
"432","2015","11",79.1111111111111,19
"433","2015","11",63.5555555555556,12
"434","2015","11",91.3888888888889,16
"435","2015","11",114.611111111111,38
"436","2015","11",127.388888888889,71
"437","2015","11",91.1111111111111,52
"438","2015","11",40.3888888888889,33
"439","2015","11",44.8333333333333,9
"440","2015","11",44.7777777777778,27
"441","2015","11",69.7777777777778,13
"442","2015","11",65.6666666666667,37
"443","2015","11",89.7777777777778,45
"444","2015","11",130.888888888889,49
"447","2015","11",111.888888888889,81
"449","2015","11",116.555555555556,76
"450","2015","11",42.0555555555556,54
"451","2015","11",48.6111111111111,12
"452","2015","11",82,5
"453","2015","11",102.222222222222,12
"454","2015","11",118.055555555556,51
"455","2015","12",128.166666666667,57
"456","2015","12",95.8333333333333,36
"457","2015","12",105.5,31
"458","2015","12",157.777777777778,44
"460","2015","12",135.222222222222,59
"461","2015","12",65.0555555555556,32
"462","2015","12",80.5,21
"463","2015","12",130.111111111111,46
"466","2015","12",83.8888888888889,21
"473","2015","12",64.3333333333333,33
"474","2015","12",109.888888888889,27
"475","2015","12",154.777777777778,61
"477","2015","12",94.8888888888889,46
"479","2015","12",149.166666666667,38
"480","2015","12",165.888888888889,38
"482","2015","12",166.388888888889,63
"483","2015","12",107.722222222222,73
"485","2015"," 2",125.222222222222,48
"486","2015"," 2",158.277777777778,79
"487","2015"," 2",127.666666666667,42
"488","2015"," 2",121.388888888889,36
"489","2015"," 2",132.777777777778,58
"490","2015"," 2",128,76
"491","2015"," 2",140.666666666667,46
"492","2015"," 2",134.5,62
"493","2015"," 2",96.0555555555556,63
"494","2015"," 2",120.444444444444,64
"495","2015"," 2",66.4444444444444,57
"496","2015"," 2",164.833333333333,64
"497","2015"," 2",98.8333333333333,29
"500","2015"," 2",123.166666666667,91
"501","2015"," 2",132.666666666667,70
"502","2015"," 2",99.9444444444444,39
"503","2015"," 2",62.9444444444444,34
"504","2015"," 2",72.3333333333333,50
"505","2015"," 2",115.444444444444,80
"506","2015"," 2",146.611111111111,76
"507","2015"," 2",79.3888888888889,83
"508","2015"," 2",107.722222222222,58
"509","2015"," 2",127.555555555556,53
"510","2015"," 2",66.1111111111111,87
"511","2015"," 2",96.4444444444444,41
"512","2015"," 2",117.777777777778,82
"513","2015"," 3",108.388888888889,80
"514","2015"," 3",97.2222222222222,43
"515","2015"," 3",129.166666666667,37
"516","2015"," 3",145.888888888889,50
"517","2015"," 3",102.555555555556,43
"518","2015"," 3",140.555555555556,48
"519","2015"," 3",131.722222222222,78
"521","2015"," 3",89.1666666666667,77
"522","2015"," 3",138.555555555556,58
"524","2015"," 3",113.444444444444,55
"527","2015"," 3",109.222222222222,58
"528","2015"," 3",108.888888888889,49
"529","2015"," 3",98.1111111111111,48
"530","2015"," 3",92.5555555555556,51
"531","2015"," 3",92.2222222222222,59
"532","2015"," 3",144.388888888889,52
"535","2015"," 3",66.8333333333333,45
"536","2015"," 3",108.277777777778,98
"537","2015"," 3",63.2222222222222,29
"538","2015"," 3",87.3333333333333,49
"539","2015"," 3",104.555555555556,52
"540","2015"," 3",102.722222222222,55
"541","2015"," 3",96.9444444444444,70
"542","2015"," 3",84.1111111111111,64
"543","2015"," 3",82.5555555555556,33
"544","2015"," 4",58.8888888888889,26
"545","2015"," 4",105.833333333333,68
"546","2015"," 4",87.2777777777778,55
"547","2015"," 4",61,30
"548","2015"," 4",94.1111111111111,23
"549","2015"," 4",116.5,40
"551","2015"," 4",144.166666666667,68
"552","2015"," 4",118.111111111111,62
"553","2015"," 4",74.6111111111111,36
"554","2015"," 4",94.1666666666667,13
"555","2015"," 4",79.5,35
"556","2015"," 4",113.111111111111,45
"557","2015"," 4",106.611111111111,67
"558","2015"," 4",114.888888888889,63
"559","2015"," 4",136.777777777778,68
"560","2015"," 4",136.611111111111,61
"561","2015"," 4",117.277777777778,40
"562","2015"," 4",99.7222222222222,57
"563","2015"," 4",97.3888888888889,49
"564","2015"," 4",106.722222222222,50
"565","2015"," 4",120.055555555556,34
"566","2015"," 4",92.8333333333333,18
"567","2015"," 4",88.6111111111111,48
"568","2015"," 4",130.222222222222,18
"569","2015"," 4",88.3333333333333,54
"570","2015"," 4",64.6666666666667,46
"571","2015"," 4",86.0555555555556,30
"572","2015"," 4",87.1666666666667,55
"573","2015"," 4",111.944444444444,58
"574","2015"," 5",69.8888888888889,39
"575","2015"," 5",56.6666666666667,48
"576","2015"," 5",85.8888888888889,37
"577","2015"," 5",102.888888888889,61
"578","2015"," 5",131.5,56
"579","2015"," 5",109.888888888889,86
"580","2015"," 5",107.388888888889,54
"581","2015"," 5",112.722222222222,57
"582","2015"," 5",103.555555555556,48
"583","2015"," 5",116.611111111111,51
"584","2015"," 5",76.2777777777778,46
"585","2015"," 5",108.888888888889,28
"586","2015"," 5",95.1111111111111,46
"587","2015"," 5",93.1111111111111,55
"588","2015"," 5",92.1666666666667,49
"589","2015"," 5",109.777777777778,34
"590","2015"," 5",115.222222222222,46
"591","2015"," 5",101.5,44
"592","2015"," 5",94.3333333333333,43
"593","2015"," 5",77.2222222222222,44
"594","2015"," 5",80.4444444444444,49
"595","2015"," 5",90.6111111111111,44
"596","2015"," 5",99,50
"597","2015"," 5",99.2222222222222,44
"598","2015"," 5",90.8333333333333,40
"599","2015"," 5",101.777777777778,42
"600","2015"," 5",107.111111111111,49
"601","2015"," 5",103.944444444444,47
"602","2015"," 5",94.2222222222222,57
"603","2015"," 5",74.8888888888889,45
"604","2015"," 5",78.0555555555556,44
"605","2015"," 6",98.7222222222222,39
"606","2015"," 6",84,43
"607","2015"," 6",100.222222222222,47
"608","2015"," 6",112.777777777778,72
"609","2015"," 6",81.7222222222222,34
"610","2015"," 6",105.944444444444,40
"611","2015"," 6",114.222222222222,51
"612","2015"," 6",110.944444444444,40
"613","2015"," 6",101.444444444444,31
"614","2015"," 6",96.8333333333333,23
"615","2015"," 6",64.1111111111111,40
"616","2015"," 6",83.3333333333333,45
"617","2015"," 6",87.5,23
"618","2015"," 6",89.3888888888889,34
"619","2015"," 6",92.7777777777778,36
"620","2015"," 6",69.4444444444444,45
"621","2015"," 6",55.2222222222222,44
"622","2015"," 6",76.6111111111111,13
"623","2015"," 6",86.7777777777778,11
"624","2015"," 6",80.3333333333333,25
"625","2015"," 6",65.9444444444444,25
"626","2015"," 6",57.5555555555556,33
"627","2015"," 6",91,43
"628","2015"," 6",82.1111111111111,34
"629","2015"," 6",89.9444444444444,36
"630","2015"," 6",130.222222222222,35
"631","2015"," 6",106.333333333333,34
"632","2015"," 6",79.0555555555556,39
"633","2015"," 6",112.388888888889,48
"634","2015"," 6",105.833333333333,52
"635","2015"," 7",80.4444444444444,48
"636","2015"," 7",73.3333333333333,30
"637","2015"," 7",73.2222222222222,11
"638","2015"," 7",105.777777777778,27
"639","2015"," 7",108.111111111111,66
"640","2015"," 7",87,53
"641","2015"," 7",97.5555555555556,12
"642","2015"," 7",86.2222222222222,12
"643","2015"," 7",79.8888888888889,30
"644","2015"," 7",62.6111111111111,26
"645","2015"," 7",70.8888888888889,23
"646","2015"," 7",83.3888888888889,44
"647","2015"," 7",84,27
"648","2015"," 7",84.0555555555556,34
"649","2015"," 7",85.2222222222222,27
"650","2015"," 7",83.9444444444444,15
"651","2015"," 7",84.6111111111111,20
"652","2015"," 7",104.833333333333,19
"653","2015"," 7",101.5,30
"654","2015"," 7",69.6111111111111,40
"655","2015"," 7",71.6666666666667,36
"656","2015"," 7",64.2777777777778,68
"657","2015"," 7",75.2777777777778,34
"658","2015"," 7",51.9444444444444,59
"659","2015"," 7",82.8333333333333,51
"660","2015"," 7",85.8888888888889,38
"661","2015"," 7",100.333333333333,33
"662","2015"," 7",97.2777777777778,39
"663","2015"," 7",101.222222222222,11
"664","2015"," 7",93.2222222222222,11
"665","2015"," 7",88.8333333333333,19
"666","2015"," 8",81.1666666666667,34
"667","2015"," 8",78.6111111111111,59
"668","2015"," 8",93.7777777777778,53
"669","2015"," 8",106.444444444444,43
"670","2015"," 8",97.5,41
"671","2015"," 8",81.6666666666667,59
"672","2015"," 8",97.6666666666667,67
"673","2015"," 8",107.666666666667,28
"674","2015"," 8",101.5,23
"675","2015"," 8",82.9444444444444,39
"676","2015"," 8",79,37
"677","2015"," 8",64.2222222222222,34
"678","2015"," 8",92.5,31
"679","2015"," 8",97.9444444444444,40
"680","2015"," 8",65.3333333333333,39
"681","2015"," 8",69.3888888888889,33
"682","2015"," 8",60.2222222222222,8
"683","2015"," 8",60.4444444444444,10
"684","2015"," 8",69.3888888888889,22
"685","2015"," 8",81.6111111111111,31
"686","2015"," 8",74.2777777777778,35
"687","2015"," 8",78.1111111111111,36
"688","2015"," 8",61.1111111111111,28
"689","2015"," 8",71.9444444444444,37
"690","2015"," 8",50.2222222222222,27
"691","2015"," 8",90.2222222222222,35
"692","2015"," 8",60.1666666666667,36
"693","2015"," 8",71,42
"694","2015"," 8",63.7222222222222,36
"695","2015"," 8",60.0555555555556,22
"696","2015"," 8",66.3333333333333,31
"697","2015"," 9",53.4444444444444,27
"698","2015"," 9",54.1666666666667,44
"699","2015"," 9",58.0555555555556,22
"700","2015"," 9",72,23
"701","2015"," 9",86.2222222222222,35
"702","2015"," 9",73.3333333333333,30
"703","2015"," 9",82.5,17
"704","2015"," 9",92.7222222222222,13
"705","2015"," 9",102.444444444444,19
"706","2015"," 9",107.333333333333,34
"707","2015"," 9",95.2777777777778,52
"708","2015"," 9",67.8888888888889,26
"709","2015"," 9",102.555555555556,53
"710","2015"," 9",85.6666666666667,46
"711","2015"," 9",86,45
"712","2015"," 9",126.888888888889,42
"713","2015"," 9",104.444444444444,38
"714","2015"," 9",83.4444444444444,53
"715","2015"," 9",102.722222222222,39
"716","2015"," 9",90.5,33
"717","2015"," 9",71.7222222222222,28
"718","2015"," 9",63.5,19
"719","2015"," 9",83.4444444444444,33
"720","2015"," 9",69.2222222222222,18
"721","2015"," 9",58.2777777777778,36
"722","2015"," 9",60.1666666666667,15
"723","2015"," 9",62.7777777777778,13
"724","2015"," 9",78.3333333333333,13
"725","2015"," 9",76.1666666666667,17
"726","2015"," 9",80.7777777777778,30
"727","2016"," 1",84.5555555555556,43
"728","2016"," 1",76.7777777777778,53
"729","2016"," 1",115.333333333333,42
"733","2016"," 1",147.388888888889,71
"734","2016"," 1",92.2777777777778,56
"735","2016"," 1",103.444444444444,37
"736","2016"," 1",96.7222222222222,42
"737","2016"," 1",99.8888888888889,53
"738","2016"," 1",107.5,55
"739","2016"," 1",67.8333333333333,35
"740","2016"," 1",70,43
"741","2016"," 1",92.6666666666667,55
"742","2016"," 1",113.944444444444,77
"743","2016"," 1",142.777777777778,66
"744","2016"," 1",150.222222222222,60
"745","2016"," 1",100.444444444444,54
"746","2016"," 1",68.5,42
"747","2016"," 1",126.5,47
"748","2016"," 1",73.6666666666667,44
"749","2016"," 1",96.6111111111111,43
"750","2016"," 1",102.777777777778,34
"751","2016"," 1",124.666666666667,58
"752","2016"," 1",100.444444444444,45
"753","2016"," 1",137.444444444444,36
"756","2016","10",70.2222222222222,35
"757","2016","10",85.4444444444444,45
"758","2016","10",107,59
"759","2016","10",112.944444444444,46
"760","2016","10",100.722222222222,70
"761","2016","10",78.4444444444444,79
"762","2016","10",63.2222222222222,60
"763","2016","10",98.4444444444444,57
"764","2016","10",121.111111111111,60
"765","2016","10",111.166666666667,66
"766","2016","10",92.3333333333333,67
"767","2016","10",84.2777777777778,19
"768","2016","10",64.7222222222222,27
"769","2016","10",53.5,35
"770","2016","10",46.6666666666667,13
"771","2016","10",63.3888888888889,19
"772","2016","10",73.3888888888889,17
"773","2016","10",94.8333333333333,46
"774","2016","10",64.8333333333333,52
"775","2016","10",48.6111111111111,43
"776","2016","10",60.5555555555556,41
"777","2016","10",76.7777777777778,28
"778","2016","10",86.2777777777778,36
"779","2016","10",54,34
"780","2016","10",61.0555555555556,25
"781","2016","10",76.2222222222222,28
"782","2016","10",65.7222222222222,44
"783","2016","10",62.6111111111111,30
"784","2016","10",62,23
"785","2016","10",65.8888888888889,20
"786","2016","10",80.2222222222222,30
"787","2016","11",96,39
"788","2016","11",105.5,50
"789","2016","11",131.611111111111,75
"790","2016","11",168.611111111111,64
"791","2016","11",159.944444444444,55
"792","2016","11",90,62
"793","2016","11",83.7222222222222,59
"794","2016","11",125.055555555556,68
"795","2016","11",133.444444444444,85
"796","2016","11",115.944444444444,62
"797","2016","11",77.1111111111111,47
"798","2016","11",109.555555555556,46
"799","2016","11",48.3333333333333,64
"800","2016","11",41.5,46
"801","2016","11",60.3333333333333,42
"802","2016","11",88.6111111111111,29
"803","2016","11",104.777777777778,39
"804","2016","11",140.166666666667,58
"805","2016","11",127,71
"806","2016","11",102.166666666667,73
"807","2016","11",140.666666666667,41
"808","2016","11",135.222222222222,49
"809","2016","11",105.388888888889,65
"810","2016","11",150.333333333333,50
"811","2016","11",129.888888888889,74
"812","2016","11",112.888888888889,34
"813","2016","11",86.2777777777778,38
"814","2016","11",72.6111111111111,65
"815","2016","11",82.6111111111111,46
"816","2016","11",81.1666666666667,47
"817","2016","12",146.5,37
"818","2016","12",108.611111111111,36
"819","2016","12",105.333333333333,47
"820","2016","12",58.5555555555556,63
"821","2016","12",66.1666666666667,58
"822","2016","12",106.333333333333,38
"823","2016","12",115.5,35
"824","2016","12",120.388888888889,63
"828","2016","12",144.388888888889,55
"830","2016","12",128.388888888889,25
"831","2016","12",100.555555555556,58
"832","2016","12",91.8333333333333,68
"833","2016","12",99.7222222222222,59
"834","2016","12",73.6666666666667,51
"835","2016","12",74.1111111111111,45
"836","2016","12",115.444444444444,49
"837","2016","12",115.944444444444,40
"838","2016","12",127.111111111111,45
"841","2016","12",165.611111111111,80
"842","2016","12",99.4444444444444,27
"843","2016","12",141.5,51
"844","2016","12",154,60
"845","2016","12",74.5555555555556,37
"846","2016","12",88.4444444444444,36
"847","2016"," 2",117.111111111111,49
"848","2016"," 2",111.944444444444,51
"849","2016"," 2",127.333333333333,40
"850","2016"," 2",41.2222222222222,17
"851","2016"," 2",42.5,32
"852","2016"," 2",60.1666666666667,36
"853","2016"," 2",68.5,32
"854","2016"," 2",88.2777777777778,43
"855","2016"," 2",85.8888888888889,48
"856","2016"," 2",105.666666666667,79
"857","2016"," 2",67.2222222222222,51
"858","2016"," 2",136.833333333333,62
"859","2016"," 2",86.1666666666667,29
"860","2016"," 2",145.166666666667,46
"861","2016"," 2",120.222222222222,55
"862","2016"," 2",82.5,36
"863","2016"," 2",125.277777777778,51
"864","2016"," 2",130,52
"865","2016"," 2",148.444444444444,69
"866","2016"," 2",86.8333333333333,50
"867","2016"," 2",61.5555555555556,61
"868","2016"," 2",91.8333333333333,36
"869","2016"," 2",134.666666666667,61
"870","2016"," 2",104.055555555556,50
"871","2016"," 2",78.0555555555556,56
"872","2016"," 2",117.055555555556,51
"873","2016"," 2",174.277777777778,64
"874","2016"," 2",98.2777777777778,59
"875","2016"," 2",86.6666666666667,43
"876","2016"," 3",131.722222222222,42
"877","2016"," 3",106.5,39
"878","2016"," 3",117.5,51
"879","2016"," 3",110.277777777778,63
"880","2016"," 3",112.611111111111,66
"881","2016"," 3",112.722222222222,59
"882","2016"," 3",109.277777777778,66
"883","2016"," 3",112.611111111111,73
"884","2016"," 3",149.666666666667,67
"886","2016"," 3",107.166666666667,79
"887","2016"," 3",156.166666666667,57
"888","2016"," 3",110.555555555556,82
"889","2016"," 3",139.5,72
"890","2016"," 3",75.8888888888889,75
"891","2016"," 3",83.2222222222222,43
"892","2016"," 3",90.7777777777778,72
"893","2016"," 3",105.333333333333,69
"894","2016"," 3",100.944444444444,69
"895","2016"," 3",127.222222222222,67
"896","2016"," 3",105.166666666667,87
"897","2016"," 3",124.722222222222,85
"898","2016"," 3",138.166666666667,73
"899","2016"," 3",124.777777777778,55
"900","2016"," 3",101.055555555556,72
"903","2016"," 3",155.888888888889,98
"904","2016"," 3",79.8333333333333,68
"905","2016"," 3",59.2777777777778,49
"906","2016"," 3",79.2222222222222,38
"907","2016"," 4",173.944444444444,77
"908","2016"," 4",100.444444444444,52
"909","2016"," 4",104.722222222222,61
"910","2016"," 4",147.277777777778,63
"911","2016"," 4",144.555555555556,61
"912","2016"," 4",125.888888888889,59
"913","2016"," 4",78.8333333333333,60
"914","2016"," 4",81.1111111111111,42
"915","2016"," 4",76.5,66
"916","2016"," 4",82.2777777777778,50
"917","2016"," 4",99.1666666666667,66
"918","2016"," 4",68.7222222222222,56
"919","2016"," 4",149.333333333333,32
"923","2016"," 4",114.5,76
"924","2016"," 4",99.7777777777778,79
"925","2016"," 4",103.666666666667,58
"926","2016"," 4",104.111111111111,60
"927","2016"," 4",116.444444444444,67
"928","2016"," 4",103.166666666667,78
"929","2016"," 4",90.7222222222222,30
"930","2016"," 4",97.5555555555556,51
"931","2016"," 4",98.6111111111111,63
"932","2016"," 4",84.3333333333333,71
"933","2016"," 4",124.055555555556,48
"937","2016"," 5",105.166666666667,56
"938","2016"," 5",116.5,33
"939","2016"," 5",88.8333333333333,33
"940","2016"," 5",69.8333333333333,41
"941","2016"," 5",69.7222222222222,40
"942","2016"," 5",56.7777777777778,40
"943","2016"," 5",74.5555555555556,35
"944","2016"," 5",82.8333333333333,69
"945","2016"," 5",81.2222222222222,55
"946","2016"," 5",77.6111111111111,45
"947","2016"," 5",72.8333333333333,50
"948","2016"," 5",73.8888888888889,22
"949","2016"," 5",71.5,43
"950","2016"," 5",76.7777777777778,59
"951","2016"," 5",95.7777777777778,72
"952","2016"," 5",84.8888888888889,37
"953","2016"," 5",85.1111111111111,82
"954","2016"," 5",84.8333333333333,94
"955","2016"," 5",111.666666666667,84
"956","2016"," 5",74.1666666666667,78
"957","2016"," 5",82.1666666666667,80
"958","2016"," 5",103.611111111111,84
"959","2016"," 5",87.6111111111111,55
"960","2016"," 5",98.9444444444444,81
"961","2016"," 5",67.6666666666667,47
"962","2016"," 5",90.7777777777778,61
"965","2016"," 5",93.7777777777778,60
"966","2016"," 5",73.6666666666667,64
"967","2016"," 5",86.3888888888889,36
"968","2016"," 6",75.2777777777778,38
"969","2016"," 6",87.6111111111111,55
"970","2016"," 6",71.9444444444444,32
"971","2016"," 6",86.2222222222222,65
"972","2016"," 6",56,58
"973","2016"," 6",57.0555555555556,41
"974","2016"," 6",77.8888888888889,32
"975","2016"," 6",77.8333333333333,58
"976","2016"," 6",77.3333333333333,68
"977","2016"," 6",81.4444444444444,46
"978","2016"," 6",79.2777777777778,54
"979","2016"," 6",80.0555555555556,51
"980","2016"," 6",75.8333333333333,61
"981","2016"," 6",65.8333333333333,69
"982","2016"," 6",62.8333333333333,41
"983","2016"," 6",53.2222222222222,48
"984","2016"," 6",68.6111111111111,34
"985","2016"," 6",84.7777777777778,36
"986","2016"," 6",78.5555555555556,38
"987","2016"," 6",58.8333333333333,64
"988","2016"," 6",67.8333333333333,42
"989","2016"," 6",79.6666666666667,31
"990","2016"," 6",67.6111111111111,58
"991","2016"," 6",51.0555555555556,26
"992","2016"," 6",67.1111111111111,55
"993","2016"," 6",76.7222222222222,27
"994","2016"," 6",83.3888888888889,43
"995","2016"," 6",87.7777777777778,44
"996","2016"," 6",97.8888888888889,58
"997","2016"," 6",79.3888888888889,65
"998","2016"," 7",78.6111111111111,14
"999","2016"," 7",63.2777777777778,55
"1000","2016"," 7",64.5555555555556,41
"1001","2016"," 7",65.8888888888889,31
"1002","2016"," 7",69.9444444444444,31
"1003","2016"," 7",52.6111111111111,20
"1004","2016"," 7",67.4444444444444,11
"1005","2016"," 7",94.0555555555556,15
"1006","2016"," 7",104.5,30
"1007","2016"," 7",76.3333333333333,40
"1008","2016"," 7",47,40
"1009","2016"," 7",85.2222222222222,43
"1010","2016"," 7",53.7222222222222,35
"1011","2016"," 7",62.1111111111111,40
"1012","2016"," 7",66.9444444444444,48
"1013","2016"," 7",72.0555555555556,41
"1014","2016"," 7",69.2777777777778,49
"1015","2016"," 7",66.0555555555556,38
"1016","2016"," 7",75.7777777777778,38
"1017","2016"," 7",78.2222222222222,56
"1018","2016"," 7",84.0555555555556,47
"1019","2016"," 7",91.1666666666667,48
"1020","2016"," 7",76.9444444444444,28
"1021","2016"," 7",69.7222222222222,43
"1022","2016"," 7",61.8333333333333,35
"1023","2016"," 7",80.5,13
"1024","2016"," 7",85.8333333333333,18
"1025","2016"," 7",72.2222222222222,40
"1026","2016"," 7",59.0555555555556,60
"1027","2016"," 7",58.5555555555556,45
"1028","2016"," 7",72.4444444444444,39
"1029","2016"," 8",63.9444444444444,29
"1030","2016"," 8",62,37
"1031","2016"," 8",63.1666666666667,50
"1032","2016"," 8",71.5,39
"1033","2016"," 8",75.7777777777778,41
"1034","2016"," 8",67.7222222222222,44
"1035","2016"," 8",59.4444444444444,56
"1036","2016"," 8",77.1666666666667,50
"1037","2016"," 8",71.7222222222222,60
"1038","2016"," 8",65.8888888888889,68
"1039","2016"," 8",51.4444444444444,40
"1040","2016"," 8",64.8888888888889,31
"1041","2016"," 8",57.5555555555556,33
"1042","2016"," 8",69.7777777777778,35
"1043","2016"," 8",74.6666666666667,38
"1044","2016"," 8",80.3333333333333,43
"1045","2016"," 8",60.1111111111111,35
"1046","2016"," 8",44.9444444444444,16
"1047","2016"," 8",62.8333333333333,15
"1048","2016"," 8",69.6111111111111,13
"1049","2016"," 8",72.6666666666667,18
"1050","2016"," 8",73.6111111111111,36
"1051","2016"," 8",64.6666666666667,34
"1052","2016"," 8",83.7222222222222,21
"1053","2016"," 8",81.3888888888889,63
"1054","2016"," 8",62.5555555555556,43
"1055","2016"," 8",63.1111111111111,62
"1056","2016"," 8",52.7222222222222,41
"1057","2016"," 8",49.2777777777778,47
"1058","2016"," 8",60.3888888888889,33
"1059","2016"," 8",59.6666666666667,59
"1060","2016"," 9",80.6666666666667,42
"1061","2016"," 9",82.5,47
"1062","2016"," 9",73.8888888888889,34
"1063","2016"," 9",92,20
"1064","2016"," 9",98.1666666666667,37
"1065","2016"," 9",102.555555555556,47
"1066","2016"," 9",78.5555555555556,58
"1067","2016"," 9",79.5,35
"1068","2016"," 9",60.2777777777778,27
"1069","2016"," 9",53.8333333333333,15
"1070","2016"," 9",66.4444444444444,19
"1071","2016"," 9",93.3333333333333,26
"1072","2016"," 9",89,38
"1073","2016"," 9",92.4444444444444,45
"1074","2016"," 9",86.3888888888889,56
"1075","2016"," 9",92.1666666666667,66
"1076","2016"," 9",98.5555555555556,56
"1077","2016"," 9",74.8888888888889,51
"1078","2016"," 9",68.2222222222222,42
"1079","2016"," 9",49.4444444444444,39
"1080","2016"," 9",65.4444444444444,17
"1081","2016"," 9",99.5555555555556,34
"1082","2016"," 9",113.5,27
"1083","2016"," 9",88.8333333333333,53
"1084","2016"," 9",116.555555555556,35
"1085","2016"," 9",111.333333333333,63
"1086","2016"," 9",69.7777777777778,78
"1087","2016"," 9",84.7777777777778,57
"1088","2016"," 9",101.833333333333,50
"1089","2016"," 9",83.5555555555556,48
"1091","2017"," 1",127.222222222222,27
"1093","2017"," 1",136.611111111111,30
"1094","2017"," 1",79.7777777777778,49
"1095","2017"," 1",73.6666666666667,29
"1096","2017"," 1",104.888888888889,50
"1097","2017"," 1",136.555555555556,68
"1100","2017"," 1",62.4444444444444,61
"1102","2017"," 1",85.3888888888889,54
"1103","2017"," 1",73.4444444444444,73
"1104","2017"," 1",87.5,53
"1105","2017"," 1",108.5,40
"1106","2017"," 1",127.388888888889,53
"1107","2017"," 1",144.722222222222,65
"1108","2017"," 1",100.5,94
"1109","2017"," 1",103.611111111111,36
"1110","2017"," 1",81.7222222222222,31
"1111","2017"," 1",50.3333333333333,50
"1113","2017"," 1",64.3333333333333,31
"1114","2017"," 1",76.9444444444444,40
"1116","2017"," 1",149.222222222222,21
"1117","2017"," 1",113.5,57
"1118","2017"," 1",94.7777777777778,34
"1119","2017"," 1",119.055555555556,62
"1120","2017"," 1",122.222222222222,35
"1121","2017","10",52.2777777777778,20
"1122","2017","10",39.7777777777778,13
"1123","2017","10",54,24
"1124","2017","10",82.0555555555556,31
"1125","2017","10",101.055555555556,24
"1126","2017","10",86.6111111111111,24
"1127","2017","10",95.7777777777778,34
"1128","2017","10",85.8888888888889,43
"1129","2017","10",69.2777777777778,29
"1130","2017","10",93,19
"1131","2017","10",108.888888888889,36
"1132","2017","10",44.6666666666667,42
"1133","2017","10",109.833333333333,44
"1134","2017","10",86.3333333333333,28
"1135","2017","10",61.3333333333333,26
"1136","2017","10",70.3888888888889,37
"1137","2017","10",95.7777777777778,46
"1138","2017","10",102.666666666667,57
"1139","2017","10",122.333333333333,66
"1140","2017","10",129,53
"1141","2017","10",73,70
"1142","2017","10",77.6666666666667,41
"1143","2017","10",54.2777777777778,26
"1144","2017","10",92.1111111111111,38
"1145","2017","10",114.166666666667,46
"1146","2017","10",61.4444444444444,16
"1147","2017","10",65.5555555555556,13
"1148","2017","10",77,10
"1149","2017","10",80.0555555555556,20
"1150","2017","10",57.9444444444444,29
"1151","2017","10",29.1666666666667,33
"1152","2017","11",132.5,55
"1153","2017","11",62.5,69
"1154","2017","11",85.5555555555556,34
"1155","2017","11",102.111111111111,47
"1156","2017","11",74.5555555555556,52
"1157","2017","11",81.6666666666667,27
"1158","2017","11",87.6111111111111,26
"1159","2017","11",104,47
"1160","2017","11",49.0555555555556,43
"1161","2017","11",88.5,27
"1162","2017","11",101.222222222222,42
"1163","2017","11",78.6666666666667,45
"1164","2017","11",113.888888888889,56
"1165","2017","11",95.3888888888889,59
"1166","2017","11",76.9444444444444,22
"1167","2017","11",74.4444444444444,22
"1168","2017","11",119.333333333333,27
"1169","2017","11",104.888888888889,40
"1170","2017","11",85.8333333333333,51
"1171","2017","11",111.611111111111,72
"1172","2017","11",83.0555555555556,65
"1173","2017","11",75,26
"1174","2017","11",61.1666666666667,58
"1175","2017","11",99.5,26
"1176","2017","11",76.3888888888889,46
"1177","2017","11",86.3888888888889,39
"1178","2017","11",128.555555555556,49
"1179","2017","11",127.333333333333,67
"1180","2017","11",83.5,57
"1181","2017","11",87.7222222222222,53
"1182","2017","12",119.055555555556,45
"1183","2017","12",78.8333333333333,48
"1184","2017","12",57.2777777777778,39
"1185","2017","12",74.6111111111111,41
"1186","2017","12",86.8333333333333,58
"1187","2017","12",112.944444444444,77
"1188","2017","12",80.3333333333333,46
"1189","2017","12",78.2222222222222,43
"1190","2017","12",95.8888888888889,58
"1191","2017","12",80,50
"1192","2017","12",100.055555555556,45
"1193","2017","12",149.5,55
"1194","2017","12",99.2777777777778,54
"1195","2017","12",113.944444444444,61
"1196","2017","12",135.166666666667,96
"1197","2017","12",111.944444444444,68
"1198","2017","12",85.6666666666667,33
"1199","2017","12",104.222222222222,31
"1200","2017","12",104.055555555556,31
"1201","2017","12",117.611111111111,46
"1204","2017","12",67.8333333333333,46
"1205","2017","12",154.833333333333,62
"1206","2017","12",160.111111111111,52
"1207","2017","12",79.8333333333333,26
"1208","2017","12",120.833333333333,35
"1209","2017","12",114.777777777778,47
"1210","2017","12",73.0555555555556,36
"1211","2017","12",101.5,46
"1212","2017","12",100.777777777778,42
"1213","2017"," 2",91.9444444444444,35
"1214","2017"," 2",122.888888888889,33
"1215","2017"," 2",152.444444444444,34
"1216","2017"," 2",145.222222222222,48
"1217","2017"," 2",166.444444444444,58
"1218","2017"," 2",140.5,63
"1219","2017"," 2",147.166666666667,71
"1220","2017"," 2",65.9444444444444,49
"1221","2017"," 2",97,35
"1222","2017"," 2",132.277777777778,50
"1223","2017"," 2",100.555555555556,48
"1224","2017"," 2",112.888888888889,69
"1225","2017"," 2",61.7777777777778,49
"1226","2017"," 2",78.9444444444444,44
"1227","2017"," 2",85.1111111111111,40
"1228","2017"," 2",94.3333333333333,31
"1229","2017"," 2",112.888888888889,51
"1230","2017"," 2",90.8888888888889,51
"1231","2017"," 2",104,43
"1232","2017"," 2",110.277777777778,47
"1233","2017"," 2",118.444444444444,63
"1234","2017"," 2",121.222222222222,86
"1235","2017"," 2",141,67
"1236","2017"," 2",87.0555555555556,49
"1237","2017"," 2",66.1111111111111,45
"1238","2017"," 2",76.6111111111111,59
"1239","2017"," 2",70.9444444444444,55
"1240","2017"," 2",69.2777777777778,36
"1241","2017"," 3",79,37
"1242","2017"," 3",130.055555555556,61
"1243","2017"," 3",121.611111111111,84
"1244","2017"," 3",74.5555555555556,66
"1245","2017"," 3",86.8333333333333,56
"1246","2017"," 3",93.2777777777778,45
"1247","2017"," 3",89.4444444444444,65
"1248","2017"," 3",99.7777777777778,73
"1249","2017"," 3",108.944444444444,73
"1250","2017"," 3",110.222222222222,72
"1251","2017"," 3",94.1666666666667,86
"1252","2017"," 3",97.7222222222222,46
"1253","2017"," 3",85.6111111111111,89
"1254","2017"," 3",84.7777777777778,57
"1255","2017"," 3",79.3888888888889,71
"1256","2017"," 3",82.4444444444444,61
"1257","2017"," 3",78.8333333333333,68
"1258","2017"," 3",78.8333333333333,65
"1259","2017"," 3",79.3333333333333,72
"1260","2017"," 3",72.8333333333333,80
"1261","2017"," 3",83.7222222222222,61
"1262","2017"," 3",102.333333333333,67
"1263","2017"," 3",149.166666666667,58
"1264","2017"," 3",81.2777777777778,55
"1265","2017"," 3",95.7222222222222,23
"1266","2017"," 3",132.666666666667,68
"1267","2017"," 3",88.6111111111111,40
"1268","2017"," 3",64.1111111111111,37
"1269","2017"," 3",76.0555555555556,48
"1270","2017"," 3",91.6666666666667,53
"1271","2017"," 3",109,50
"1272","2017"," 4",104.888888888889,45
"1273","2017"," 4",84.1111111111111,54
"1274","2017"," 4",117.555555555556,67
"1275","2017"," 4",98.1111111111111,70
"1276","2017"," 4",80.7777777777778,61
"1277","2017"," 4",108.666666666667,69
"1278","2017"," 4",116,64
"1279","2017"," 4",115.833333333333,52
"1280","2017"," 4",111.5,42
"1281","2017"," 4",96.6666666666667,76
"1282","2017"," 4",78.2777777777778,82
"1283","2017"," 4",111.944444444444,75
"1284","2017"," 4",84.6111111111111,67
"1285","2017"," 4",92.0555555555556,65
"1286","2017"," 4",85.2777777777778,56
"1287","2017"," 4",94.2777777777778,46
"1288","2017"," 4",97.2222222222222,61
"1289","2017"," 4",75.1111111111111,51
"1290","2017"," 4",79.1666666666667,48
"1291","2017"," 4",87.5555555555556,66
"1292","2017"," 4",107.555555555556,64
"1293","2017"," 4",124.388888888889,84
"1294","2017"," 4",94.0555555555556,73
"1295","2017"," 4",128.888888888889,84
"1296","2017"," 4",73.3888888888889,57
"1297","2017"," 4",100,25
"1298","2017"," 4",121.166666666667,44
"1299","2017"," 4",125,64
"1300","2017"," 4",72.7222222222222,44
"1301","2017"," 4",78.7222222222222,29
"1302","2017"," 5",104.722222222222,92
"1303","2017"," 5",124.833333333333,68
"1305","2017"," 5",131.222222222222,56
"1306","2017"," 5",101.277777777778,62
"1307","2017"," 5",101,49
"1308","2017"," 5",82.0555555555556,40
"1309","2017"," 5",95.9444444444444,41
"1310","2017"," 5",89.3888888888889,50
"1311","2017"," 5",93.5,53
"1312","2017"," 5",86.5,42
"1313","2017"," 5",71.0555555555556,70
"1314","2017"," 5",85.2777777777778,32
"1315","2017"," 5",96.7777777777778,47
"1316","2017"," 5",51.2777777777778,39
"1317","2017"," 5",70.5555555555556,30
"1318","2017"," 5",93.9444444444444,42
"1319","2017"," 5",79.6111111111111,26
"1320","2017"," 5",91.5,37
"1321","2017"," 5",95.2777777777778,45
"1322","2017"," 5",93.4444444444444,68
"1323","2017"," 5",111.888888888889,55
"1325","2017"," 5",92.4444444444444,41
"1326","2017"," 5",112.388888888889,40
"1332","2017"," 5",94.1666666666667,45
"1333","2017"," 6",100.833333333333,32
"1334","2017"," 6",82.9444444444444,31
"1335","2017"," 6",80.4444444444444,34
"1336","2017"," 6",78.2777777777778,41
"1337","2017"," 6",89.9444444444444,50
"1338","2017"," 6",111.222222222222,57
"1339","2017"," 6",107.277777777778,70
"1340","2017"," 6",95.2222222222222,56
"1341","2017"," 6",79.0555555555556,47
"1342","2017"," 6",70.1111111111111,58
"1343","2017"," 6",77.3888888888889,56
"1344","2017"," 6",68.6111111111111,32
"1345","2017"," 6",78,63
"1346","2017"," 6",72.5555555555556,45
"1347","2017"," 6",64.0555555555556,53
"1348","2017"," 6",53.9444444444444,47
"1349","2017"," 6",57.9444444444444,39
"1350","2017"," 6",74.9444444444444,30
"1351","2017"," 6",80.7777777777778,33
"1352","2017"," 6",94.2777777777778,53
"1353","2017"," 6",87.1666666666667,52
"1354","2017"," 6",87.2777777777778,60
"1355","2017"," 6",72.0555555555556,31
"1356","2017"," 6",75.8333333333333,50
"1357","2017"," 6",79.7222222222222,27
"1358","2017"," 6",55.9444444444444,26
"1359","2017"," 6",81.8888888888889,16
"1360","2017"," 6",114.833333333333,48
"1361","2017"," 6",90.4444444444444,61
"1362","2017"," 6",118.944444444444,51
"1363","2017"," 7",67.1666666666667,30
"1364","2017"," 7",74.0555555555556,26
"1365","2017"," 7",57.5555555555556,18
"1366","2017"," 7",75.1666666666667,30
"1367","2017"," 7",85.3888888888889,39
"1368","2017"," 7",81.6666666666667,27
"1369","2017"," 7",50,32
"1370","2017"," 7",84.1111111111111,45
"1371","2017"," 7",75,56
"1372","2017"," 7",51.9444444444444,26
"1373","2017"," 7",62.4444444444444,34
"1374","2017"," 7",60,31
"1375","2017"," 7",65.4444444444444,31
"1376","2017"," 8",50.6111111111111,41
"1377","2017"," 8",79.7777777777778,10
"1378","2017"," 8",54.7222222222222,41
"1379","2017"," 8",61.2777777777778,26
"1380","2017"," 8",42.8333333333333,31
"1381","2017"," 8",48.8888888888889,19
"1382","2017"," 8",40.4444444444444,18
"1383","2017"," 8",52.1666666666667,18
"1384","2017"," 8",81.1666666666667,43
"1385","2017"," 8",74.5,36
"1386","2017"," 8",68.5555555555556,47
"1387","2017"," 8",69.2777777777778,39
"1388","2017"," 8",74.2222222222222,10
"1389","2017"," 9",106.777777777778,75
"1390","2017"," 9",77.9444444444444,67
"1391","2017"," 9",63.6666666666667,52
"1392","2017"," 9",58.1111111111111,52
"1393","2017"," 9",51.8333333333333,48
"1394","2017"," 9",64.0555555555556,26
"1395","2017"," 9",84.0555555555556,25
"1396","2017"," 9",76.7222222222222,40
"1397","2017"," 9",42.4444444444444,40
"1398","2018"," 1",134.055555555556,42
"1399","2018"," 1",39.4444444444444,37
"1400","2018"," 1",58.6666666666667,26
"1401","2018"," 1",74.3888888888889,51
"1402","2018"," 1",79.9444444444444,66
"1403","2018"," 1",109.555555555556,67
"1404","2018"," 1",126.777777777778,93
"1405","2018"," 1",142.111111111111,95
"1406","2018"," 1",151.666666666667,80
"1407","2018"," 1",153.555555555556,63
"1408","2018"," 1",156.777777777778,88
"1409","2018"," 1",60.3333333333333,40
"1410","2018"," 1",146.444444444444,62
"1411","2018"," 1",70.0555555555556,52
"1412","2018"," 1",43.2777777777778,28
"1413","2018"," 1",47.3333333333333,33
"1414","2018"," 1",43.8333333333333,27
"1415","2018"," 1",46.0555555555556,36
"1416","2018"," 1",68.7777777777778,49
"1417","2018"," 1",77.9444444444444,36
"1418","2018"," 1",100.777777777778,52
"1419","2018"," 1",94.2222222222222,47
"1420","2018"," 1",56.4444444444444,49
"1421","2018"," 1",101.111111111111,46
"1422","2018"," 1",100.277777777778,45
"1423","2018"," 1",76.5555555555556,62
"1424","2018"," 1",74.7222222222222,51
"1425","2018"," 1",70.7222222222222,58
"1426","2018"," 1",80.0555555555556,59
"1427","2018"," 1",58.5555555555556,45
"1428","2018"," 1",47.7222222222222,34
"1429","2018","10",76.2777777777778,28
"1430","2018","10",80.3888888888889,19
"1431","2018","10",89.6666666666667,26
"1432","2018","10",90.0555555555556,35
"1433","2018","10",88.0555555555556,40
"1434","2018","10",90.2222222222222,61
"1435","2018","10",110.333333333333,53
"1436","2018","10",67.2777777777778,40
"1437","2018","10",68.8888888888889,16
"1438","2018","10",69.4444444444444,20
"1439","2018","10",86.3888888888889,43
"1440","2018","10",87.8333333333333,29
"1441","2018","10",82.3888888888889,41
"1442","2018","10",86.3888888888889,53
"1443","2018","10",94.5555555555556,52
"1444","2018","10",105.222222222222,48
"1445","2018","10",119.722222222222,43
"1446","2018","10",92.8888888888889,40
"1447","2018","10",80,30
"1448","2018","10",81.1666666666667,15
"1449","2018","10",62.2222222222222,18
"1450","2018","10",70.8888888888889,23
"1451","2018","10",93.7222222222222,23
"1452","2018","10",76.1111111111111,23
"1453","2018","10",95.1111111111111,38
"1454","2018","10",88.2222222222222,11
"1455","2018","10",94.8888888888889,7
"1456","2018","10",81.1666666666667,29
"1457","2018","10",97.5,24
"1458","2018","10",70.3333333333333,29
"1459","2018","10",58.2777777777778,22
"1460","2018","11",107.277777777778,48
"1461","2018","11",77.7222222222222,66
"1462","2018","11",103.111111111111,33
"1463","2018","11",114.777777777778,45
"1464","2018","11",117.166666666667,38
"1465","2018","11",99.1111111111111,54
"1466","2018","11",56.7222222222222,60
"1467","2018","11",70.5,36
"1468","2018","11",102.666666666667,41
"1469","2018","11",105.388888888889,60
"1470","2018","11",105.555555555556,50
"1471","2018","11",95.1111111111111,59
"1472","2018","11",88.9444444444444,38
"1473","2018","11",91.9444444444444,24
"1474","2018","11",98.7777777777778,24
"1475","2018","11",129,24
"1476","2018","11",144.444444444444,47
"1477","2018","11",126.777777777778,62
"1481","2018","11",164.388888888889,60
"1482","2018","11",82.8333333333333,48
"1484","2018","11",57.1111111111111,63
"1485","2018","11",44.2777777777778,88
"1486","2018","11",56.4444444444444,64
"1487","2018","11",57.7222222222222,9
"1488","2018","11",83.5,40
"1489","2018","11",88.8888888888889,71
"1490","2018","12",114.555555555556,54
"1491","2018","12",88.4444444444444,44
"1492","2018","12",102.222222222222,48
"1493","2018","12",108.388888888889,42
"1494","2018","12",92.2777777777778,35
"1495","2018","12",93.6666666666667,58
"1496","2018","12",130,56
"1497","2018","12",149.722222222222,67
"1498","2018","12",142.777777777778,52
"1500","2018","12",131.611111111111,62
"1501","2018","12",144.944444444444,47
"1502","2018","12",143,72
"1503","2018","12",141.055555555556,78
"1504","2018","12",94.2777777777778,54
"1505","2018","12",96.3888888888889,25
"1506","2018","12",115.444444444444,39
"1507","2018","12",66.6111111111111,52
"1508","2018","12",55.7777777777778,30
"1509","2018","12",56.5,40
"1510","2018","12",68,43
"1511","2018","12",69.9444444444444,36
"1512","2018","12",101.333333333333,37
"1513","2018","12",69.9444444444444,36
"1514","2018","12",101.333333333333,40
"1515","2018","12",81.6666666666667,32
"1516","2018","12",76.1111111111111,41
"1517","2018","12",45.6666666666667,26
"1518","2018","12",61.3333333333333,26
"1519","2018","12",75.5555555555556,24
"1520","2018","12",105.111111111111,36
"1521","2018"," 2",81.6111111111111,58
"1522","2018"," 2",106.166666666667,56
"1523","2018"," 2",83.0555555555556,55
"1524","2018"," 2",101.222222222222,57
"1525","2018"," 2",95.8888888888889,68
"1526","2018"," 2",66.7777777777778,44
"1527","2018"," 2",106.166666666667,51
"1528","2018"," 2",94.4444444444444,54
"1529","2018"," 2",62.5,42
"1530","2018"," 2",79.7222222222222,63
"1531","2018"," 2",90.7222222222222,65
"1532","2018"," 2",61.0555555555556,40
"1533","2018"," 2",86.0555555555556,43
"1534","2018"," 2",96.8888888888889,50
"1535","2018"," 2",90.8333333333333,81
"1536","2018"," 2",79.7222222222222,74
"1537","2018"," 2",75.7222222222222,52
"1538","2018"," 2",101.944444444444,64
"1539","2018"," 2",119.722222222222,86
"1540","2018"," 2",104.555555555556,62
"1541","2018"," 2",74.8333333333333,45
"1542","2018"," 2",75.8888888888889,36
"1543","2018"," 2",72.3888888888889,29
"1544","2018"," 2",62.0555555555556,35
"1545","2018"," 2",84.2222222222222,44
"1546","2018"," 2",82.2222222222222,56
"1547","2018"," 2",119,68
"1548","2018"," 2",87.6666666666667,71
"1549","2018"," 3",77,70
"1550","2018"," 3",134,58
"1551","2018"," 3",103.722222222222,84
"1552","2018"," 3",89.0555555555556,63
"1553","2018"," 3",92.7777777777778,28
"1554","2018"," 3",100.166666666667,22
"1555","2018"," 3",49.6111111111111,15
"1556","2018"," 3",70.7777777777778,35
"1557","2018"," 3",64.0555555555556,63
"1558","2018"," 3",77.2222222222222,33
"1559","2018"," 3",55.5555555555556,21
"1560","2018"," 3",81.5555555555556,62
"1561","2018"," 3",65.6111111111111,15
"1562","2018"," 3",96.9444444444444,46
"1563","2018"," 3",120.333333333333,68
"1564","2018"," 3",99.1666666666667,97
"1566","2018"," 3",106.5,96
"1567","2018"," 3",102.166666666667,86
"1568","2018"," 3",135.444444444444,61
"1569","2018"," 3",115.388888888889,65
"1570","2018"," 3",85.2777777777778,68
"1571","2018"," 3",66.2777777777778,32
"1572","2018"," 3",91.9444444444444,63
"1573","2018"," 3",115.888888888889,74
"1574","2018"," 3",56.0555555555556,9
"1575","2018"," 3",68.2222222222222,33
"1576","2018"," 3",68.7222222222222,33
"1577","2018"," 3",66.6111111111111,32
"1578","2018"," 3",77.7222222222222,52
"1579","2018"," 3",110.055555555556,51
"1580","2018"," 4",124.166666666667,72
"1581","2018"," 4",117.277777777778,65
"1582","2018"," 4",91.1666666666667,52
"1583","2018"," 4",59.8888888888889,39
"1584","2018"," 4",74.8333333333333,23
"1585","2018"," 4",89.5,69
"1586","2018"," 4",113.444444444444,44
"1587","2018"," 4",123.888888888889,63
"1588","2018"," 4",123.555555555556,71
"1589","2018"," 4",109.333333333333,78
"1590","2018"," 4",90.8333333333333,91
"1591","2018"," 4",152.666666666667,69
"1592","2018"," 4",89.3888888888889,70
"1593","2018"," 4",45.5,39
"1594","2018"," 4",47.9444444444444,10
"1595","2018"," 4",63,9
"1596","2018"," 4",81.1666666666667,39
"1597","2018"," 4",92.1111111111111,51
"1598","2018"," 4",103.166666666667,61
"1599","2018"," 4",102.333333333333,63
"1600","2018"," 4",95.8888888888889,61
"1601","2018"," 4",99.3888888888889,80
"1602","2018"," 4",53.2222222222222,15
"1603","2018"," 4",91.7222222222222,65
"1604","2018"," 4",63.8333333333333,7
"1605","2018"," 4",102.833333333333,91
"1606","2018"," 4",63.1666666666667,54
"1607","2018"," 4",93.8333333333333,30
"1608","2018"," 4",101.555555555556,46
"1610","2018"," 5",56.8333333333333,49
"1611","2018"," 5",66.6111111111111,66
"1612","2018"," 5",76.4444444444444,34
"1613","2018"," 5",87,26
"1614","2018"," 5",85.2777777777778,76
"1615","2018"," 5",69.6666666666667,78
"1616","2018"," 5",54.7222222222222,35
"1617","2018"," 5",61.2777777777778,15
"1618","2018"," 5",68.0555555555556,11
"1619","2018"," 5",63.7777777777778,11
"1620","2018"," 5",46.1111111111111,11
"1621","2018"," 5",62.9444444444444,32
"1622","2018"," 5",51.5555555555556,21
"1623","2018"," 5",55.5555555555556,43
"1624","2018"," 5",113.833333333333,46
"1625","2018"," 5",101.5,89
"1626","2018"," 5",83,89
"1627","2018"," 5",81.1111111111111,80
"1628","2018"," 5",103.388888888889,68
"1629","2018"," 5",129.111111111111,57
"1630","2018"," 5",101.555555555556,49
"1631","2018"," 5",84.6111111111111,52
"1632","2018"," 5",82.6111111111111,53
"1633","2018"," 5",76.9444444444444,51
"1634","2018"," 5",72,48
"1635","2018"," 5",77.1111111111111,49
"1636","2018"," 5",70.5,15
"1637","2018"," 5",91.8333333333333,40
"1638","2018"," 5",85.2222222222222,22
"1639","2018"," 5",85.1666666666667,25
"1640","2018"," 5",72.0555555555556,55
"1641","2018"," 6",73.9444444444444,48
"1642","2018"," 6",58.0555555555556,11
"1643","2018"," 6",71.6111111111111,16
"1644","2018"," 6",66.6111111111111,33
"1645","2018"," 6",51.3333333333333,35
"1646","2018"," 6",58.8888888888889,15
"1647","2018"," 6",58.2222222222222,23
"1648","2018"," 6",61.1111111111111,57
"1649","2018"," 6",64.0555555555556,52
"1650","2018"," 6",62.8333333333333,47
"1651","2018"," 6",71.6666666666667,52
"1652","2018"," 6",77.5,36
"1653","2018"," 6",78.1111111111111,46
"1654","2018"," 6",70.0555555555556,47
"1655","2018"," 6",61.6666666666667,44
"1656","2018"," 6",63,65
"1657","2018"," 6",64.3888888888889,64
"1658","2018"," 6",41.2777777777778,54
"1659","2018"," 6",63.6111111111111,31
"1660","2018"," 6",63.1111111111111,25
"1661","2018"," 6",63.1111111111111,44
"1662","2018"," 6",73.1111111111111,55
"1663","2018"," 6",82.0555555555556,48
"1664","2018"," 6",52.5,14
"1665","2018"," 6",95.9444444444444,51
"1666","2018"," 6",98.6666666666667,52
"1667","2018"," 6",88.3333333333333,54
"1668","2018"," 6",79.8333333333333,41
"1669","2018"," 6",54.1111111111111,46
"1670","2018"," 6",49.2777777777778,9
"1671","2018"," 7",48.2777777777778,9
"1672","2018"," 7",69.8888888888889,37
"1673","2018"," 7",69.6111111111111,29
"1674","2018"," 7",53.0555555555556,24
"1675","2018"," 7",62.5,22
"1676","2018"," 7",61.6111111111111,24
"1677","2018"," 7",60,29
"1678","2018"," 7",58.8333333333333,34
"1679","2018"," 7",72.7777777777778,40
"1680","2018"," 7",60.4444444444444,33
"1681","2018"," 7",57,40
"1682","2018"," 7",57.8888888888889,13
"1683","2018"," 7",62.6666666666667,43
"1684","2018"," 7",64,33
"1685","2018"," 7",50.5,37
"1686","2018"," 7",55.0555555555556,45
"1687","2018"," 7",67.3333333333333,37
"1688","2018"," 7",70.2222222222222,46
"1689","2018"," 7",65.7222222222222,53
"1690","2018"," 7",65.5555555555556,44
"1691","2018"," 7",63.3888888888889,19
"1692","2018"," 7",65.6111111111111,9
"1693","2018"," 7",82.8888888888889,25
"1694","2018"," 7",58.5555555555556,19
"1695","2018"," 7",67.3333333333333,36
"1696","2018"," 7",85.5,22
"1697","2018"," 7",58.4444444444444,7
"1698","2018"," 7",49.7777777777778,8
"1699","2018"," 7",42.6111111111111,12
"1700","2018"," 7",40.4444444444444,10
"1701","2018"," 7",43.7777777777778,24
"1702","2018"," 8",78.2222222222222,45
"1703","2018"," 8",74.6111111111111,10
"1704","2018"," 8",70.8888888888889,15
"1705","2018"," 8",52.4444444444444,36
"1706","2018"," 8",43.7777777777778,30
"1707","2018"," 8",44.8333333333333,32
"1708","2018"," 8",41.6666666666667,16
"1709","2018"," 8",51.1666666666667,13
"1710","2018"," 8",40.6111111111111,18
"1711","2018"," 8",26.6666666666667,26
"1712","2018"," 8",32.3888888888889,42
"1713","2018"," 8",64,51
"1714","2018"," 8",63.6666666666667,26
"1715","2018"," 8",71.1111111111111,28
"1716","2018"," 8",61.6111111111111,13
"1717","2018"," 8",83.4444444444444,8
"1718","2018"," 8",65.6666666666667,27
"1719","2018"," 8",61,20
"1720","2018"," 8",58.4444444444444,9
"1721","2018"," 8",60.3888888888889,11
"1722","2018"," 8",64.7222222222222,14
"1723","2018"," 8",50.7222222222222,31
"1724","2018"," 8",59.7777777777778,31
"1725","2018"," 8",45.2222222222222,28
"1726","2018"," 8",53.6666666666667,21
"1727","2018"," 8",60.4444444444444,29
"1728","2018"," 8",60.5,35
"1729","2018"," 8",64.1111111111111,21
"1730","2018"," 8",64,29
"1731","2018"," 8",66.4444444444444,29
"1732","2018"," 8",83.9444444444444,15
"1733","2018"," 9",67.4444444444444,14
"1734","2018"," 9",64.6666666666667,13
"1735","2018"," 9",71.5,17
"1736","2018"," 9",73.8333333333333,22
"1737","2018"," 9",64.7777777777778,21
"1738","2018"," 9",68,13
"1739","2018"," 9",51.1111111111111,42
"1740","2018"," 9",68.0555555555556,33
"1741","2018"," 9",72.2777777777778,41
"1742","2018"," 9",54.1666666666667,45
"1743","2018"," 9",62.0555555555556,17
"1744","2018"," 9",63,16
"1745","2018"," 9",91.2777777777778,8
"1746","2018"," 9",90.7222222222222,36
"1747","2018"," 9",80.7777777777778,34
"1748","2018"," 9",59.9444444444444,16
"1749","2018"," 9",60.1666666666667,15
"1750","2018"," 9",67.2777777777778,8
"1751","2018"," 9",89.8888888888889,9
"1752","2018"," 9",82.0555555555556,14
"1753","2018"," 9",92.6666666666667,16
"1754","2018"," 9",74.5555555555556,22
"1755","2018"," 9",61.8333333333333,18
"1756","2018"," 9",56.6111111111111,18
"1757","2018"," 9",81.3333333333333,31
"1758","2018"," 9",83.9444444444444,42
"1759","2018"," 9",52,30
"1760","2018"," 9",57.6666666666667,28
"1761","2018"," 9",65.9444444444444,25
"1762","2018"," 9",61.9444444444444,12
"1763","2019"," 1",130.111111111111,37
"1764","2019"," 1",114.5,70
"1765","2019"," 1",148.5,81
"1769","2019"," 1",72.7777777777778,50
"1770","2019"," 1",108.666666666667,47
"1771","2019"," 1",126.888888888889,54
"1772","2019"," 1",120.555555555556,81
"1773","2019"," 1",76.2222222222222,65
"1774","2019"," 1",158.611111111111,40
"1775","2019"," 1",94.9444444444444,47
"1776","2019"," 1",112.277777777778,66
"1777","2019"," 1",112.722222222222,69
"1778","2019"," 1",120.111111111111,47
"1779","2019"," 1",83.9444444444444,50
"1780","2019"," 1",72.4444444444444,48
"1781","2019"," 1",93.2777777777778,41
"1782","2019"," 1",91.4444444444444,74
"1783","2019"," 1",106.111111111111,67
"1784","2019"," 1",118.555555555556,62
"1785","2019"," 1",156.277777777778,60
"1786","2019"," 1",58.3333333333333,69
"1787","2019"," 1",87.2777777777778,43
"1788","2019"," 1",79.6111111111111,61
"1789","2019"," 1",90,52
"1790","2019"," 1",142.5,56
"1791","2019"," 1",102.944444444444,46
"1792","2019"," 1",68.6666666666667,53
"1793","2019"," 1",88.3888888888889,58
"1794","2019","10",66.7222222222222,25
"1795","2019","10",50.1111111111111,39
"1796","2019","10",61.7777777777778,29
"1797","2019","10",66,24
"1798","2019","10",40.5555555555556,39
"1799","2019","10",48.4444444444444,26
"1800","2019","10",70.5,34
"1801","2019","10",79.3888888888889,33
"1802","2019","10",97.5555555555556,19
"1803","2019","10",103.277777777778,22
"1804","2019","10",95.6111111111111,41
"1805","2019","10",75.2777777777778,9
"1806","2019","10",108.5,45
"1807","2019","10",110.777777777778,40
"1808","2019","10",98.8333333333333,23
"1809","2019","10",100.611111111111,29
"1810","2019","10",49.8333333333333,25
"1811","2019","10",58.2222222222222,24
"1812","2019","10",82,26
"1814","2019","10",130.777777777778,78
"1815","2019","10",170.944444444444,28
"1816","2019","10",66.7777777777778,30
"1817","2019","10",147.833333333333,69
"1818","2019","10",110.666666666667,82
"1819","2019","10",31.7777777777778,43
"1820","2019","10",44,12
"1821","2019","10",53.4444444444444,11
"1822","2019","10",67.3333333333333,25
"1823","2019","10",74.8888888888889,26
"1824","2019","10",46.1666666666667,33
"1825","2019","11",96.4444444444444,64
"1826","2019","11",91.8333333333333,21
"1827","2019","11",101.222222222222,32
"1828","2019","11",95.2777777777778,30
"1829","2019","11",86.6111111111111,19
"1830","2019","11",93.1666666666667,25
"1831","2019","11",102.888888888889,36
"1832","2019","11",87.8333333333333,28
"1833","2019","11",127.666666666667,61
"1834","2019","11",114.5,33
"1835","2019","11",106.166666666667,24
"1836","2019","11",73.1111111111111,49
"1837","2019","11",77.4444444444444,41
"1838","2019","11",67.7222222222222,50
"1839","2019","11",80.1666666666667,36
"1840","2019","11",63.8333333333333,32
"1841","2019","11",43.6111111111111,29
"1842","2019","11",72.6111111111111,27
"1843","2019","11",64.3888888888889,41
"1844","2019","11",49,41
"1845","2019","11",71.5555555555556,45
"1846","2019","11",78.5555555555556,47
"1847","2019","11",60.2222222222222,13
"1848","2019","11",65.2222222222222,43
"1849","2019","11",84,35
"1850","2019","11",93.0555555555556,50
"1851","2019","11",85.0555555555556,50
"1852","2019","11",79.8888888888889,45
"1853","2019","11",120.277777777778,39
"1854","2019","11",92.1666666666667,32
"1855","2019","12",60.8888888888889,25
"1856","2019","12",98.5,68
"1857","2019","12",67.7222222222222,20
"1858","2019","12",88.6666666666667,27
"1859","2019","12",68.7222222222222,41
"1860","2019","12",65.0555555555556,39
"1861","2019","12",59.4444444444444,43
"1862","2019","12",63.4444444444444,31
"1863","2019","12",49.5,42
"1864","2019","12",77.6666666666667,29
"1865","2019","12",83.2222222222222,32
"1866","2019","12",80.1666666666667,32
"1867","2019","12",108.444444444444,38
"1868","2019","12",112.833333333333,60
"1869","2019","12",104.388888888889,54
"1870","2019","12",78.6666666666667,67
"1871","2019","12",86.4444444444444,54
"1872","2019","12",70,50
"1873","2019","12",81.2222222222222,39
"1874","2019","12",85.6111111111111,48
"1875","2019","12",83.6111111111111,49
"1876","2019","12",83.6111111111111,49
"1877","2019","12",91.8333333333333,33
"1878","2019","12",71.2222222222222,38
"1879","2019","12",70.2222222222222,25
"1880","2019","12",64.0555555555556,34
"1881","2019","12",106,49
"1882","2019","12",131.833333333333,56
"1883","2019","12",171.277777777778,63
"1884","2019","12",159.611111111111,84
"1885","2019"," 2",92.1666666666667,57
"1886","2019"," 2",81.3333333333333,44
"1887","2019"," 2",94.3333333333333,59
"1888","2019"," 2",78.3888888888889,42
"1889","2019"," 2",56.3333333333333,55
"1890","2019"," 2",70.2222222222222,42
"1891","2019"," 2",57.6666666666667,59
"1892","2019"," 2",62.5555555555556,40
"1893","2019"," 2",72.4444444444444,46
"1894","2019"," 2",96.9444444444444,47
"1895","2019"," 2",135.277777777778,55
"1896","2019"," 2",120.333333333333,39
"1897","2019"," 2",125.444444444444,72
"1898","2019"," 2",128.333333333333,70
"1899","2019"," 2",130.5,57
"1900","2019"," 2",135.166666666667,64
"1901","2019"," 2",131.555555555556,76
"1902","2019"," 2",102.611111111111,58
"1903","2019"," 2",99.4444444444444,68
"1904","2019"," 2",118.444444444444,76
"1905","2019"," 2",137,93
"1906","2019"," 2",139,67
"1907","2019"," 2",163.222222222222,73
"1908","2019"," 2",130.277777777778,80
"1909","2019"," 2",55.6666666666667,59
"1910","2019"," 2",47.6666666666667,35
"1911","2019"," 2",56.3333333333333,40
"1912","2019"," 2",46.0555555555556,46
"1913","2019"," 3",140.333333333333,91
"1914","2019"," 3",84.6111111111111,69
"1915","2019"," 3",70.6111111111111,74
"1916","2019"," 3",70.6666666666667,46
"1917","2019"," 3",83.5555555555556,47
"1918","2019"," 3",76.5555555555556,54
"1919","2019"," 3",79.6666666666667,46
"1920","2019"," 3",91.6666666666667,44
"1921","2019"," 3",90,46
"1922","2019"," 3",81.7222222222222,63
"1923","2019"," 3",65.2222222222222,83
"1924","2019"," 3",116.888888888889,86
"1925","2019"," 3",68.3888888888889,37
"1926","2019"," 3",56.6666666666667,41
"1927","2019"," 3",58.6666666666667,27
"1928","2019"," 3",84.3888888888889,31
"1929","2019"," 3",90.8333333333333,50
"1930","2019"," 3",103.277777777778,63
"1931","2019"," 3",103.444444444444,80
"1932","2019"," 3",77.2777777777778,75
"1933","2019"," 3",72.1111111111111,45
"1934","2019"," 3",80.2222222222222,41
"1936","2019"," 3",67.9444444444444,44
"1937","2019"," 3",77.3888888888889,30
"1940","2019"," 3",71,55
"1941","2019"," 3",83.1111111111111,53
"1942","2019"," 3",73.8333333333333,48
"1943","2019"," 3",101.833333333333,51
"1944","2019"," 4",72.2777777777778,35
"1945","2019"," 4",80.8333333333333,30
"1946","2019"," 4",93.7777777777778,57
"1947","2019"," 4",86.2222222222222,53
"1948","2019"," 4",73.4444444444444,43
"1949","2019"," 4",82.8333333333333,57
"1950","2019"," 4",78.2777777777778,51
"1951","2019"," 4",92.8333333333333,45
"1952","2019"," 4",126.444444444444,45
"1953","2019"," 4",78.5555555555556,47
"1954","2019"," 4",76.6111111111111,49
"1955","2019"," 4",74.3888888888889,44
"1956","2019"," 4",77.2222222222222,37
"1957","2019"," 4",67.2222222222222,85
"1958","2019"," 4",47.7222222222222,87
"1959","2019"," 4",83.9444444444444,62
"1960","2019"," 4",52.5555555555556,42
"1961","2019"," 4",50.8888888888889,10
"1962","2019"," 4",61.6111111111111,20
"1963","2019"," 4",46.1111111111111,21
"1964","2019"," 4",62.5,22
"1965","2019"," 4",101.777777777778,41
"1966","2019"," 4",94.2777777777778,39
"1967","2019"," 4",80.5,59
"1969","2019"," 4",120.555555555556,63
"1970","2019"," 4",99.6666666666667,43
"1971","2019"," 4",88.3333333333333,44
"1972","2019"," 4",36.3333333333333,29
"1973","2019"," 4",53.5555555555556,8
"1974","2019"," 5",85.3888888888889,55
"1975","2019"," 5",69.6666666666667,69
"1976","2019"," 5",89.6666666666667,61
"1977","2019"," 5",149.444444444444,63
"1978","2019"," 5",110.444444444444,46
"1979","2019"," 5",79.5,70
"1980","2019"," 5",63.5555555555556,69
"1981","2019"," 5",49.3333333333333,62
"1982","2019"," 5",42.6111111111111,34
"1983","2019"," 5",79.2777777777778,16
"1984","2019"," 5",75.7222222222222,41
"1985","2019"," 5",83.6666666666667,56
"1986","2019"," 5",73.3333333333333,60
"1987","2019"," 5",81.2777777777778,63
"1988","2019"," 5",85.5555555555556,74
"1989","2019"," 5",84,79
"1990","2019"," 5",75.7222222222222,76
"1991","2019"," 5",57.8333333333333,46
"1992","2019"," 5",48.8333333333333,26
"1993","2019"," 5",56.8888888888889,26
"1994","2019"," 5",61.7777777777778,56
"1995","2019"," 5",59.2777777777778,53
"1996","2019"," 5",76.6111111111111,74
"1997","2019"," 5",65.3333333333333,24
"1998","2019"," 5",75.0555555555556,39
"1999","2019"," 5",105,70
"2000","2019"," 5",74.6111111111111,39
"2001","2019"," 5",77.1111111111111,55
"2002","2019"," 5",80.7222222222222,57
"2003","2019"," 5",81.7777777777778,53
"2004","2019"," 5",84,66
"2005","2019"," 6",71.8333333333333,41
"2006","2019"," 6",60.9444444444444,17
"2007","2019"," 6",65.3888888888889,35
"2008","2019"," 6",61.6111111111111,34
"2009","2019"," 6",61.6666666666667,35
"2010","2019"," 6",69.1111111111111,39
"2011","2019"," 6",61.2222222222222,16
"2012","2019"," 6",67.6666666666667,25
"2013","2019"," 6",67.5555555555556,35
"2014","2019"," 6",57.9444444444444,36
"2015","2019"," 6",59.3333333333333,29
"2016","2019"," 6",75.1111111111111,45
"2017","2019"," 6",64.7222222222222,30
"2018","2019"," 6",60.4444444444444,10
"2019","2019"," 6",65.3333333333333,11
"2020","2019"," 6",60.5,21
"2021","2019"," 6",57.1111111111111,31
"2022","2019"," 6",51.6666666666667,30
"2023","2019"," 6",59.7777777777778,19
"2024","2019"," 6",58.1111111111111,37
"2025","2019"," 6",59.6111111111111,23
"2026","2019"," 6",60.0555555555556,29
"2027","2019"," 6",77.2777777777778,30
"2028","2019"," 6",52.1666666666667,34
"2029","2019"," 6",68.3333333333333,51
"2030","2019"," 6",42.7222222222222,56
"2031","2019"," 6",51.2222222222222,19
"2032","2019"," 6",57.2777777777778,30
"2033","2019"," 6",56.5,42
"2034","2019"," 6",52.5,14
"2035","2019"," 7",64.1111111111111,33
"2036","2019"," 7",58.5,7
"2037","2019"," 7",68.1111111111111,18
"2038","2019"," 7",67.5555555555556,37
"2039","2019"," 7",64.6111111111111,42
"2040","2019"," 7",65.2777777777778,35
"2041","2019"," 7",69.8333333333333,36
"2042","2019"," 7",60.3333333333333,65
"2043","2019"," 7",48.6666666666667,67
"2044","2019"," 7",41.1666666666667,37
"2045","2019"," 7",51.8888888888889,8
"2046","2019"," 7",58.5,38
"2047","2019"," 7",62.9444444444444,17
"2048","2019"," 7",67.2222222222222,48
"2049","2019"," 7",47,27
"2050","2019"," 7",55.2777777777778,25
"2051","2019"," 7",59.5,27
"2052","2019"," 7",60.6111111111111,19
"2053","2019"," 7",51.6666666666667,20
"2054","2019"," 7",38.3333333333333,13
"2055","2019"," 7",43.3888888888889,15
"2056","2019"," 7",37.7222222222222,21
"2057","2019"," 7",73.6666666666667,32
"2058","2019"," 7",43.7777777777778,18
"2059","2019"," 7",44.1111111111111,14
"2060","2019"," 7",70.8333333333333,31
"2061","2019"," 7",45.2222222222222,22
"2062","2019"," 7",40.5555555555556,15
"2063","2019"," 7",51.8333333333333,8
"2064","2019"," 7",58.2222222222222,8
"2065","2019"," 7",51.4444444444444,6
"2066","2019"," 8",32.1111111111111,20
"2067","2019"," 8",13.6111111111111,17
"2068","2019"," 8",14.2222222222222,14
"2069","2019"," 8",24.5555555555556,25
"2070","2019"," 8",35.6111111111111,17
"2071","2019"," 8",44.4444444444444,8
"2072","2019"," 8",47.3333333333333,19
"2073","2019"," 8",46.1666666666667,33
"2074","2019"," 8",56.0555555555556,22
"2075","2019"," 8",56.1666666666667,22
"2076","2019"," 8",52.6111111111111,29
"2077","2019"," 8",43.1111111111111,22
"2078","2019"," 8",53.7777777777778,33
"2079","2019"," 8",65.0555555555556,43
"2080","2019"," 8",63,34
"2081","2019"," 8",65.6666666666667,23
"2082","2019"," 8",57.0555555555556,17
"2083","2019"," 8",54.8333333333333,22
"2084","2019"," 8",61.5,23
"2085","2019"," 8",69.8888888888889,26
"2086","2019"," 8",45.8888888888889,25
"2087","2019"," 8",49.5555555555556,16
"2088","2019"," 8",42.1111111111111,31
"2089","2019"," 8",50.2777777777778,18
"2090","2019"," 8",51.3888888888889,18
"2091","2019"," 8",32.9444444444444,39
"2092","2019"," 8",34.1111111111111,27
"2093","2019"," 8",34.2222222222222,21
"2094","2019"," 8",43.6666666666667,41
"2095","2019"," 8",44.6111111111111,23
"2096","2019"," 8",28.3888888888889,20
"2097","2019"," 9",55.4444444444444,25
"2098","2019"," 9",43.5555555555556,7
"2099","2019"," 9",44.4444444444444,8
"2100","2019"," 9",46.4444444444444,12
"2101","2019"," 9",43.9444444444444,16
"2102","2019"," 9",47.6666666666667,12
"2103","2019"," 9",52.6666666666667,9
"2104","2019"," 9",64.8333333333333,13
"2105","2019"," 9",64.5,25
"2106","2019"," 9",55.3333333333333,21
"2107","2019"," 9",71.6666666666667,22
"2108","2019"," 9",56.8333333333333,23
"2109","2019"," 9",72.2222222222222,16
"2110","2019"," 9",61.2222222222222,7
"2111","2019"," 9",62.1666666666667,16
"2112","2019"," 9",79.7222222222222,26
"2113","2019"," 9",76.0555555555556,37
"2114","2019"," 9",60.7777777777778,33
"2115","2019"," 9",64,23
"2116","2019"," 9",74.9444444444444,31
"2117","2019"," 9",78.7777777777778,42
"2118","2019"," 9",73.6666666666667,55
"2119","2019"," 9",53.1111111111111,9
"2120","2019"," 9",61.2777777777778,48
"2121","2019"," 9",64.7222222222222,7
"2122","2019"," 9",70.2777777777778,14
"2123","2019"," 9",69.1666666666667,14
"2124","2019"," 9",78.6111111111111,38
"2125","2019"," 9",77.8333333333333,40
"2126","2019"," 9",63.6111111111111,13
"2127","2020"," 1",104.555555555556,60
"2128","2020"," 1",104.277777777778,56
"2129","2020"," 1",78,48
"2130","2020"," 1",102.944444444444,29
"2131","2020"," 1",83.3333333333333,33
"2132","2020"," 1",86.4444444444444,41
"2133","2020"," 1",103.722222222222,45
"2134","2020"," 1",118.277777777778,59
"2135","2020"," 1",129.222222222222,61
"2136","2020"," 1",126.555555555556,59
"2137","2020"," 1",98.1666666666667,56
"2138","2020"," 1",145.944444444444,64
"2139","2020"," 1",88.2777777777778,48
"2140","2020"," 1",96.4444444444444,51
"2141","2020"," 1",120.888888888889,61
"2142","2020"," 1",97.3333333333333,65
"2143","2020"," 1",89.3333333333333,52
"2144","2020"," 1",85.8888888888889,30
"2145","2020"," 1",71.1111111111111,10
"2146","2020"," 1",75.3888888888889,12
"2147","2020"," 1",78.3333333333333,17
"2148","2020"," 1",68.6111111111111,20
"2149","2020"," 1",169.388888888889,58
"2150","2020"," 1",66.6111111111111,29
"2151","2020"," 1",81.3888888888889,63
"2152","2020"," 1",139.444444444444,56
"2153","2020"," 1",55.5,43
"2154","2020"," 1",40.3333333333333,10
"2155","2020"," 1",57.7777777777778,28
"2156","2020"," 1",79.1666666666667,52
"2157","2020"," 1",104.944444444444,61
"2158","2020"," 2",67.1666666666667,65
"2159","2020"," 2",61.7777777777778,59
"2160","2020"," 2",54.8888888888889,51
"2161","2020"," 2",58.7222222222222,65
"2162","2020"," 2",41.8333333333333,75
"2163","2020"," 2",26.8888888888889,64
"2164","2020"," 2",30.9444444444444,26
"2165","2020"," 2",31.1111111111111,30
"2166","2020"," 2",47.3333333333333,26
"2167","2020"," 2",52.6111111111111,37
"2168","2020"," 2",65.2777777777778,61
"2169","2020"," 2",56.9444444444444,30
"2170","2020"," 2",84,62
"2171","2020"," 2",60.1666666666667,64
"2172","2020"," 2",72.9444444444444,27
"2173","2020"," 2",82.3333333333333,40
"2174","2020"," 2",60.6111111111111,22
"2175","2020"," 2",54.6666666666667,19
"2176","2020"," 2",42.3333333333333,15
"2177","2020"," 2",42.2777777777778,28
"2178","2020"," 2",52.4444444444444,27
"2179","2020"," 2",58.2222222222222,49
"2180","2020"," 2",58.5555555555556,27
"2181","2020"," 2",38.1666666666667,27
"2182","2020"," 2",42.7777777777778,44
"2183","2020"," 2",59.7222222222222,41
"2184","2020"," 2",76.2777777777778,44
"2185","2020"," 2",91.9444444444444,40
"2186","2020"," 2",78.9444444444444,52
"2187","2020"," 3",65.8888888888889,43
"2188","2020"," 3",82.1111111111111,38
"2189","2020"," 3",84.8888888888889,38
"2190","2020"," 3",52.7222222222222,35
"2191","2020"," 3",70.2777777777778,41
"2192","2020"," 3",68.2222222222222,45
"2193","2020"," 3",66.5555555555556,27
"2194","2020"," 3",85.9444444444444,49
"2195","2020"," 3",116.5,58
"2196","2020"," 3",87,58
"2197","2020"," 3",101.833333333333,46
"2198","2020"," 3",56.5,40
"2199","2020"," 3",109.333333333333,54
"2200","2020"," 3",68.9444444444444,39
"2201","2020"," 3",76.1666666666667,45
"2202","2020"," 3",73.3333333333333,58
"2203","2020"," 3",60.5555555555556,53
"2204","2020"," 3",56.2777777777778,54
"2205","2020"," 3",45.5,46
"2206","2020"," 3",51.2777777777778,37
"2207","2020"," 3",65.8333333333333,46
"2208","2020"," 3",72.8888888888889,56
"2209","2020"," 3",43.3888888888889,44
"2210","2020"," 3",70.5,53
"2211","2020"," 3",66.1111111111111,66
"2212","2020"," 3",58.1666666666667,39
"2213","2020"," 3",65.3888888888889,45
"2214","2020"," 3",80.7777777777778,59
"2215","2020"," 3",85.7222222222222,61
"2216","2020"," 3",63.3333333333333,61
"2217","2020"," 3",61.3888888888889,41
"2218","2020"," 4",62.3888888888889,42
"2219","2020"," 4",66.9444444444444,43
"2220","2020"," 4",78.4444444444444,33
"2221","2020"," 4",82.5555555555556,23
"2222","2020"," 4",79.0555555555556,52
"2223","2020"," 4",75.3888888888889,60
"2224","2020"," 4",76.5555555555556,53
"2225","2020"," 4",79.3888888888889,42
"2226","2020"," 4",71.2222222222222,31
"2227","2020"," 4",57.6111111111111,27
"2228","2020"," 4",54.2222222222222,17
"2229","2020"," 4",81,58
"2230","2020"," 4",55.2777777777778,71
"2231","2020"," 4",57.6666666666667,48
"2232","2020"," 4",81.4444444444444,46
"2233","2020"," 4",77.1111111111111,59
"2234","2020"," 4",60.9444444444444,33
"2235","2020"," 4",65.2777777777778,38
"2236","2020"," 4",74.2777777777778,41
"2237","2020"," 4",75.3333333333333,58
"2238","2020"," 4",74.2777777777778,58
"2239","2020"," 4",118.666666666667,67
"2240","2020"," 4",77.7222222222222,47
"2241","2020"," 4",78.5555555555556,57
"2242","2020"," 4",83.3333333333333,60
"2243","2020"," 4",78.7222222222222,47
"2244","2020"," 4",50.2222222222222,51
"2245","2020"," 4",52.7777777777778,47
