date, pm25, pm10, o3, no2, so2, co
2020/4/1, 96, 40, 49, 25, 5, 4
2020/4/2, 79, 53, 57, 27, 6, 5
2020/4/3, 100, 67, 44, 13, 4, 4
2020/4/4, 97, 41, 46, 12, 5, 4
2020/4/5, 65, 49, 59, 26, 5, 4
2020/4/6, 75, 55, 63, 24, 4, 4
2020/4/7, 89, 43, 43, 17, 5, 4
2020/4/8, 59, 43, 44, 20, 5, 4
2020/4/9, 75, 48, 50, 23, 4, 5
2020/4/10, 86, 44, 48, 22, 4, 4
2020/4/11, 87, 37, 49, 18, 5, 4
2020/4/12, 73, 33, 45, 17, 5, 4
2020/4/13, 55, 42, 73, 30, 5, 5
2020/4/14, 80, 57, 97, 32, 5, 5
2020/4/15, 114, 51, 76, 24, 5, 5
2020/4/16, 94, 39, 54, 13, 3, 4
2020/4/17, 73, 47, 45, 14, 4, 5
2020/4/18, 94, 30, 39, 17, 4, 4
2020/4/19, 71, 21, 46, 15, 2, 3
2020/4/20, 53, 34, 41, 11, 3, 3
2020/4/21, 52, 59, 37, 11, 3, 2
2020/4/22, 56, 50, 43, 15, 3, 3
2020/4/23, 63, 40, 57, 14, 3, 3
2020/4/24, 59, 52, 85, 12, 4, 4
2020/4/25, 82, 40, 48, 14, 5, 3
2020/4/26, 72, 34, 54, 21, 5, 3
2020/4/27, 67, 34, 58, 23, 4, 4
2020/4/28, 69, 46, 77, 18, 4, 3
2020/4/29, 89, 38, 82, 27, 4, 5
2020/4/30, 73, , , , , 
2020/3/1, 122, 51, 37, 19, 3, 5
2020/3/2, 106, 44, 19, 25, 3, 5
2020/3/3, 114, 48, 41, 15, 3, 4
2020/3/4, 96, 45, 38, 23, 4, 5
2020/3/5, 93, 47, 33, 37, 4, 6
2020/3/6, 99, 53, 31, 36, 4, 6
2020/3/7, 128, 62, 55, 33, 5, 7
2020/3/8, 149, 77, 42, 48, 4, 8
2020/3/9, 165, 54, 37, 23, 3, 7
2020/3/10, 133, 46, 30, 18, 3, 6
2020/3/11, 69, 37, 38, 23, 2, 5
2020/3/12, 64, 43, 31, 22, 4, 5
2020/3/13, 74, 34, 32, 14, 3, 6
2020/3/14, 65, 46, 28, 13, 2, 6
2020/3/15, 79, 27, 27, 14, 2, 7
2020/3/16, 61, 41, 30, 19, 2, 7
2020/3/17, 80, 43, 33, 23, 2, 8
2020/3/18, 96, 52, 46, 10, 2, 5
2020/3/19, 78, 44, 38, 17, 2, 6
2020/3/20, 55, 49, 66, 18, 3, 4
2020/3/21, 81, 53, 44, 12, 4, 4
2020/3/22, 103, 47, 47, 21, 4, 5
2020/3/23, 91, 57, 50, 27, 5, 5
2020/3/24, 113, 53, 72, 29, 4, 4
2020/3/25, 100, 50, 43, 34, 3, 5
2020/3/26, 101, 44, 36, 18, 4, 5
2020/3/27, 76, 39, 35, 17, 3, 2
2020/3/28, 48, 44, 45, 17, 4, 4
2020/3/29, 68, 55, 52, 31, 5, 5
2020/3/30, 101, 47, 53, 32, 4, 4
2020/3/31, 83, 59, 51, 25, 5, 5
2020/2/1, 147, 67, 37, 26, 6, 8
2020/2/2, 157, 44, 28, 24, 3, 4
2020/2/3, 88, 37, 31, 23, 4, 5
2020/2/4, 83, 33, 29, 16, 3, 3
2020/2/5, 59, 48, 19, 31, 4, 5
2020/2/6, 88, 54, 24, 39, 5, 8
2020/2/7, 117, 50, 36, 24, 4, 5
2020/2/8, 112, 40, 34, 30, 6, 6
2020/2/9, 94, 57, 30, 43, 5, 7
2020/2/10, 123, 62, 26, 48, 6, 8
2020/2/11, 129, 53, 9, 44, 6, 9
2020/2/12, 129, 63, 27, 33, 3, 7
2020/2/13, 150, 87, 19, 42, 4, 9
2020/2/14, 174, 71, 36, 29, 5, 9
2020/2/15, 160, 27, 30, 10, 2, 5
2020/2/16, 66, 43, 31, 18, 2, 7
2020/2/17, 70, 28, 30, 25, 4, 8
2020/2/18, 71, 37, 26, 40, 4, 7
2020/2/19, 93, 60, 33, 48, 7, 8
2020/2/20, 143, 57, 35, 35, 4, 6
2020/2/21, 136, 63, 39, 14, 3, 5
2020/2/22, 114, 35, 40, 18, 4, 3
2020/2/23, 73, 40, 34, 34, 3, 4
2020/2/24, 82, 30, 23, 38, 2, 5
2020/2/25, 79, 34, 31, 25, 4, 5
2020/2/26, 63, 53, 28, 31, 3, 6
2020/2/27, 112, 34, 15, 27, 2, 4
2020/2/28, 88, 48, 29, 25, 2, 5
2020/2/29, 97, 51, 34, 17, 2, 6
2020/1/1, 86, 59, 3, 35, 5, 9
2020/1/2, 144, 68, 13, 41, 7, 10
2020/1/3, 147, 60, 22, 41, 6, 10
2020/1/4, 144, 60, 25, 42, 5, 9
2020/1/5, 128, 49, 13, 39, 4, 7
2020/1/6, 112, 12, 16, 29, 3, 5
2020/1/7, 28, 31, 28, 15, 3, 8
2020/1/8, 76, 47, 31, 25, 6, 7
2020/1/9, 103, 54, 18, 40, 6, 9
2020/1/10, 132, 51, 31, 36, 6, 8
2020/1/11, 118, 41, 34, 14, 5, 5
2020/1/12, 89, 26, 29, 6, 5, 6
2020/1/13, 49, 34, 16, 11, 6, 6
2020/1/14, 75, 45, 20, 25, 5, 7
2020/1/15, 88, 57, 14, 39, 5, 8
2020/1/16, 103, 63, 16, 47, 6, 9
2020/1/17, 116, 57, 32, 42, 7, 7
2020/1/18, 105, 59, 35, 32, 5, 8
2020/1/19, 125, 54, 32, 23, 5, 6
2020/1/20, 101, 53, 26, 39, 6, 7
2020/1/21, 91, 69, 4, 49, 6, 8
2020/1/22, 141, 66, 27, 45, 5, 8
2020/1/23, 143, 71, 30, 38, 4, 10
2020/1/24, 158, 69, 18, 38, 4, 11
2020/1/25, 158, 50, 27, 25, 4, 8
2020/1/26, 120, 23, 31, 19, 2, 6
2020/1/27, 51, 32, 26, 29, 7, 4
2020/1/28, 60, 43, 27, 31, 4, 4
2020/1/29, 72, 44, 22, 33, 2, 4
2020/1/30, 85, 50, 30, 25, 2, 5
2020/1/31, 112, 62, 36, 30, 3, 7
2019/10/1, 123, 18, 11, 17, 3, 4
2019/10/2, 50, 15, 25, 14, 4, 5
2019/10/3, 36, 31, 30, 17, 4, 6
2019/10/4, 82, 45, 33, 14, 4, 6
2019/10/5, 100, 17, 28, 11, 3, 3
2019/10/6, 49, 16, 17, 19, 3, 3
2019/10/7, 43, 33, 28, 21, 4, 4
2019/10/8, 70, 37, 31, 27, 6, 5
2019/10/9, 61, 56, 20, 38, 5, 6
2019/10/10, 120, 62, 36, 36, 5, 6
2019/10/11, 127, 40, 31, 22, 4, 4
2019/10/12, 71, 28, 31, 19, 5, 4
2019/10/13, 57, 38, 26, 21, 5, 5
2019/10/14, 70, 41, 26, 28, 5, 5
2019/10/15, 64, 43, 33, 34, 4, 5
2019/10/16, 88, 56, 22, 37, 5, 6
2019/10/17, 120, 31, 24, 29, 4, 5
2019/10/18, 64, 39, 32, 27, 5, 6
2019/10/19, 78, 53, 40, 29, 5, 8
2019/10/20, 128, 59, 33, 44, 4, 8
2019/10/21, 134, 48, 34, 38, 5, 6
2019/10/22, 101, 41, 25, 31, 4, 6
2019/10/23, 85, 43, 34, 33, 9, 5
2019/10/24, 86, 43, 32, 28, 7, 6
2019/10/25, 75, 37, 27, 19, 6, 5
2019/10/26, 72, 38, 35, 27, 4, 5
2019/10/27, 82, 42, 35, 27, 5, 5
2019/10/28, 95, 65, 31, 22, 4, 5
2019/10/29, 84, 39, 28, 30, 5, 5
2019/10/30, 68, 58, 41, 32, 4, 6
2019/10/31, 94, 79, 37, 43, 6, 7
2019/11/1, 132, 71, 37, 37, 5, 8
2019/11/2, 137, 78, 48, 31, 6, 7
2019/11/3, 157, 32, 26, 33, 4, 5
2019/11/4, 67, 52, 29, 38, 7, 7
2019/11/5, 105, 53, 30, 38, 7, 7
2019/11/6, 101, 50, 30, 31, 6, 6
2019/11/7, 76, 52, 23, 37, 6, 5
2019/11/8, 73, 54, 29, 42, 7, 7
2019/11/9, 92, 46, 29, 29, 5, 7
2019/11/10, 93, 28, 36, 21, 5, 6
2019/11/11, 56, 45, 20, 38, 5, 8
2019/11/12, 77, 54, 5, 34, 4, 8
2019/11/13, 122, , , , 2, 3
2019/11/14, 34, 48, 24, 28, 3, 5
2019/11/15, 62, 57, 9, 31, 3, 8
2019/11/16, 113, 35, 21, 24, 4, 7
2019/11/17, 78, 61, 32, 17, 3, 6
2019/11/18, 57, 44, 24, 26, 4, 6
2019/11/19, 55, 47, 21, 38, 5, 7
2019/11/20, 71, 58, 7, 46, 6, 9
2019/11/21, 99, 55, 20, 45, 6, 9
2019/11/22, 91, 40, 21, 31, 4, 6
2019/11/23, 71, 37, 30, 22, 4, 7
2019/11/24, 79, 38, 22, 26, 4, 6
2019/11/25, 66, 45, 20, 33, 5, 8
2019/11/26, 85, 51, 23, 28, 5, 7
2019/11/27, 88, 52, 15, 38, 6, 8
2019/11/28, 99, 45, 20, 40, 6, 7
2019/11/29, 83, 52, 17, 41, 7, 8
2019/11/30, 106, 58, 8, 40, 6, 9
2019/12/1, 144, 36, 29, 25, 5, 6
2019/12/2, 60, 25, 19, 28, 4, 6
2019/12/3, 54, 42, 27, 34, 5, 7
2019/12/4, 82, 36, 30, 24, 5, 4
2019/12/5, 52, 42, 23, 31, 5, 6
2019/12/6, 68, 46, 8, 41, 5, 8
2019/12/7, 95, 64, 28, 39, 6, 10
2019/12/8, 133, 56, 20, 38, 5, 9
2019/12/9, 130, 68, 34, 39, 5, 8
2019/12/10, 140, 66, 39, 28, 4, 5
2019/12/11, 130, 32, 26, 26, 4, 4
2019/12/12, 54, 39, 15, 37, 5, 6
2019/12/13, 73, 49, 22, 26, 5, 5
2019/12/14, 90, 52, 24, 37, 5, 9
2019/12/15, 99, 51, 17, 39, 5, 8
2019/12/16, 86, 38, 18, 28, 4, 6
2019/12/17, 74, 47, 24, 24, 5, 5
2019/12/18, 80, 36, 24, 29, 5, 5
2019/12/19, 53, 39, 20, 35, 6, 7
2019/12/20, 76, 38, 15, 33, 5, 7
2019/12/21, 83, 55, 22, 37, 5, 7
2019/12/22, 117, 53, 24, 33, 5, 8
2019/12/23, 122, 75, 7, 47, 4, 12
2019/12/24, 150, 67, 11, 42, 5, 10
2019/12/25, 150, 57, 24, 35, 4, 8
2019/12/26, 139, 47, 31, 30, 5, 6
2019/12/27, 80, 45, 22, 35, 5, 7
2019/12/28, 79, 49, 17, 30, 4, 7
2019/12/29, 96, , , , , 
2019/7/1, 116, 40, 60, 25, 5, 5
2019/7/2, 93, 54, 73, 28, 5, 5
2019/7/3, 130, 52, 57, 27, 8, 5
2019/7/4, 119, 53, 89, 32, 7, 6
2019/7/5, 109, 36, 48, 20, 4, 5
2019/7/6, 80, 29, 47, 9, 2, 4
2019/7/7, 71, 24, 43, 22, 3, 4
2019/7/8, 57, 21, 41, 17, 4, 4
2019/7/9, 57, 19, 29, 19, 3, 4
2019/7/10, 49, 21, 21, 22, 3, 4
2019/7/11, 50, 24, 36, 17, 4, 4
2019/7/12, 56, 36, 42, 18, 3, 5
2019/7/13, 86, 56, 78, 16, 5, 6
2019/7/14, 143, 54, 47, 21, 3, 6
2019/7/15, 134, 44, 48, 22, 4, 6
2019/7/16, 106, 53, 61, 28, 5, 6
2019/7/17, 117, 43, 49, 19, 4, 5
2019/7/18, 101, 37, 37, 18, 5, 5
2019/7/19, 83, 14, 13, 7, 2, 3
2019/7/20, 43, 20, 34, 8, 3, 3
2019/7/21, 48, 39, 48, 14, 4, 4
2019/7/22, 91, 22, 22, 14, 3, 3
2019/7/23, 43, 23, 19, 14, 2, 4
2019/7/24, 59, 19, 26, 20, 2, 6
2019/7/25, 55, 27, 18, 21, 3, 5
2019/7/26, 66, 22, 30, 31, 3, 4
2019/7/27, 60, 18, 24, 10, , 4
2019/7/28, 54, 20, 15, 10, 3, 3
2019/7/29, 50, 20, 19, 9, 3, 3
2019/7/30, 56, 21, 17, 10, 3, 3
2019/7/31, 52, 20, 17, 13, 3, 3
2019/8/1, 52, 31, 50, 20, 4, 4
2019/8/2, 67, 34, 66, 19, 5, 5
2019/8/3, 72, 48, 63, 19, 8, 6
2019/8/4, 110, 54, 75, 30, 5, 6
2019/8/5, 126, 38, 55, 26, 4, 5
2019/8/6, 90, 32, 50, 14, 3, 4
2019/8/7, 76, 37, 33, 20, 3, 4
2019/8/8, 90, 26, 29, 19, 4, 4
2019/8/9, 61, 36, 35, 15, 4, 4
2019/8/10, 74, 27, 29, 8, 3, 3
2019/8/11, 64, 22, 21, 13, 3, 4
2019/8/12, 67, 29, 35, 17, 3, 4
2019/8/13, 67, 38, 31, 20, 3, 4
2019/8/14, 71, 17, 11, 18, 3, 4
2019/8/15, 36, 23, 40, 16, 3, 4
2019/8/16, 57, 35, 49, 20, 3, 6
2019/8/17, 77, 33, 63, 19, 6, 5
2019/8/18, 73, 40, 81, 31, 4, 7
2019/8/19, 84, 38, 43, 19, 3, 6
2019/8/20, 82, 39, 63, 22, 4, 5
2019/8/21, 92, 53, 51, 25, 5, 6
2019/8/22, 124, 41, 64, 22, 7, 7
2019/8/23, 92, 32, 43, 21, 5, 5
2019/8/24, 70, 24, 49, 15, 4, 5
2019/8/25, 60, 26, 56, 22, 3, 5
2019/8/26, 63, 29, 40, 19, 3, 5
2019/8/27, 80, 34, 52, 20, 4, 5
2019/8/28, 76, 27, 34, 19, 3, 5
2019/8/29, 70, 28, 38, 18, 4, 5
2019/8/30, 61, 26, 44, 17, 4, 4
2019/8/31, 57, 30, 46, 20, 3, 5
2019/9/1, 63, 43, 51, 25, 4, 4
2019/9/2, 92, 22, 20, 17, 3, 5
2019/9/3, 54, 14, 22, 17, 3, 4
2019/9/4, 33, 19, 9, 19, 2, 4
2019/9/5, 45, 23, 18, 16, 3, 5
2019/9/6, 55, 23, 24, 5, 3, 3
2019/9/7, 40, 32, 26, 13, 4, 5
2019/9/8, 62, 41, 17, 24, 3, 6
2019/9/9, 97, 29, 48, 17, 3, 5
2019/9/10, 61, 24, 48, 19, 3, 5
2019/9/11, 58, 13, 30, 9, 3, 3
2019/9/12, 35, 20, 41, 10, 3, 3
2019/9/13, 46, 19, 29, 10, 3, 4
2019/9/14, 53, 27, 52, 13, 3, 5
2019/9/15, 70, 25, 42, 25, 3, 4
2019/9/16, 55, 29, 46, 31, 4, 4
2019/9/17, 60, 47, 39, 27, 5, 4
2019/9/18, 78, 43, 60, 28, 4, 4
2019/9/19, 67, 31, 25, 22, 3, 4
2019/9/20, 62, 20, 33, 18, 3, 4
2019/9/21, 44, 12, 37, 16, 3, 4
2019/9/22, 31, 18, 33, 25, 4, 4
2019/9/23, 45, 29, 52, 24, 6, 5
2019/9/24, 64, 34, 51, 35, 4, 5
2019/9/25, 89, 32, 32, 25, 3, 5
2019/9/26, 67, 34, 35, 34, 4, 5
2019/9/27, 71, 48, 65, 28, 5, 6
2019/9/28, 111, 46, 57, 21, 5, 6
2019/9/29, 103, 57, 59, 40, 4, 7
2019/9/30, 113, 55, 23, 34, 3, 6
2019/4/1, 65, 42, 40, 34, 9, 8
2019/4/2, 79, 46, 44, 33, 6, 8
2019/4/3, 85, 45, 48, 28, 5, 7
2019/4/4, 86, 68, 47, 22, 6, 9
2019/4/5, 89, 61, 33, 38, 6, 10
2019/4/6, 80, 51, 42, 27, 5, 9
2019/4/7, 74, 52, 39, 32, 8, 8
2019/4/8, 69, 36, 37, 21, 4, 8
2019/4/9, 53, 31, 35, 33, 4, 9
2019/4/10, 48, 44, 43, 34, 6, 9
2019/4/11, 90, 53, 51, 37, 6, 6
2019/4/12, 97, 57, 60, 35, 6, 6
2019/4/13, 105, 49, 47, 24, 5, 7
2019/4/14, 94, 58, 44, 31, 5, 6
2019/4/15, 80, 60, 46, 40, 7, 7
2019/4/16, 87, 60, 56, 42, 9, 8
2019/4/17, 111, 41, 48, 21, 4, 5
2019/4/18, 83, 65, 37, 21, 2, 6
2019/4/19, 129, 48, 56, 18, 3, 6
2019/4/20, 92, 63, 52, 19, 5, 7
2019/4/21, 136, 76, 74, 38, 7, 8
2019/4/22, 122, 80, 45, 35, 6, 8
2019/4/23, 135, 34, 43, 22, 6, 7
2019/4/24, 84, 53, 29, 24, 4, 7
2019/4/25, 93, 25, 33, 26, 4, 5
2019/4/26, 60, 29, 40, 26, 3, 4
2019/4/27, 62, 31, 48, 23, 5, 5
2019/4/28, 78, 48, 25, 36, 4, 6
2019/4/29, 108, 54, 48, 31, 5, 6
2019/4/30, 111, 59, 60, 26, 7, 6
2019/5/1, 107, 66, 50, 27, 6, 5
2019/5/2, 94, 56, 70, 39, 8, 6
2019/5/3, 102, 79, 91, 46, 11, 9
2019/5/4, 155, 62, 84, 31, 8, 7
2019/5/5, 129, 56, 44, 16, 7, 5
2019/5/6, 75, 55, 63, 27, 7, 6
2019/5/7, 76, 46, 80, 27, 6, 6
2019/5/8, 71, 42, 65, 30, 8, 6
2019/5/9, 71, 43, 93, 39, 10, 7
2019/5/10, 81, 50, 73, 35, 9, 7
2019/5/11, 98, 55, 106, 29, 11, 8
2019/5/12, 116, 63, 66, 34, 10, 8
2019/5/13, 135, 57, 70, 26, 9, 7
2019/5/14, 129, 72, 96, 32, 8, 8
2019/5/15, 159, 70, 89, 38, 10, 9
2019/5/16, 146, 69, 71, 41, 9, 7
2019/5/17, 147, 30, 42, 12, 4, 5
2019/5/18, 79, 19, 35, 8, , 5
2019/5/19, 58, 40, 39, 14, 4, 5
2019/5/20, 64, 48, 71, 18, 4, 5
2019/5/21, 68, 50, 81, 25, 4, 6
2019/5/22, 83, 63, 95, 32, 6, 6
2019/5/23, 125, 74, 130, 31, 6, 7
2019/5/24, 154, 64, 119, 18, 5, 7
2019/5/25, 127, 43, 81, 19, 4, 4
2019/5/26, 87, 21, 47, 9, 3, 5
2019/5/27, 53, 30, 48, 19, 5, 4
2019/5/28, 47, 42, 79, 26, 6, 5
2019/5/29, 74, 50, 85, 22, 5, 5
2019/5/30, 105, 31, 62, 18, 5, 4
2019/5/31, 68, 40, 61, 19, 4, 5
2019/6/1, 85, 49, 87, 19, 6, 5
2019/6/2, 103, 46, 106, 27, 7, 5
2019/6/3, 82, 53, 66, 26, 7, 6
2019/6/4, 109, 62, 84, 27, 7, 7
2019/6/5, 143, 62, 54, 25, 6, 7
2019/6/6, 141, 20, 51, 31, 3, 5
2019/6/7, 45, 33, 65, 23, 6, 5
2019/6/8, 73, 51, 68, 17, 6, 6
2019/6/9, 125, 22, 35, 17, 3, 4
2019/6/10, 56, 30, 52, 24, 5, 4
2019/6/11, 62, 42, 59, 27, 6, 5
2019/6/12, 86, 44, 81, 29, 5, 5
2019/6/13, 91, 61, 70, 34, 6, 5
2019/6/14, 136, 47, 52, 20, 6, 5
2019/6/15, 96, 41, 61, 20, 9, 6
2019/6/16, 86, 37, 43, 20, 5, 5
2019/6/17, 83, 43, 55, 23, 5, 6
2019/6/18, 96, 52, 56, 29, 3, 6
2019/6/19, 121, , , , , 
2019/6/21, 110, 39, 75, 24, 4, 5
2019/6/22, 82, 30, 63, 17, 4, 4
2019/6/23, 70, 36, 73, 25, 7, 5
2019/6/24, 76, 47, 90, 31, 7, 5
2019/6/25, 94, 43, 36, 27, 6, 6
2019/6/26, 99, 37, 51, 21, 5, 6
2019/6/27, 91, 53, 42, 26, 6, 6
2019/6/28, 120, 35, 34, 18, 4, 5
2019/6/29, 92, 37, 39, 12, 4, 6
2019/6/30, 99, 48, 75, 21, 6, 6
2019/1/1, 91, 47, 24, 37, 10, 11
2019/1/2, 80, 56, 20, 51, 9, 13
2019/1/3, 102, 65, 14, 59, 11, 14
2019/1/4, 129, 64, 28, 37, 8, 12
2019/1/5, 120, 54, 22, 39, 11, 11
2019/1/6, 94, 63, 23, 49, 11, 14
2019/1/7, 127, 63, 26, 33, 7, 9
2019/1/8, 111, 59, 17, 37, 6, 9
2019/1/9, 88, 61, 8, 46, 8, 9
2019/1/10, 122, 77, 20, 47, 6, 10
2019/1/11, 155, 96, 25, 51, 8, 11
2019/1/12, 175, 86, 34, 43, 7, 14
2019/1/13, 169, 116, 22, 59, 6, 16
2019/1/14, 196, 102, 26, 35, 6, 13
2019/1/15, 164, 55, 22, 27, 8, 8
2019/1/16, 72, 52, 26, 29, 8, 9
2019/1/17, 83, 74, 23, 57, 9, 14
2019/1/18, 138, 89, 28, 55, 8, 15
2019/1/19, 168, 65, 30, 23, 7, 9
2019/1/20, 108, 41, 27, 29, 6, 9
2019/1/21, 71, 61, 28, 38, 7, 10
2019/1/22, 109, 70, 27, 43, 9, 10
2019/1/23, 131, 49, 22, 44, 11, 8
2019/1/24, 80, 55, 30, 41, 8, 8
2019/1/25, 87, 53, 27, 28, 7, 5
2019/1/26, 79, 44, 33, 35, 7, 7
2019/1/27, 82, 61, 31, 24, 6, 6
2019/1/28, 82, 72, 21, 41, 8, 8
2019/1/29, 93, 65, 29, 48, 8, 9
2019/1/30, 113, 65, 24, 25, 8, 7
2019/1/31, 83, 45, 27, 30, 6, 6
2019/2/1, 68, 51, 27, 34, 5, 7
2019/2/2, 104, 42, 30, 24, 4, 9
2019/2/3, 101, 64, 33, 21, 8, 9
2019/2/4, 105, 73, 34, 38, 6, 9
2019/2/5, 100, 79, 36, 43, 6, 10
2019/2/6, 117, 59, 33, 22, 6, 9
2019/2/7, 95, 42, 25, 29, 6, 6
2019/2/8, 67, 43, 31, 22, 5, 8
2019/2/9, 69, 46, 29, 26, 7, 9
2019/2/10, 81, 43, 33, 29, 6, 9
2019/2/11, 74, 64, 29, 46, 8, 12
2019/2/12, 133, 55, 30, 36, 7, 9
2019/2/13, 109, 61, 21, 46, 8, 11
2019/2/14, 116, 55, 25, 34, 8, 9
2019/2/15, 120, 54, 36, 24, 9, 11
2019/2/16, 131, 43, 33, 28, 9, 10
2019/2/17, 89, 53, 20, 47, 7, 11
2019/2/18, 97, 58, 11, 46, 6, 11
2019/2/19, 144, 60, 31, 35, 6, 10
2019/2/20, 131, 83, 33, 48, 6, 11
2019/2/21, 164, 85, 23, 54, 7, 10
2019/2/22, 162, 79, 30, 48, 6, 10
2019/2/23, 150, 66, 54, 37, 7, 8
2019/2/24, 144, 98, 38, 40, 9, 10
2019/2/25, 173, 60, 30, 38, 7, 7
2019/2/26, 88, 67, 30, 43, 7, 8
2019/2/27, 130, 99, 41, 53, 12, 12
2019/2/28, 173, 114, 54, 47, 12, 14
2019/3/1, 194, 108, 56, 53, 7, 14
2019/3/2, 179, 118, 53, 51, 7, 15
2019/3/3, 188, 126, 49, 49, 12, 16
2019/3/4, 199, 122, 48, 41, 6, 20
2019/3/5, 198, 110, 69, 45, 9, 19
2019/3/6, 186, 75, 38, 31, 7, 13
2019/3/7, 149, 56, 41, 38, 9, 9
2019/3/8, 102, 60, 40, 48, 9, 9
2019/3/9, 122, 56, 31, 41, 8, 18
2019/3/10, 128, 55, 31, 35, 5, 13
2019/3/11, 117, 62, 35, 24, 5, 7
2019/3/12, 130, 47, 34, 23, 6, 6
2019/3/13, 51, 44, 40, 26, 6, 7
2019/3/14, 66, 51, 41, 22, 4, 7
2019/3/15, 75, 46, 37, 20, 5, 7
2019/3/16, 70, 42, 38, 26, 6, 8
2019/3/17, 48, 45, 31, 39, 7, 9
2019/3/18, 51, 57, 52, 39, 7, 10
2019/3/19, 109, 69, 39, 44, 5, 9
2019/3/20, 147, 38, 44, 18, 5, 7
2019/3/21, 82, 46, 38, 20, 4, 5
2019/3/22, 75, 31, 38, 21, 4, 5
2019/3/23, 68, 33, 43, 19, 5, 6
2019/3/24, 67, 47, 52, 26, 5, 7
2019/3/25, 100, 49, 30, 37, 4, 8
2019/3/26, 112, , , , , 
2019/3/28, 122, 51, 40, 32, 10, 8
2019/3/29, 96, 41, 39, 14, 4, 6
2019/3/30, 90, 40, 38, 14, 5, 6
2019/3/31, 80, 27, 38, 27, 4, 6
2018/10/1, 37, 30, 32, 28, 7, 6
2018/10/2, 60, 40, 45, 35, 6, 6
2018/10/3, 79, 37, 36, 27, 5, 5
2018/10/4, 73, 18, 29, 30, 6, 5
2018/10/5, 43, 11, 35, 17, 4, 5
2018/10/6, 20, 35, 33, 18, 9, 6
2018/10/7, 59, , , , , 
2018/10/10, 31, 26, 24, 22, 5, 5
2018/10/11, 43, 35, 27, 31, 6, 6
2018/10/12, 63, 46, 39, 37, 5, 7
2018/10/13, 91, 56, 54, 37, 7, 7
2018/10/14, 121, 65, 64, 44, 8, 9
2018/10/15, 128, 76, 26, 44, 5, 10
2018/10/16, 145, 45, 32, 35, 6, 7
2018/10/17, 69, 36, 26, 33, 5, 6
2018/10/18, 59, 33, 26, 32, 6, 6
2018/10/19, 52, 46, 34, 38, 6, 8
2018/10/20, 85, 54, 53, 38, 5, 8
2018/10/21, 113, 60, 37, 46, 5, 8
2018/10/22, 126, 50, 19, 43, 4, 9
2018/10/23, 117, 50, 32, 40, 6, 8
2018/10/24, 77, 53, 24, 53, 5, 8
2018/10/25, 93, 41, 23, 30, 4, 7
2018/10/26, 82, 30, 27, 15, 4, 5
2018/10/27, 36, 23, 32, 15, 5, 6
2018/10/28, 43, 24, 23, 25, 6, 7
2018/10/29, 46, 32, 19, 24, 6, 7
2018/10/30, 54, 37, 23, 30, 7, 8
2018/10/31, 69, 46, 26, 37, 6, 10
2018/11/1, 82, 55, 30, 50, 6, 11
2018/11/2, 107, 63, 37, 48, 7, 11
2018/11/3, 142, 64, 41, 45, 6, 11
2018/11/4, 149, 66, 25, 54, 7, 13
2018/11/5, 148, 93, 28, 98, 8, 13
2018/11/6, 179, 96, 12, 107, 5, 10
2018/11/7, 180, 35, 21, 57, 4, 7
2018/11/8, 84, 48, 34, 23, 6, 8
2018/11/9, 92, 66, 43, 36, 7, 9
2018/11/10, 144, 76, 22, 37, 5, 10
2018/11/11, 160, 54, 22, 41, 6, 8
2018/11/12, 91, 54, 21, 42, 7, 9
2018/11/13, 103, 60, 19, 48, 6, 9
2018/11/14, 123, 64, 27, 46, 5, 8
2018/11/15, 139, 67, 32, 41, 7, 9
2018/11/16, 147, 42, 22, 30, 5, 7
2018/11/17, 85, 45, 23, 30, 6, 8
2018/11/18, 87, 58, 26, 36, 7, 10
2018/11/19, 123, 58, 25, 37, 6, 8
2018/11/20, 91, 50, 19, 43, 5, 7
2018/11/21, 93, 40, 24, 32, 5, 6
2018/11/22, 63, 37, 26, 35, 5, 6
2018/11/23, 60, 38, 21, 28, 4, 6
2018/11/24, 87, 60, 29, 33, 5, 9
2018/11/25, 139, 71, 21, 46, 6, 11
2018/11/26, 155, 76, 30, 37, 6, 10
2018/11/27, 156, 120, 23, 37, 6, 7
2018/11/28, 112, 83, 5, 49, 7, 9
2018/11/29, 121, 74, 20, 46, 9, 10
2018/11/30, 119, 59, 17, 42, 6, 9
2018/12/1, 110, 61, 23, 34, 6, 10
2018/12/2, 118, 44, 21, 29, 5, 8
2018/12/3, 95, 41, 23, 23, 5, 7
2018/12/4, 79, 48, 20, 32, 5, 5
2018/12/5, 70, 54, 21, 36, 5, 6
2018/12/6, 86, 46, 25, 19, 4, 4
2018/12/7, 57, 40, 22, 17, 5, 4
2018/12/8, 52, 32, 26, 20, 5, 5
2018/12/9, 57, 54, 14, 45, 7, 9
2018/12/10, 89, 63, 3, 44, 7, 10
2018/12/11, 113, 56, 17, 38, 7, 8
2018/12/12, 99, 43, 27, 30, 6, 7
2018/12/13, 88, 48, 23, 33, 7, 7
2018/12/14, 76, 64, 12, 48, 6, 9
2018/12/15, 116, 52, 14, 40, 6, 9
2018/12/16, 121, 67, 24, 39, 7, 9
2018/12/17, 126, 56, 22, 41, 6, 10
2018/12/18, 104, 76, 24, 48, 10, 13
2018/12/19, 126, 95, 10, 67, 10, 16
2018/12/20, 160, 90, 10, 62, 8, 14
2018/12/21, 159, 98, 25, 67, 10, 16
2018/12/22, 171, 62, 33, 21, 7, 10
2018/12/23, 110, 26, 25, 20, 6, 8
2018/12/24, 55, , , , , 
2018/12/27, 47, 47, 20, 26, 6, 7
2018/12/28, 68, 47, 27, 28, 6, 7
2018/12/29, 66, 42, 26, 28, 9, 9
2018/12/30, 71, , , , , 
2018/7/1, 21, 11, 40, 13, 3, 4
2018/7/2, 18, 21, 16, 15, 3, 3
2018/7/3, 27, 30, 29, 19, 5, 3
2018/7/4, 47, 27, 32, 14, 10, 3
2018/7/5, 50, 15, 24, 11, 4, 2
2018/7/6, 19, 15, 37, 13, 4, 2
2018/7/7, 19, 15, 32, 7, , 2
2018/7/8, 23, 19, 15, 12, , 2
2018/7/9, 20, 24, 26, 19, 4, 4
2018/7/10, 43, 34, 25, 18, 4, 4
2018/7/11, 65, 31, 14, 14, 4, 4
2018/7/12, 63, 22, 22, 13, 4, 4
2018/7/13, 52, 18, 25, 12, 5, 3
2018/7/14, 47, 19, 35, 14, 6, 3
2018/7/15, 45, 31, 51, 23, 10, 4
2018/7/16, 67, 38, 38, 24, 10, 4
2018/7/17, 83, 41, 49, 25, 10, 6
2018/7/18, 93, 34, 45, 22, 7, 5
2018/7/19, 73, 46, 96, 37, 8, 6
2018/7/20, 95, 45, 99, 33, 9, 6
2018/7/21, 98, 47, 122, 25, 6, 5
2018/7/22, 103, 39, 63, 27, 7, 5
2018/7/23, 79, 46, 95, 25, 7, 6
2018/7/24, 93, 30, 25, 16, 4, 4
2018/7/25, 62, 38, 38, 20, 6, 5
2018/7/26, 74, 49, 77, 26, 10, 6
2018/7/27, 104, 45, 72, 24, 4, 5
2018/7/28, 90, 35, 36, 22, 4, 4
2018/7/29, 63, 24, 36, 18, 4, 4
2018/7/30, 42, 25, 72, 21, 3, 4
2018/7/31, 45, 42, 106, 31, 5, 5
2018/8/1, 80, 39, 81, 26, 6, 5
2018/8/2, 69, 34, 66, 21, 9, 5
2018/8/3, 73, 42, 47, 22, 9, 6
2018/8/4, 82, 32, 30, 10, 8, 5
2018/8/5, 65, 38, 49, 17, 8, 5
2018/8/6, 75, 29, 55, 20, 8, 5
2018/8/7, 62, 30, 38, 19, 8, 5
2018/8/8, 65, 32, 37, 19, 6, 5
2018/8/9, 71, 37, 78, 30, 6, 5
2018/8/10, 78, 11, 32, 10, 3, 4
2018/8/11, 24, 19, 41, 9, 4, 4
2018/8/12, 46, 34, 42, 20, 5, 5
2018/8/13, 70, 33, 62, 31, 7, 5
2018/8/14, 63, 30, 80, 24, 5, 5
2018/8/15, 63, 23, 36, 19, 4, 5
2018/8/16, 34, 18, 32, 12, 3, 4
2018/8/17, 24, 23, 51, 16, 4, 4
2018/8/18, 37, 33, 78, 18, 7, 5
2018/8/19, 65, 39, 72, 14, 7, 6
2018/8/20, 80, 40, 34, 20, 4, 6
2018/8/21, 80, 47, 41, 21, 5, 6
2018/8/22, 92, , 16, 11, 3, 6
2018/8/25, 49, 22, 37, 15, 4, 5
2018/8/26, 45, 13, 11, 20, 3, 7
2018/8/27, 30, 13, 10, 15, 3, 6
2018/8/28, 25, 16, 12, 10, 3, 4
2018/8/29, 33, 18, 13, 16, 4, 5
2018/8/30, 43, 21, 49, 21, 6, 6
2018/8/31, 49, 26, 35, 16, 4, 6
2018/9/1, 45, 15, 35, 8, 3, 4
2018/9/2, 26, 22, 25, 15, 3, 6
2018/9/3, 45, 27, 43, 19, 5, 6
2018/9/4, 50, 30, 43, 20, 5, 5
2018/9/5, 45, 26, 45, 19, 5, 5
2018/9/6, 52, 29, 54, 18, 6, 6
2018/9/7, 53, 31, 47, 29, 5, 6
2018/9/8, 52, 35, 66, 23, 6, 6
2018/9/9, 69, 32, 40, 26, 5, 6
2018/9/10, 49, 20, 31, 16, 5, 4
2018/9/11, 32, 25, 34, 21, 6, 4
2018/9/12, 33, 22, 24, 19, 4, 4
2018/9/13, 39, 23, 21, 23, 4, 5
2018/9/14, 40, 23, 17, 22, 4, 6
2018/9/15, 39, 39, 41, 20, 6, 6
2018/9/16, 82, 38, 49, 28, 6, 6
2018/9/17, 70, 38, 38, 31, 6, 7
2018/9/18, 67, 46, 32, 42, 4, 7
2018/9/19, 81, 28, 34, 27, 5, 5
2018/9/20, 51, 16, 24, 27, 3, 4
2018/9/21, 31, 37, 45, 20, 5, 5
2018/9/22, 57, 38, 48, 19, 5, 5
2018/9/23, 59, 21, 30, 16, 4, 4
2018/9/24, 40, 19, 34, 21, 4, 4
2018/9/25, 44, 15, 28, 16, 3, 4
2018/9/26, 33, 24, 32, 29, 4, 4
2018/9/27, 39, 19, 21, 21, 4, 4
2018/9/28, 34, 23, 34, 26, 5, 4
2018/9/29, 41, 32, 32, 17, 6, 4
2018/9/30, 50, 18, 25, 14, 4, 4
2018/4/1, 107, 64, 39, 27, 4, 6
2018/4/2, 96, 58, 36, 24, 4, 4
2018/4/3, 80, 33, 26, 24, 2, 3
2018/4/4, 56, 7, 26, 22, 2, 3
2018/4/5, 20, 66, 37, 17, 3, 4
2018/4/6, 72, 54, 39, 13, 4, 2
2018/4/7, 73, 39, 54, 13, 4, 3
2018/4/8, 62, 64, 39, 37, 4, 5
2018/4/9, 108, 51, 50, 21, 4, 4
2018/4/10, 74, 63, 46, 20, 6, 4
2018/4/11, 82, 49, 42, 32, 6, 4
2018/4/12, 53, 45, 41, 30, 6, 4
2018/4/13, 62, 23, 37, 27, 4, 4
2018/4/14, 55, 68, 36, 15, 6, 5
2018/4/15, 75, 53, 40, 33, 4, 5
2018/4/16, 93, 67, 55, 44, 10, 6
2018/4/17, 109, 59, 53, 49, 11, 6
2018/4/18, 111, 55, 67, 40, 7, 5
2018/4/19, 98, 91, 110, 62, 12, 7
2018/4/20, 154, 75, 69, 43, 7, 6
2018/4/21, 122, 42, 34, 26, 4, 5
2018/4/22, 76, 35, 46, 22, 2, 5
2018/4/23, 43, 22, 35, 34, 4, 3
2018/4/24, 32, 46, 50, 42, 5, 4
2018/4/25, 85, 61, 60, 45, 8, 6
2018/4/26, 113, 61, 63, 43, 8, 5
2018/4/27, 127, 71, 65, 36, 7, 5
2018/4/28, 126, 50, 85, 29, 5, 4
2018/4/29, 92, 76, 74, 42, 6, 6
2018/4/30, 148, 71, 50, 28, 9, 7
2018/5/1, 150, 44, 40, 25, 5, 6
2018/5/2, 103, 51, 47, 18, 4, 4
2018/5/3, 61, 49, 58, 18, 4, 3
2018/5/4, 63, 37, 80, 16, 4, 3
2018/5/5, 59, 22, 53, 20, 3, 5
2018/5/6, 55, 34, 40, 28, 3, 5
2018/5/7, 73, 29, 46, 19, 1, 4
2018/5/8, 54, 37, 49, 29, 4, 4
2018/5/9, 51, 56, 57, 29, 5, 4
2018/5/10, 99, 68, 67, 30, 6, 5
2018/5/11, 137, 33, 32, 27, 4, 5
2018/5/12, 78, 30, 44, 16, 5, 5
2018/5/13, 71, 59, 72, 25, 3, 6
2018/5/14, 130, 57, 68, 37, 3, 7
2018/5/15, 120, 29, 26, 13, 2, 4
2018/5/16, 62, 29, 21, 21, 3, 4
2018/5/17, 54, 23, 25, 18, 2, 4
2018/5/18, 42, 15, 38, 11, 3, 2
2018/5/19, 23, 12, 40, 15, 3, 2
2018/5/20, 24, 18, 42, 13, 3, 3
2018/5/21, 33, 29, 51, 25, 4, 4
2018/5/22, 62, 46, 46, 26, 7, 5
2018/5/23, 53, 69, 67, 27, 5, 4
2018/5/24, 71, 74, 75, 43, 5, 4
2018/5/25, 90, 70, 111, 39, 10, 6
2018/5/26, 103, 66, 78, 31, 13, 7
2018/5/27, 124, 59, 90, 36, 11, 6
2018/5/28, 100, 55, 53, 30, 6, 4
2018/5/29, 110, 56, 50, 26, 7, 4
2018/5/30, 100, 51, 86, 33, 6, 5
2018/5/31, 91, 44, 79, 36, 7, 5
2018/6/1, 79, 36, 62, 30, 9, 5
2018/6/2, 69, 33, 75, 28, 5, 4
2018/6/3, 64, 41, 57, 29, 7, 4
2018/6/4, 81, 67, 60, 25, 7, 5
2018/6/5, 95, 76, 69, 26, 11, 6
2018/6/6, 114, 74, 59, 28, 9, 6
2018/6/7, 132, 55, 74, 22, 7, 5
2018/6/8, 101, 52, 62, 16, 3, 4
2018/6/9, 96, 18, 39, 6, , 3
2018/6/10, 21, 24, 31, 15, 3, 3
2018/6/11, 31, 39, 56, 24, 6, 4
2018/6/12, 56, 36, 52, 19, 5, 5
2018/6/13, 67, 34, 40, 13, 3, 4
2018/6/14, 64, 23, 38, 11, , 3
2018/6/15, 34, 27, 54, 16, 7, 4
2018/6/16, 42, 55, 72, 23, 7, 5
2018/6/17, 112, 64, 95, 37, 14, 7
2018/6/18, 128, 53, 44, 31, 10, 6
2018/6/19, 115, 51, 63, 24, 7, 5
2018/6/20, 89, 50, 67, 27, 8, 5
2018/6/21, 89, 54, 81, 39, 8, 5
2018/6/22, 94, 39, 69, 25, 6, 5
2018/6/23, 71, 53, 103, 14, 6, 6
2018/6/24, 97, 51, 93, 28, 5, 5
2018/6/25, 89, 43, 48, 22, 4, 6
2018/6/26, 96, 26, 53, 14, 4, 5
2018/6/27, 49, 16, 37, 13, 3, 4
2018/6/28, 31, 30, 58, 19, 5, 5
2018/6/29, 54, 41, 38, 21, 5, 6
2018/6/30, 88, 10, 23, 13, 3, 4
2018/1/1, 98, 58, 12, 41, 5, 9
2018/1/2, 120, 41, 19, 27, 5, 4
2018/1/3, 73, 53, 17, 37, 5, 5
2018/1/4, 85, 61, 17, 43, 7, 7
2018/1/5, 122, 56, 20, 37, 7, 7
2018/1/6, 103, 54, 9, 43, 5, 8
2018/1/7, 119, 61, 34, 41, 8, 9
2018/1/8, 140, 40, 28, 27, 4, 4
2018/1/9, 78, 36, 24, 26, 4, 5
2018/1/10, 64, 38, 24, 22, 6, 5
2018/1/11, 73, 31, 24, 37, 9, 9
2018/1/12, 81, 50, 16, 46, 6, 8
2018/1/13, 116, 63, 26, 39, 6, 9
2018/1/14, 142, 62, 27, 54, 10, 10
2018/1/15, 133, 85, 7, 68, 8, 13
2018/1/16, 168, 74, 10, 52, 5, 10
2018/1/17, 164, 86, 18, 48, 10, 10
2018/1/18, 163, 72, 21, 49, 8, 9
2018/1/19, 127, 76, 27, 48, 8, 13
2018/1/20, 142, 108, 21, 47, 4, 15
2018/1/21, 171, 54, 27, 40, 6, 9
2018/1/22, 108, 35, 30, 20, 4, 3
2018/1/23, 60, 38, 27, 22, 5, 3
2018/1/24, 53, 34, 28, 26, 6, 4
2018/1/25, 58, 39, 26, 27, 6, 4
2018/1/26, 63, 54, 9, 50, 7, 8
2018/1/27, 111, 39, 33, 27, 7, 5
2018/1/28, 85, 56, 35, 30, 7, 10
2018/1/29, 72, 46, 23, 37, 6, 8
2018/1/30, 76, 55, 19, 48, 6, 8
2018/1/31, 79, 55, 24, 47, 8, 9
2018/2/1, 92, 65, 18, 51, 8, 10
2018/2/2, 107, 41, 27, 17, 6, 8
2018/2/3, 67, 36, 27, 17, 5, 6
2018/2/4, 64, 35, 27, 26, 6, 6
2018/2/5, 59, 35, 26, 24, 5, 6
2018/2/6, 67, 38, 22, 35, 6, 9
2018/2/7, 79, 60, 14, 52, 7, 14
2018/2/8, 118, 66, 4, 57, 9, 13
2018/2/9, 152, 63, 29, 16, 5, 4
2018/2/10, 96, 46, 28, 22, 5, 4
2018/2/11, 61, 42, 27, 32, 5, 5
2018/2/12, 65, 42, 29, 29, 4, 6
2018/2/13, 63, 55, 35, 26, 8, 6
2018/2/14, 92, 46, 29, 22, 5, 5
2018/2/15, 78, 41, 33, 29, 7, 7
2018/2/16, 76, 44, 31, 12, 5, 5
2018/2/17, 58, 39, 25, 34, 5, 8
2018/2/18, 71, 60, 20, 49, 7, 12
2018/2/19, 124, 70, 24, 42, 7, 11
2018/2/20, 131, 44, 29, 32, 7, 7
2018/2/21, 66, 39, 33, 36, 6, 9
2018/2/22, 81, 51, 39, 24, 4, 8
2018/2/23, 114, 72, 32, 30, 10, 11
2018/2/24, 139, 49, 28, 31, 10, 12
2018/2/25, 104, 58, 35, 54, 9, 13
2018/2/26, 119, 76, 25, 66, 8, 17
2018/2/27, 155, 54, 34, 47, 6, 13
2018/2/28, 110, 41, 41, 19, 5, 9
2018/3/1, 91, 53, 37, 34, 4, 8
2018/3/2, 88, 50, 36, 39, 5, 6
2018/3/3, 96, 47, 42, 37, 5, 10
2018/3/4, 95, 19, 36, 31, 2, 12
2018/3/5, 30, 40, 27, 38, 4, 13
2018/3/6, 71, 26, 34, 21, 3, 20
2018/3/7, 65, 30, 30, 28, 4, 18
2018/3/8, 81, 64, 25, 33, 5, 6
2018/3/9, 142, 57, 35, 30, 4, 6
2018/3/10, 126, 58, 42, 29, 5, 5
2018/3/11, 129, 83, 47, 43, 5, 7
2018/3/12, 161, 39, 40, 25, 3, 4
2018/3/13, 80, 24, 36, 26, 3, 4
2018/3/14, 54, 29, 24, 26, 3, 6
2018/3/15, 73, 30, 28, 24, 2, 4
2018/3/16, 62, 33, 32, 24, 11, 4
2018/3/17, 65, 62, 26, 34, 6, 8
2018/3/18, 146, 37, 28, 29, 3, 8
2018/3/19, 111, 17, 34, 16, 3, 5
2018/3/20, 37, 18, 32, 35, 3, 3
2018/3/21, 40, 41, 39, 32, 7, 5
2018/3/22, 83, 69, 44, 46, 8, 6
2018/3/23, 147, 80, 58, 38, 6, 7
2018/3/24, 162, 91, 50, 26, 6, 8
2018/3/25, 171, 83, 50, 42, 4, 9
2018/3/26, 150, 76, 70, 34, 5, 7
2018/3/27, 151, 52, 46, 21, 3, 5
2018/3/28, 101, 62, 35, 40, 5, 7
2018/3/29, 129, 59, 45, 31, 7, 6
2018/3/30, 108, 65, 58, 31, 7, 6
2018/3/31, 121, 68, 40, 22, 4, 5
2017/10/1, 87, 27, 36, 13, 2, 4
2017/10/2, 51, 47, 32, 13, 4, 5
2017/10/3, 66, 37, 32, 15, 7, 4
2017/10/4, 64, 19, 31, 10, 5, 3
2017/10/5, 46, 17, 28, 13, 4, 3
2017/10/6, 41, 19, 29, 15, 4, 5
2017/10/7, 47, 25, 38, 15, 7, 5
2017/10/8, 56, 39, 37, 18, 6, 7
2017/10/9, 71, 37, 19, 21, 5, 6
2017/10/10, 72, 24, 18, 15, 3, 6
2017/10/11, 50, 22, 11, 23, 3, 6
2017/10/12, 67, 34, 17, 31, 3, 5
2017/10/13, 82, 31, 27, 26, 3, 4
2017/10/14, 72, 28, 29, 22, 3, 4
2017/10/15, 68, 36, 27, 26, 3, 4
2017/10/16, 67, 62, 31, 39, 4, 6
2017/10/17, 111, 37, 28, 23, 2, 3
2017/10/18, 65, 43, 30, 30, 4, 4
2017/10/19, 68, 56, 34, 40, 4, 5
2017/10/20, 84, 58, 29, 44, 3, 6
2017/10/21, 89, 56, 33, 29, 4, 4
2017/10/22, 89, 40, 34, 31, 4, 4
2017/10/23, 59, 59, 33, 44, 4, 5
2017/10/24, 98, 63, 30, 44, 3, 6
2017/10/25, 119, 73, 32, 46, 4, 6
2017/10/26, 126, 93, 33, 60, 5, 7
2017/10/27, 155, 69, 31, 48, 4, 6
2017/10/28, 112, 82, 30, 24, 3, 5
2017/10/29, 98, 50, 25, 29, 4, 4
2017/10/30, 63, 53, 25, 39, 4, 6
2017/10/31, 84, 49, 32, 29, 3, 5
2017/11/1, 92, 59, 34, 35, 3, 6
2017/11/2, 122, 52, 29, 28, 3, 5
2017/11/3, 96, 56, 27, 25, 3, 5
2017/11/4, 112, 56, 27, 30, 3, 7
2017/11/5, 116, 62, 23, 42, 4, 8
2017/11/6, 114, 50, 27, 39, 2, 6
2017/11/7, 99, 76, 31, 24, 5, 6
2017/11/8, 125, 61, 19, 44, 4, 5
2017/11/9, 96, 55, 26, 34, 4, 5
2017/11/10, 105, 65, 22, 22, 3, 4
2017/11/11, 61, 46, 21, 30, 4, 6
2017/11/12, 94, 52, 9, 37, 4, 7
2017/11/13, 100, 56, 23, 24, 4, 5
2017/11/14, 76, 39, 23, 22, 3, 3
2017/11/15, 59, 40, 18, 31, 5, 5
2017/11/16, 73, 59, 3, 45, 5, 8
2017/11/17, 107, 48, 20, 19, 3, 5
2017/11/18, 86, 27, 21, 21, 4, 6
2017/11/19, 57, 42, 19, 32, 4, 6
2017/11/20, 74, 55, 14, 47, 4, 8
2017/11/21, 101, 53, 1, 48, 5, 10
2017/11/22, 111, 29, 3, 40, 4, 8
2017/11/23, 59, 28, 12, 32, 3, 8
2017/11/24, 63, 38, 31, 24, 4, 7
2017/11/25, 76, 48, 26, 26, 2, 8
2017/11/26, 89, 61, 7, 47, 5, 10
2017/11/27, 108, 75, 12, 54, 5, 13
2017/11/28, 140, 61, 19, 30, 4, 8
2017/11/29, 97, 29, 22, 23, 4, 5
2017/11/30, 56, 33, 21, 27, 5, 7
2017/12/1, 58, 41, 16, 36, 4, 10
2017/12/2, 84, 45, 11, 35, 4, 9
2017/12/3, 103, 52, 22, 24, 5, 8
2017/12/4, 88, 34, 17, 26, 5, 9
2017/12/5, 50, 37, 12, 33, 4, 8
2017/12/6, 83, 50, 15, 31, 3, 7
2017/12/7, 97, 42, 16, 25, 4, 4
2017/12/8, 73, 39, 12, 32, 4, 5
2017/12/9, 75, 42, 23, 22, 3, 5
2017/12/10, 93, 49, 19, 15, 2, 3
2017/12/11, 50, 38, 15, 24, 3, 6
2017/12/12, 65, 43, 15, 33, 5, 6
2017/12/13, 70, 68, 7, 57, 5, 10
2017/12/14, 114, 67, 3, 73, 7, 11
2017/12/15, 144, 51, 17, 24, 5, 5
2017/12/16, 91, 41, 20, 25, 6, 6
2017/12/17, 69, 43, 17, 34, 6, 7
2017/12/18, 87, 48, 16, 27, 5, 7
2017/12/19, 82, 34, 12, 34, 3, 9
2017/12/20, 79, 54, 14, 50, 6, 11
2017/12/21, 116, 46, 13, 46, 5, 11
2017/12/22, 107, 65, 24, 42, 5, 11
2017/12/23, 137, 62, 27, 31, 4, 11
2017/12/24, 136, 37, 23, 20, 4, 7
2017/12/25, 70, 36, 21, 27, 4, 9
2017/12/26, 67, 34, 20, 28, 5, 9
2017/12/27, 60, 48, 10, 48, 6, 10
2017/12/28, 95, 73, 14, 53, 7, 8
2017/12/29, 152, 88, 19, 41, 6, 9
2017/12/30, 168, 61, 23, 20, 3, 5
2017/12/31, 113, 55, 19, 33, 7, 7
2017/7/1, 94, 25, 114, 11, 3, 3
2017/7/2, 58, 26, 120, 9, 3, 3
2017/7/3, 54, 35, 123, 14, 4, 4
2017/7/4, 54, 56, 80, 17, 4, 5
2017/7/5, 90, 49, 63, 21, 5, 6
2017/7/6, 92, 31, 21, 20, 2, 5
2017/7/7, 53, 24, 23, 13, 2, 4
2017/7/8, 44, 32, 34, 11, 2, 4
2017/7/9, 60, , , , , 
2017/9/23, 94, 58, 31, 16, 3, 5
2017/9/24, 115, , , , , 
2017/9/26, 93, 39, 72, 18, 4, 4
2017/9/27, 74, 34, 39, 13, 5, 5
2017/9/28, 56, 35, 35, 20, 4, 5
2017/9/29, 58, 38, 47, 27, 4, 5
2017/9/30, 70, 37, 28, 19, 3, 5
2017/4/1, 78, 46, 49, 21, 6, 6
2017/4/2, 107, 57, 51, 29, 7, 7
2017/4/3, 135, 54, 65, 33, 7, 7
2017/4/4, 116, 49, 31, 38, 5, 6
2017/4/5, 125, 27, 35, 16, 4, 3
2017/4/6, 70, 44, 45, 19, 4, 4
2017/4/7, 113, 46, 43, 15, 9, 5
2017/4/8, 123, 42, 37, 11, 5, 5
2017/4/9, 111, 26, 44, 11, 5, 3
2017/4/10, 57, 34, 51, 18, 6, 4
2017/4/11, 70, 63, 39, 15, 5, 5
2017/4/12, 62, 58, 63, 19, 6, 5
2017/4/13, 76, 56, 59, 16, 4, 4
2017/4/14, 77, 52, 56, 18, 5, 5
2017/4/15, 86, 53, 57, 22, 5, 4
2017/4/16, 96, 49, 28, 37, 6, 5
2017/4/17, 105, 43, 40, 21, 3, 5
2017/4/18, 81, 73, 39, 18, 6, 5
2017/4/19, 66, 71, 31, 37, 7, 5
2017/4/20, 84, 62, 55, 28, 8, 6
2017/4/21, 82, 60, 44, 25, 7, 5
2017/4/22, 99, 50, 66, 22, 6, 5
2017/4/23, 87, 47, 61, 25, 5, 5
2017/4/24, 74, 54, 63, 29, 6, 5
2017/4/25, 81, 54, 39, 18, 8, 4
2017/4/26, 90, 49, 42, 17, 7, 5
2017/4/27, 57, 53, 59, 17, 7, 5
2017/4/28, 73, 51, 53, 19, 6, 7
2017/4/29, 97, 72, 89, 14, 7, 6
2017/4/30, 124, 76, 85, 20, 8, 7
2017/5/1, 146, 68, 72, 28, 8, 7
2017/5/2, 112, 63, 76, 29, 8, 6
2017/5/3, 103, 63, 65, 27, 10, 7
2017/5/4, 118, 55, 54, 16, 9, 6
2017/5/5, 94, 144, 45, 11, 5, 5
2017/5/6, 74, 84, 52, 11, 5, 4
2017/5/7, 67, 133, 68, 20, 5, 5
2017/5/8, 120, 84, 41, 24, 5, 4
2017/5/9, 99, 32, 45, 15, 5, 5
2017/5/10, 71, 58, 59, 23, 4, 5
2017/5/11, 92, 50, 46, 20, 4, 5
2017/5/12, 103, 46, 53, 17, 4, 5
2017/5/13, 81, 48, 45, 10, 4, 4
2017/5/14, 62, 40, 41, 13, 4, 4
2017/5/15, 50, 35, 44, 15, 5, 4
2017/5/16, 63, 43, 56, 22, 10, 4
2017/5/17, 71, 50, 85, 29, 20, 5
2017/5/18, 93, 53, 71, 29, 22, 4
2017/5/19, 92, 46, 61, 28, 18, 5
2017/5/20, 77, 35, 64, 19, 15, 4
2017/5/21, 69, 40, 63, 21, 14, 4
2017/5/22, 80, 41, 39, 22, 11, 5
2017/5/23, 81, 35, 60, 22, 8, 17
2017/5/24, 80, 42, 62, 22, 7, 28
2017/5/25, 67, 26, 41, 13, 5, 29
2017/5/26, 40, 33, 55, 16, 5, 31
2017/5/27, 56, 42, 86, 15, 5, 23
2017/5/28, 75, 52, 91, 16, 5, 17
2017/5/29, 96, 51, 81, 24, 5, 17
2017/5/30, 98, 43, 41, 28, 5, 4
2017/5/31, 76, 43, 51, 17, 5, 4
2017/6/1, 94, 39, 41, 19, 8, 5
2017/6/2, 58, 33, 47, 14, 8, 5
2017/6/3, 55, 33, 60, 10, 6, 4
2017/6/4, 56, 37, 73, 14, 7, 5
2017/6/5, 68, 27, 38, 10, 3, 4
2017/6/6, 60, 24, 34, 15, 2, 4
2017/6/7, 54, 45, 70, 15, 4, 6
2017/6/8, 98, 52, 86, 14, 3, 5
2017/6/9, 103, 58, 83, 13, 5, 5
2017/6/10, 121, 42, 70, 17, 4, 4
2017/6/11, 70, 31, 54, 14, 7, 4
2017/6/12, 57, 43, 46, 19, 8, 5
2017/6/13, 74, 46, 73, 15, 5, 4
2017/6/14, 74, 45, 69, 16, 4, 4
2017/6/15, 78, 58, 105, 17, 5, 5
2017/6/16, 117, 43, 90, 15, 5, 5
2017/6/17, 83, 44, 89, 16, 8, 5
2017/6/18, 79, 54, 93, 21, 7, 6
2017/6/19, 105, 52, 84, 31, 11, 6
2017/6/20, 103, 49, 56, 17, 9, 4
2017/6/21, 110, 39, 66, 14, 6, 4
2017/6/22, 83, 48, 84, 21, 8, 5
2017/6/23, 92, 45, 41, 27, 8, 6
2017/6/24, 86, 45, 75, 19, 6, 6
2017/6/25, 86, 34, 54, 17, 3, 4
2017/6/26, 80, 39, 49, 20, 4, 4
2017/6/27, 83, 53, 81, 19, 6, 8
2017/6/28, 100, 53, 103, 18, 6, 7
2017/6/29, 105, 57, 107, 18, 7, 6
2017/6/30, 110, 48, 122, 22, 4, 4
2017/1/2, 155, 76, 29, 34, 6, 16
2017/1/3, 140, 59, 22, 45, 7, 17
2017/1/4, 115, 50, 23, 40, 7, 13
2017/1/5, 115, 31, 26, 28, 3, 6
2017/1/6, 66, 60, 14, 48, 5, 12
2017/1/7, 129, 46, 25, 33, 6, 9
2017/1/8, 76, 57, 31, 23, 7, 9
2017/1/9, 124, 37, 26, 19, 4, 6
2017/1/10, 69, 31, 24, 27, 4, 6
2017/1/11, 60, 41, 20, 33, 5, 8
2017/1/12, 91, 34, 20, 25, 4, 5
2017/1/13, 62, 55, 22, 11, 4, 4
2017/1/14, 59, 32, 19, 18, 5, 5
2017/1/15, 61, 52, 7, 46, 5, 9
2017/1/16, 99, 56, 8, 54, 8, 12
2017/1/17, 116, 74, 10, 49, 9, 15
2017/1/18, 154, 82, 15, 39, 5, 10
2017/1/19, 161, 49, 23, 20, 5, 7
2017/1/20, 115, 35, 22, 22, 3, 6
2017/1/21, 79, 63, 25, 10, 5, 6
2017/1/22, 84, 47, 23, 23, 6, 7
2017/1/23, 104, 50, 20, 39, 8, 10
2017/1/24, 95, 49, 21, 39, 6, 9
2017/1/25, 98, 54, 23, 40, 6, 9
2017/1/26, 124, 66, 31, 11, 4, 4
2017/1/27, 67, 40, 16, 25, 3, 5
2017/1/28, 73, 35, 6, 33, 3, 6
2017/1/29, 88, 35, 29, 13, 3, 3
2017/1/30, 83, 37, 15, 30, 4, 6
2017/1/31, 84, 31, 27, 25, 4, 5
2017/2/1, 69, 33, 23, 22, 6, 4
2017/2/2, 69, 53, 29, 38, 8, 9
2017/2/3, 114, 77, 12, 48, 5, 11
2017/2/4, 161, 71, 23, 32, 5, 9
2017/2/5, 147, 41, 31, 17, 5, 5
2017/2/6, 83, 45, 16, 35, 5, 6
2017/2/7, 93, 44, 18, 30, 6, 7
2017/2/8, 90, 48, 27, 14, 4, 3
2017/2/9, 60, 39, 27, 13, 3, 4
2017/2/10, 60, 31, 26, 13, 5, 4
2017/2/11, 64, 31, 28, 20, 4, 6
2017/2/12, 65, 39, 21, 34, 4, 9
2017/2/13, 89, 48, 30, 33, 6, 7
2017/2/14, 95, 56, 23, 43, 7, 8
2017/2/15, 109, 55, 34, 40, 7, 8
2017/2/16, 104, 44, 32, 17, 5, 5
2017/2/17, 60, 32, 29, 17, 5, 5
2017/2/18, 60, 43, 35, 21, 5, 6
2017/2/19, 76, 43, 33, 16, 5, 4
2017/2/20, 71, 49, 22, 33, 5, 7
2017/2/21, 89, 38, 16, 39, 4, 8
2017/2/22, 96, 33, 33, 15, 5, 5
2017/2/23, 69, 36, 31, 22, 6, 4
2017/2/24, 66, 40, 34, 28, 5, 6
2017/2/25, 76, 52, 36, 20, 6, 6
2017/2/26, 120, 49, 24, 40, 7, 8
2017/2/27, 91, 50, 39, 36, 7, 8
2017/2/28, 90, 54, 46, 36, 6, 6
2017/3/1, 120, 35, 34, 16, 6, 6
2017/3/2, 73, 44, 34, 27, 6, 5
2017/3/3, 73, 55, 36, 37, 8, 8
2017/3/4, 112, 59, 42, 29, 7, 7
2017/3/5, 138, 49, 33, 16, 4, 6
2017/3/6, 85, 39, 32, 16, 5, 5
2017/3/7, 63, 41, 32, 20, 5, 5
2017/3/8, 67, 55, 37, 21, 6, 5
2017/3/9, 84, 46, 36, 32, 7, 6
2017/3/10, 74, 60, 44, 41, 10, 8
2017/3/11, 112, 68, 65, 36, 9, 10
2017/3/12, 152, 62, 34, 25, 7, 7
2017/3/13, 131, 55, 37, 22, 6, 6
2017/3/14, 96, 47, 33, 31, 7, 6
2017/3/15, 89, 57, 37, 36, 9, 6
2017/3/16, 121, 65, 42, 38, 8, 7
2017/3/17, 137, 64, 50, 41, 9, 8
2017/3/18, 136, 69, 53, 39, 8, 8
2017/3/19, 160, 81, 32, 48, 7, 9
2017/3/20, 164, 65, 39, 23, 7, 7
2017/3/21, 125, 52, 38, 27, 7, 6
2017/3/22, 94, 64, 42, 35, 8, 7
2017/3/23, 134, 62, 41, 40, 9, 8
2017/3/24, 131, 55, 37, 28, 8, 6
2017/3/25, 120, 51, 43, 20, 7, 5
2017/3/26, 116, 62, 44, 20, 6, 7
2017/3/27, 147, 56, 42, 30, 6, 7
2017/3/28, 145, 42, 42, 24, 5, 5
2017/3/29, 96, 59, 45, 33, 6, 5
2017/3/30, 134, 47, 34, 31, 5, 5
2017/3/31, 128, 34, 38, 19, 5, 4
2016/10/1, 55, 26, 9, 26, 3, 5
2016/10/2, 55, 18, 32, 17, 4, 4
2016/10/3, 46, 31, 36, 28, 5, 4
2016/10/4, 59, 28, 32, 24, 5, 4
2016/10/5, 54, 40, 29, 26, 5, 7
2016/10/6, 67, 28, 29, 25, 5, 5
2016/10/7, 54, 19, 37, 14, 4, 4
2016/10/8, 48, 23, 31, 12, 3, 3
2016/10/9, 54, 41, 18, 28, 5, 4
2016/10/10, 67, 46, 31, 37, 5, 6
2016/10/11, 79, 52, 36, 35, 6, 9
2016/10/12, 86, 51, 21, 44, 5, 5
2016/10/13, 87, 69, 40, 51, 5, 7
2016/10/14, 121, 80, 45, 52, 4, 8
2016/10/15, 131, 55, 35, 26, 3, 5
2016/10/16, 101, 45, 37, 30, 4, 5
2016/10/17, 73, 64, 24, 35, 2, 6
2016/10/18, 86, 65, 49, 35, 6, 7
2016/10/19, 86, 62, 36, 41, 4, 6
2016/10/20, 99, 37, 30, 19, 2, 3
2016/10/21, 59, 43, 29, 24, 3, 4
2016/10/22, 60, 34, 21, 21, 3, 4
2016/10/23, 49, 27, 24, 22, 3, 4
2016/10/24, 45, 27, 21, 27, 2, 5
2016/10/25, 49, 47, 11, 35, 4, 7
2016/10/26, 67, 47, 17, 30, 3, 7
2016/10/27, 66, 35, 29, 24, 3, 4
2016/10/28, 57, 41, 27, 19, 4, 3
2016/10/29, 67, 37, 29, 21, 4, 4
2016/10/30, 63, 44, 19, 32, 4, 5
2016/10/31, 80, 31, 26, 22, 4, 3
2016/11/1, 52, 50, 25, 37, 6, 5
2016/11/2, 77, 52, 27, 36, 6, 7
2016/11/3, 96, 59, 37, 27, 4, 6
2016/11/4, 99, 61, 44, 26, 3, 6
2016/11/5, 102, 44, 31, 23, 2, 7
2016/11/6, 84, 38, 27, 20, 2, 5
2016/11/7, 74, 53, 29, 15, 3, 7
2016/11/8, 112, 51, 21, 34, 4, 7
2016/11/9, 98, 44, 12, 42, 3, 8
2016/11/10, 94, 51, 24, 31, 4, 8
2016/11/11, 79, 64, 31, 35, 4, 7
2016/11/12, 91, 56, 28, 34, 3, 7
2016/11/13, 83, 52, 23, 30, 4, 5
2016/11/14, 75, 53, 26, 20, 4, 4
2016/11/15, 69, 56, 12, 44, 5, 8
2016/11/16, 94, 78, 21, 53, 7, 10
2016/11/17, 144, 72, 16, 54, 5, 10
2016/11/18, 153, 38, 19, 22, 2, 7
2016/11/19, 74, 41, 28, 19, 4, 8
2016/11/20, 83, 64, 5, 45, 5, 10
2016/11/21, 110, 36, 27, 16, 3, 6
2016/11/22, 71, 45, 18, 22, 4, 5
2016/11/23, 66, 41, 24, 24, 5, 5
2016/11/24, 59, 55, 13, 43, 5, 10
2016/11/25, 88, 55, 7, 46, 4, 10
2016/11/26, 133, 52, 17, 31, 4, 8
2016/11/27, 124, 61, 22, 27, 6, 8
2016/11/28, 114, 50, 17, 45, 7, 8
2016/11/29, 85, 50, 9, 43, 5, 8
2016/11/30, 93, 49, 26, 27, 6, 6
2016/12/1, 81, 48, 18, 39, 6, 7
2016/12/2, 73, 61, 18, 44, 7, 9
2016/12/3, 110, 67, 7, 45, 6, 10
2016/12/4, 154, 68, 29, 33, 7, 8
2016/12/5, 151, 35, 24, 25, 5, 6
2016/12/6, 52, 54, 12, 40, 6, 8
2016/12/7, 86, 57, 20, 35, 5, 10
2016/12/8, 118, 49, 27, 21, 8, 7
2016/12/9, 71, 35, 22, 28, 5, 7
2016/12/10, 76, 43, 22, 32, 7, 8
2016/12/11, 94, 59, 9, 47, 9, 10
2016/12/12, 127, 63, 17, 47, 7, 11
2016/12/13, 138, 49, 18, 28, 7, 8
2016/12/14, 86, 41, 27, 21, 5, 6
2016/12/15, 65, 44, 30, 29, 7, 8
2016/12/16, 67, 47, 30, 35, 6, 10
2016/12/17, 82, 38, 22, 36, 4, 9
2016/12/18, 83, 36, 20, 34, 5, 9
2016/12/19, 79, 63, 22, 42, 5, 12
2016/12/20, 123, 45, 21, 40, 5, 11
2016/12/21, 80, 28, 26, 17, 3, 10
2016/12/22, 72, 39, 22, 15, 4, 11
2016/12/23, 80, 62, 18, 28, 6, 14
2016/12/24, 139, 73, 8, 40, 5, 17
2016/12/25, 142, 51, 7, 38, 5, 16
2016/12/26, 118, 41, 23, 17, 5, 10
2016/12/27, 78, 51, 13, 35, 7, 13
2016/12/28, 90, 39, 22, 27, 5, 11
2016/12/29, 63, 39, 16, 37, 6, 13
2016/12/30, 82, 42, 9, 38, 5, 11
2016/12/31, 103, 49, 23, 33, 5, 11
2017/1/1, 127, 71, 28, 36, 7, 14
2016/7/1, 40, 19, 39, 8, 5, 2
2016/7/2, 42, 29, 32, 9, 5, 3
2016/7/3, 60, 19, 26, 17, 4, 4
2016/7/4, 37, 17, 22, 8, 4, 2
2016/7/5, 35, 23, 38, 13, 6, 3
2016/7/6, 47, 43, 38, 23, 8, 4
2016/7/7, 65, 53, 93, 30, 6, 5
2016/7/8, 82, 52, 53, 24, 7, 4
2016/7/9, 85, 37, 51, 21, 9, 5
2016/7/10, 63, 44, 62, 27, 11, 4
2016/7/11, 75, 42, 58, 17, 7, 3
2016/7/12, 74, 35, 35, 24, 13, 4
2016/7/13, 70, 25, 29, 21, 6, 3
2016/7/14, 55, 34, 40, 22, 5, 5
2016/7/21, 59, 35, 57, 24, 4, 3
2016/7/22, 66, 37, 50, 18, 5, 3
2016/7/23, 70, 32, 31, 12, 5, 3
2016/7/24, 61, 37, 34, 16, 5, 3
2016/7/25, 68, 34, 25, 17, 4, 3
2016/7/26, 65, 33, 25, 17, 4, 3
2016/7/27, 65, 49, 57, 14, 5, 6
2016/7/28, 84, 58, 24, 29, 5, 8
2016/7/29, 123, , , , , 
2016/8/3, 62, 51, 123, 25, 3, 6
2016/8/4, 75, 52, 142, 22, 5, 5
2016/8/5, 84, 57, 138, 24, 5, 5
2016/8/6, 90, 47, 133, 20, 11, 6
2016/8/7, 91, 52, 106, 23, 5, 6
2016/8/8, 77, 46, 120, 27, 4, 6
2016/8/9, 76, 54, 89, 26, 7, 6
2016/8/10, 80, 50, 89, 26, 6, 5
2016/8/11, 74, 47, 60, 28, 10, 8
2016/8/12, 86, 51, 55, 19, 8, 5
2016/8/13, 81, 44, 46, 15, 8, 4
2016/8/14, 87, 47, 61, 20, 11, 7
2016/8/15, 79, 59, 85, 32, 13, 9
2016/8/16, 86, 64, 100, 29, 7, 10
2016/8/17, 97, 68, 108, 37, 8, 9
2016/8/18, 95, 64, 103, 32, 12, 9
2016/8/19, 120, 70, 87, 25, 7, 9
2016/8/20, 99, 41, 67, 23, 9, 9
2016/8/21, 59, 54, 88, 32, 14, 11
2016/8/22, 80, 46, 59, 29, 6, 8
2016/8/23, 71, 41, 74, 23, 5, 7
2016/8/24, 58, 44, 86, 27, 5, 8
2016/8/25, 71, 26, 26, 21, 4, 5
2016/8/26, 38, 23, 34, 23, 4, 8
2016/8/27, 36, 25, 25, 14, 3, 5
2016/8/28, 35, 29, 31, 23, 3, 8
2016/8/29, 40, 30, 28, 24, 4, 9
2016/8/30, 49, 27, 34, 18, 3, 10
2016/8/31, 42, 58, 87, 43, 4, 11
2016/9/1, 99, 37, 46, 29, 3, 9
2016/9/2, 74, 30, 54, 20, 4, 6
2016/9/3, 45, 42, 44, 23, 4, 6
2016/9/4, 59, 56, 53, 32, 7, 7
2016/9/5, 70, 51, 41, 31, 5, 7
2016/9/6, 85, 61, 58, 31, 7, 8
2016/9/7, 107, 55, 50, 32, 5, 9
2016/9/8, 87, 58, 59, 30, 7, 9
2016/9/9, 100, 57, 73, 30, 4, 8
2016/9/10, 87, 38, 48, 19, 4, 7
2016/9/11, 71, 44, 43, 28, 4, 5
2016/9/12, 76, 36, 48, 30, 3, 6
2016/9/13, 59, 41, 63, 24, 5, 6
2016/9/14, 74, 47, 53, 20, 4, 7
2016/9/15, 86, 50, 45, 21, 4, 5
2016/9/16, 91, 23, 24, 17, 3, 4
2016/9/17, 38, 20, 35, 17, 2, 7
2016/9/18, 46, 24, 28, 22, 3, 7
2016/9/19, 42, 29, 37, 25, 4, 5
2016/9/20, 42, 42, 38, 37, 5, 8
2016/9/21, 76, 44, 42, 37, 4, 8
2016/9/22, 78, 48, 51, 32, 5, 8
2016/9/23, 82, 58, 62, 29, 6, 8
2016/9/24, 92, 62, 51, 30, 4, 9
2016/9/25, 104, 49, 31, 43, 4, 8
2016/9/26, 87, 39, 13, 31, 4, 6
2016/9/27, 71, 44, 29, 37, 4, 6
2016/9/28, 64, 27, 19, 28, 3, 5
2016/9/29, 49, 23, 14, 30, 3, 3
2016/9/30, 46, 28, 13, 32, 4, 4
2016/4/1, 109, 65, 83, 43, 8, 6
2016/4/2, 97, 64, 46, 22, 5, 6
2016/4/3, 140, 36, 37, 21, 6, 5
2016/4/4, 53, 51, 46, 21, 7, 5
2016/4/5, 63, 63, 57, 38, 6, 6
2016/4/6, 96, 29, 49, 17, 4, 4
2016/4/7, 56, 61, 50, 23, 4, 5
2016/4/8, 96, 84, 54, 32, 3, 6
2016/4/9, 149, 86, 64, 17, 6, 8
2016/4/10, 153, 54, 45, 24, 4, 4
2016/4/11, 88, 50, 40, 27, 5, 4
2016/4/12, 75, 42, 37, 32, 4, 6
2016/4/13, 63, 64, 34, 27, 6, 6
2016/4/14, 110, 53, 24, 33, 5, 6
2016/4/15, 95, 55, 40, 39, 5, 5
2016/4/16, 83, 37, 46, 9, 4, 3
2016/4/17, 58, 41, 43, 26, 4, 4
2016/4/18, 57, 40, 42, 33, 5, 4
2016/4/19, 67, 55, 30, 54, 5, 5
2016/4/20, 76, 37, 39, 26, 4, 4
2016/4/21, 51, 62, 63, 25, 4, 5
2016/4/22, 83, 122, 44, 29, 6, 7
2016/4/23, 151, 142, 53, 24, 5, 5
2016/4/24, 152, 78, 38, 37, 5, 6
2016/4/25, 106, 67, 72, 49, 6, 5
2016/4/26, 91, 49, 53, 30, 3, 4
2016/4/27, 55, 46, 42, 29, 6, 4
2016/4/28, 43, 54, 56, 24, 4, 4
2016/4/29, 62, 67, 90, 20, 4, 4
2016/4/30, 78, 45, 74, 14, 3, 3
2016/5/1, 47, 49, 51, 35, 3, 4
2016/5/2, 51, 18, 37, 14, 3, 4
2016/5/3, 37, 51, 46, 16, 4, 3
2016/5/4, 48, 50, 54, 26, 4, 4
2016/5/5, 63, 38, 53, 17, 3, 4
2016/5/6, 56, 106, 43, 16, 6, 5
2016/5/7, 76, 55, 64, 20, 5, 5
2016/5/8, 63, 61, 63, 37, 6, 5
2016/5/9, 75, 38, 36, 22, 4, 5
2016/5/10, 61, 33, 54, 24, 6, 4
2016/5/11, 55, 30, 49, 25, 4, 5
2016/5/12, 57, 41, 58, 19, 4, 6
2016/5/13, 69, 46, 57, 26, 4, 6
2016/5/14, 59, 38, 46, 16, 4, 4
2016/5/15, 66, 32, 44, 17, 5, 7
2016/5/16, 54, 52, 71, 31, 6, 8
2016/5/17, 83, 61, 85, 40, 7, 10
2016/5/18, 111, 58, 96, 45, 5, 8
2016/5/19, 88, 62, 81, 39, 6, 8
2016/5/20, 88, 53, 59, 41, 5, 8
2016/5/21, 82, 49, 70, 26, 5, 6
2016/5/22, 94, 61, 83, 34, 8, 8
2016/5/23, 109, 41, 53, 18, 5, 6
2016/5/24, 72, 60, 72, 22, 4, 7
2016/5/25, 100, 72, 69, 26, 5, 7
2016/5/26, 141, 75, 70, 33, 11, 8
2016/5/27, 117, 67, 75, 24, 10, 8
2016/5/28, 101, 67, 77, 19, 9, 8
2016/5/29, 96, 69, 83, 26, 9, 8
2016/5/30, 114, 67, 65, 27, 6, 7
2016/5/31, 114, 58, 66, 28, 6, 8
2016/6/1, 78, 47, 82, 25, 8, 6
2016/6/2, 70, 54, 84, 28, 9, 6
2016/6/3, 80, 57, 39, 35, 10, 7
2016/6/4, 91, 44, 74, 21, 8, 6
2016/6/5, 77, 29, 50, 15, 5, 5
2016/6/6, 46, 37, 71, 19, 9, 5
2016/6/7, 60, 46, 50, 20, 10, 5
2016/6/8, 79, 57, 84, 23, 9, 5
2016/6/9, 86, 58, 81, 27, 8, 5
2016/6/10, 90, 42, 42, 15, 7, 4
2016/6/11, 74, 37, 25, 12, 5, 4
2016/6/12, 68, 66, 96, 19, 8, 8
2016/6/13, 96, 57, 64, 20, 8, 5
2016/6/14, 82, 39, 37, 20, 5, 4
2016/6/15, 75, 32, 53, 14, 4, 4
2016/6/16, 60, 46, 72, 19, 3, 5
2016/6/17, 85, 53, 82, 22, 4, 5
2016/6/18, 93, 51, 72, 16, 6, 5
2016/6/19, 94, 54, 94, 27, 4, 6
2016/6/20, 91, 63, 105, 30, 6, 5
2016/6/21, 102, 74, 64, 34, 6, 6
2016/6/22, 108, 51, 75, 23, 6, 6
2016/6/23, 72, 42, 54, 18, 6, 5
2016/6/24, 82, 33, 58, 11, 5, 6
2016/6/25, 58, 30, 53, 11, 7, 6
2016/6/26, 60, 40, 71, 23, 5, 6
2016/6/27, 65, 51, 97, 19, 7, 7
2016/6/28, 82, 46, 51, 19, 6, 6
2016/6/29, 73, 30, 33, 12, 4, 4
2016/6/30, 54, 25, 24, 16, 4, 3
2016/1/4, 100, 34, 20, 23, 7, 6
2016/1/5, 56, 57, 13, 36, 9, 9
2016/1/6, 101, 53, 22, 17, 10, 9
2016/1/7, 78, 42, 24, 25, 8, 7
2016/1/8, 59, 41, 23, 25, 7, 5
2016/1/9, 71, 42, 25, 29, 7, 7
2016/1/10, 84, 41, 21, 26, 8, 6
2016/1/11, 76, 48, 22, 33, 9, 7
2016/1/12, 85, 34, 24, 18, 6, 6
2016/1/13, 59, 49, 26, 32, 7, 10
2016/1/14, 69, 51, 18, 51, 7, 12
2016/1/15, 141, 66, 7, 57, 7, 15
2016/1/16, 163, 60, 20, 50, 7, 14
2016/1/17, 146, 47, 28, 19, 6, 9
2016/1/18, 83, 45, 26, 11, 6, 13
2016/1/19, 39, 42, 15, 36, 8, 12
2016/1/20, 99, 47, 17, 35, 8, 11
2016/1/21, 113, 42, 19, 36, 6, 7
2016/1/22, 95, 32, 27, 14, 4, 6
2016/1/23, 45, 32, 27, 9, 5, 9
2016/1/24, 60, 54, 20, 44, 7, 12
2016/1/25, 86, 59, 23, 56, 7, 10
2016/1/26, 117, 64, 26, 68, 8, 15
2016/1/27, 149, 71, 7, 67, 7, 14
2016/1/28, 157, 56, 9, 48, 8, 11
2016/1/29, 117, 44, 17, 47, 8, 10
2016/1/30, 102, 37, 27, 20, 6, 5
2016/1/31, 79, 36, 27, 18, 6, 5
2016/2/1, 64, 44, 25, 38, 7, 8
2016/2/2, 90, 51, 30, 53, 6, 9
2016/2/3, 110, 54, 29, 50, 7, 9
2016/2/4, 115, 50, 28, 31, 6, 5
2016/2/5, 75, 50, 28, 23, 6, 6
2016/2/6, 84, 44, 31, 24, 6, 8
2016/2/7, 85, 55, 47, 23, 6, 7
2016/2/8, 104, 53, 35, 14, 5, 5
2016/2/9, 80, 43, 31, 35, 4, 6
2016/2/10, 80, 45, 26, 40, 5, 7
2016/2/11, 81, 30, 26, 34, 4, 5
2016/2/12, 62, 16, 21, 27, 3, 6
2016/2/13, 23, 38, 27, 7, 2, 4
2016/2/14, 62, 38, 31, 11, 4, 4
2016/2/15, 38, 31, 29, 18, 3, 6
2016/2/16, 56, 34, 27, 29, 3, 6
2016/2/17, 49, 38, 42, 34, 4, 6
2016/2/18, 67, 63, 26, 43, 5, 9
2016/2/19, 125, 59, 31, 32, 5, 8
2016/2/20, 110, 30, 37, 12, 4, 5
2016/2/21, 40, 46, 26, 30, 3, 7
2016/2/22, 68, 51, 32, 19, 3, 6
2016/2/23, 93, 33, 31, 16, 5, 6
2016/2/24, 62, 42, 36, 31, 4, 7
2016/2/25, 73, 55, 35, 26, 4, 8
2016/2/26, 128, 61, 33, 29, 4, 10
2016/2/27, 148, 60, 26, 38, 4, 11
2016/2/28, 141, 43, 36, 13, 3, 5
2016/2/29, 77, 35, 36, 26, 3, 7
2016/3/1, 73, 33, 39, 38, 3, 7
2016/3/2, 64, 51, 37, 55, 4, 10
2016/3/3, 84, 62, 23, 52, 4, 9
2016/3/4, 127, 31, 25, 26, 3, 7
2016/3/5, 49, 76, 30, 18, 4, 8
2016/3/6, 93, 83, 14, 44, 6, 8
2016/3/7, 97, 66, 27, 30, 7, 5
2016/3/8, 88, 45, 28, 15, 4, 3
2016/3/9, 55, 37, 31, 16, 4, 4
2016/3/10, 45, 36, 34, 25, 5, 5
2016/3/11, 61, 47, 37, 38, 5, 5
2016/3/12, 69, 65, 43, 34, 5, 7
2016/3/13, 130, 62, 38, 39, 6, 6
2016/3/14, 146, 56, 41, 43, 9, 7
2016/3/15, 101, 61, 49, 45, 9, 7
2016/3/16, 112, 71, 38, 61, 8, 10
2016/3/17, 133, 59, 23, 54, 5, 8
2016/3/18, 113, 64, 42, 38, 7, 8
2016/3/19, 122, 63, 44, 31, 7, 8
2016/3/20, 114, 61, 41, 34, 8, 7
2016/3/21, 128, 59, 48, 37, 6, 7
2016/3/22, 126, 60, 41, 19, 5, 4
2016/3/23, 120, 43, 35, 26, 5, 4
2016/3/24, 70, 55, 38, 30, 5, 6
2016/3/25, 98, 60, 44, 34, 5, 6
2016/3/26, 124, 56, 53, 28, 7, 6
2016/3/27, 113, 58, 58, 38, 5, 7
2016/3/28, 107, 66, 72, 21, 4, 5
2016/3/29, 136, 62, 54, 22, 7, 6
2016/3/30, 114, 49, 48, 26, 6, 7
2016/3/31, 65, 66, 55, 51, 15, 8
2015/10/1, 44, 31, 28, 19, 3, 5
2015/10/2, 47, 30, 30, 21, 3, 7
2015/10/3, 74, 41, 52, 23, 6, 7
2015/10/4, 62, 30, 33, 24, 4, 6
2015/10/5, 78, 38, 37, 39, 5, 7
2015/10/6, 70, 51, 41, 51, 6, 8
2015/10/7, 106, 61, 35, 42, 9, 9
2015/10/8, 123, 33, 35, 18, 6, 5
2015/10/9, 46, 32, 27, 29, 6, 7
2015/10/10, 64, 16, 21, 17, 2, 7
2015/10/11, 45, 25, 25, 18, 5, 7
2015/10/12, 46, 38, 33, 26, 6, 7
2015/10/14, 98, 60, 49, 53, 9, 10
2015/10/15, 138, 75, 71, 43, 7, 9
2015/10/16, 159, 64, 58, 38, 6, 8
2015/10/17, 146, 72, 70, 33, 6, 7
2015/10/18, 157, 87, 60, 33, 8, 10
2015/10/19, 173, 100, 36, 41, 8, 11
2015/10/20, 185, 100, 55, 44, 8, 10
2015/10/21, 178, 89, 47, 32, 8, 9
2015/10/22, 179, 74, 42, 23, 7, 7
2015/10/24, 128, 38, 34, 20, 6, 7
2015/10/25, 79, 43, 29, 20, 6, 5
2015/10/26, 73, 40, 26, 15, 6, 5
2015/10/27, 70, 40, 28, 21, 5, 6
2015/10/28, 69, 34, 29, 20, 5, 5
2015/10/29, 61, 35, 23, 20, 6, 4
2015/10/30, 61, 37, 25, 30, 7, 6
2015/10/31, 82, 47, 14, 44, 6, 7
2015/11/1, 108, 54, 24, 45, 8, 9
2015/11/2, 129, 66, 40, 54, 8, 10
2015/11/3, 156, 71, 39, 61, 7, 11
2015/11/4, 158, 84, 39, 76, 9, 11
2015/11/5, 168, 64, 41, 49, 5, 9
2015/11/6, 100, 19, 31, 28, 6, 7
2015/11/7, 13, 16, 15, 23, 5, 7
2015/11/8, 18, 17, 21, 18, 5, 7
2015/11/9, 38, 68, 20, 29, 6, 12
2015/11/10, 167, 76, 9, 49, 6, 13
2015/11/11, 164, 42, 30, 36, 6, 11
2015/11/12, 89, 21, 36, 29, 6, 8
2015/11/13, 41, 30, 12, 26, 6, 8
2015/11/14, 64, 35, 26, 25, 10, 10
2015/11/15, 60, 42, 9, 38, 5, 11
2015/11/16, 75, 33, 8, 37, 6, 10
2015/11/17, 83, 18, 23, 30, 6, 9
2015/11/18, 44, 20, 18, 30, 6, 8
2015/11/19, 48, 41, 11, 32, 6, 11
2015/11/20, 125, 57, 12, 44, 7, 14
2015/11/21, 155, 58, 10, 38, 7, 17
2015/11/22, 141, 18, 9, 27, 5, 10
2015/11/23, 62, 37, 22, 26, 6, 10
2015/11/24, 106, 15, 21, 24, 6, 8
2015/11/25, 85, 28, 24, 20, 6, 10
2015/11/26, 77, 43, 19, 34, 6, 10
2015/11/27, 127, 42, 7, 38, 6, 11
2015/11/30, 122, 59, 13, 48, 8, 16
2015/12/1, 146, 53, 18, 36, 7, 14
2015/12/2, 135, 23, 22, 16, 6, 10
2015/12/3, 53, 41, 19, 31, 7, 12
2015/12/4, 102, 37, 21, 28, 7, 12
2015/12/5, 83, 43, 17, 31, 7, 13
2015/12/6, 107, 58, 5, 50, 10, 16
2015/12/7, 136, 56, 13, 43, 13, 18
2015/12/8, 123, 62, 9, 53, 9, 20
2015/12/9, 138, 44, 2, 48, 6, 15
2015/12/10, 125, 40, 16, 34, 5, 14
2015/12/11, 110, , , , , 
2015/12/14, 153, 42, 22, 30, 5, 13
2015/12/15, 121, 25, 22, 16, 4, 10
2015/12/16, 58, 28, 21, 18, 5, 11
2015/12/17, 63, 45, 5, 46, 8, 14
2015/12/18, 92, 71, 7, 51, 8, 17
2015/12/19, 145, 66, 10, 51, 7, 18
2015/12/20, 163, 56, 5, 52, 6, 17
2015/12/22, 161, 58, 5, 54, 8, 17
2015/12/23, 153, 72, 20, 46, 10, 16
2015/12/24, 159, 32, 27, 24, 7, 9
2015/12/25, 52, 63, 27, 35, 9, 12
2015/12/26, 118, 35, 22, 16, 8, 7
2015/12/27, 69, 42, 21, 20, 7, 7
2015/12/28, 57, 58, 10, 46, 8, 13
2015/12/29, 94, 58, 21, 53, 8, 13
2015/12/30, 124, , , , , 
2015/9/8, 43, 30, 37, 29, 5, 7
2015/9/9, 49, 21, 34, 20, 5, 7
2015/9/10, 53, 32, 44, 23, 5, 7
2015/9/11, 102, 40, 41, 31, 3, 6
2015/9/12, 60, 20, 37, 21, 3, 9
2015/9/13, 52, 21, 51, 16, 2, 8
2015/9/14, 67, 33, 51, 33, 3, 9
2015/9/15, 60, 24, 44, 33, 2, 9
2015/9/16, 54, 24, 39, 24, 3, 7
2015/9/17, 53, 22, 45, 23, 4, 7
2015/9/18, 58, 26, 53, 29, 3, 7
2015/9/19, 81, 36, 66, 28, 4, 7
2015/9/20, 98, 47, 77, 22, 6, 7
2015/9/21, 126, 55, 71, 34, 3, 8
2015/9/22, 101, 43, 72, 43, 3, 7
2015/9/23, 98, 49, 37, 47, 3, 6
2015/9/24, 78, 40, 30, 36, 4, 6
2015/9/25, 96, 45, 43, 34, 5, 6
2015/9/26, 129, 62, 59, 22, 4, 7
2015/9/27, 84, 47, 59, 21, 4, 6
2015/9/28, 69, 42, 43, 26, 3, 6
2015/9/29, 67, 37, 48, 26, 4, 6
2015/9/30, 47, 27, 31, 25, 3, 5
2015/1/5, 6, 66, , 35, 7, 17
2015/1/7, 151, 43, , 51, 31, 10
2015/1/8, 143, 49, 10, 49, 36, 12
2019/12/31, , 37, 14, 26, 4, 7
2019/6/20, , 51, 77, 28, 5, 6
2018/12/31, , 46, 27, 29, 7, 10
2019/3/27, , 68, 36, 37, 12, 10
2018/10/9, , 23, 24, 14, 5, 4
2018/12/26, , 40, 25, 18, 5, 6
2018/8/24, , 26, 46, 14, 4, 6
2017/9/22, , 60, 41, 22, 5, 6
2017/9/25, , 53, 55, 20, 8, 4
2016/7/15, , 17, 30, 16, 5, 5
2016/7/16, , 14, 28, 9, 5, 5
2016/7/17, , 28, 48, 17, 5, 6
2016/7/18, , 38, 75, 31, 6, 6
2016/7/19, , 43, 68, 23, 5, 5
2016/7/20, , 31, 55, 19, 5, 4
2016/7/31, , 26, 8, 8, 6, 5
2016/8/1, , 56, 22, 26, 5, 4
2016/8/2, , 33, 114, 22, 4, 5
2016/1/3, , 49, 28, 26, 8, 8
2015/10/13, , 52, 36, 31, 7, 8
2015/10/23, , 58, 33, 29, 6, 7
2015/11/28, , 49, 4, 35, 6, 15
2015/11/29, , 49, 18, 34, 8, 15
2015/12/13, , 37, 2, 45, 4, 16
2015/12/21, , 59, 6, 49, 8, 17
2015/7/1, , 46, 50, 29, 4, 5
2015/7/2, , 54, 50, 13, 5, 7
2015/7/3, , 67, 52, 31, 4, 6
2015/7/4, , 42, 53, 18, 5, 6
2015/7/5, , 47, 53, 18, 5, 6
2015/7/6, , 54, 73, 27, 8, 7
2015/7/7, , 56, 26, 32, 5, 5
2015/7/8, , 23, 28, 16, 2, 4
2015/7/9, , 21, 25, 16, 2, 3
2015/7/10, , 33, 44, 23, 3, 3
2015/7/11, , 43, 36, 22, 3, 3
2015/7/12, , 18, 12, 7, 2, 2
2015/7/13, , 41, 54, 15, 2, 4
2015/7/14, , 82, 75, 26, 4, 5
2015/7/15, , 74, 62, 30, 4, 5
2015/7/16, , 29, 32, 18, 3, 7
2015/7/17, , 31, 35, 18, 3, 8
2015/7/18, , 42, 30, 23, 4, 9
2015/7/19, , 52, 43, 13, 3, 6
2015/7/20, , 41, 21, 19, 3, 5
2015/7/21, , 45, 40, 19, 7, 5
2015/7/22, , 51, 45, 28, 6, 5
2015/7/23, , 44, 17, 29, 5, 4
2015/7/24, , 22, 20, 22, 4, 3
2015/7/25, , 33, 16, 18, 3, 3
2015/7/26, , 30, 25, 11, 3, 3
2015/7/27, , 46, 10, 20, 3, 3
2015/7/28, , 51, 31, 23, 4, 4
2015/7/29, , 49, 36, 26, 3, 4
2015/7/30, , 70, 54, 30, 4, 4
2015/7/31, , 52, 44, 22, 3, 3
2015/8/1, , 55, 42, 23, 4, 3
2015/8/2, , 39, 34, 12, 2, 3
2015/8/3, , 35, 26, 19, 4, 3
2015/8/4, , 18, 22, 16, 2, 4
2015/8/5, , 28, 36, 17, 2, 4
2015/8/6, , 36, 59, 16, 4, 5
2015/8/7, , 46, 94, 22, 5, 5
2015/8/8, , 43, 43, 26, 4, 6
2015/8/9, , 26, 46, 13, 6, 5
2015/8/10, , 30, 40, 18, 6, 7
2015/8/11, , 44, 34, 27, 5, 8
2015/8/12, , 32, 61, 26, 4, 7
2015/8/13, , 52, 57, 23, 5, 7
2015/8/14, , 38, 67, 21, 4, 6
2015/8/15, , 56, 67, 26, 4, 7
2015/8/16, , 59, 48, 16, 2, 7
2015/8/17, , 29, 61, 17, 2, 6
2015/8/18, , 28, 59, 18, 3, 5
2015/8/19, , 26, 32, 20, 3, 4
2015/8/20, , 23, 21, 22, 2, 5
2015/8/21, , 28, 46, 24, 6, 5
2015/8/22, , 41, 37, 33, 4, 6
2015/8/23, , 47, 69, 17, 3, 6
2015/8/24, , 38, 36, 29, 2, 6
2015/8/25, , 8, 17, 12, 2, 7
2015/8/26, , 14, 27, 16, 4, 8
2015/8/27, , 19, 43, 26, 6, 10
2015/8/28, , 28, 28, 39, 3, 10
2015/8/29, , 29, 57, 24, 3, 9
2015/8/30, , 38, 68, 19, 5, 9
2015/8/31, , 41, 50, 31, 3, 8
2015/9/1, , 29, 38, 23, 3, 7
2015/9/2, , 24, 31, 26, 3, 7
2015/9/3, , 24, 42, 25, 6, 6
2015/9/4, , 34, 49, 24, 7, 6
2015/9/5, , 36, 31, 25, 4, 6
2015/9/6, , 19, 30, 12, 3, 5
2015/9/7, , 20, 19, 18, 4, 7
2015/4/1, , 28, 34, 27, 6, 7
2015/4/2, , 36, 23, 25, 6, 5
2015/4/3, , 46, 37, 25, 5, 9
2015/4/4, , 36, 34, 30, 4, 6
2015/4/5, , 17, 18, 22, 5, 5
2015/4/6, , 56, 29, 25, 6, 5
2015/4/7, , 50, 32, 29, 8, 6
2015/4/8, , 49, 43, 37, 9, 7
2015/4/9, , 68, 51, 34, 10, 7
2015/4/10, , 75, 56, 35, 10, 13
2015/4/11, , 76, 44, 30, 7, 13
2015/4/12, , 67, 42, 20, 5, 7
2015/4/13, , 34, 28, 23, 4, 14
2015/4/14, , 38, 56, 27, 5, 10
2015/4/15, , 57, 52, 33, 5, 6
2015/4/16, , 73, 39, 35, 5, 6
2015/4/17, , 61, 35, 54, 5, 6
2015/4/18, , 63, 22, 28, 3, 5
2015/4/19, , 39, 39, 19, 5, 5
2015/4/20, , 18, 45, 33, 5, 6
2015/4/21, , 53, 59, 42, 8, 7
2015/4/22, , 68, 48, 48, 6, 7
2015/4/23, , 66, 62, 34, 8, 7
2015/4/24, , 72, 41, 35, 10, 7
2015/4/25, , 64, 83, 24, 6, 6
2015/4/26, , 62, 76, 31, 6, 5
2015/4/27, , 63, 37, 45, 6, 6
2015/4/28, , 62, 29, 25, 4, 5
2015/4/29, , 42, 46, 31, 6, 5
2015/4/30, , 46, 70, 28, 8, 6
2015/5/1, , 66, 55, 23, 7, 6
2015/5/2, , 62, 27, 15, 4, 4
2015/5/3, , 51, 35, 19, 7, 5
2015/5/4, , 56, 43, 20, 6, 4
2015/5/5, , 42, 50, 31, 7, 4
2015/5/6, , 46, 58, 35, 7, 4
2015/5/7, , 57, 51, 42, 6, 4
2015/5/8, , 60, 58, 24, 10, 5
2015/5/9, , 64, 60, 22, 8, 5
2015/5/10, , 60, 43, 32, 6, 4
2015/5/11, , 55, 48, 15, 5, 5
2015/5/12, , 41, 62, 19, 5, 3
2015/5/13, , 60, 64, 31, 5, 4
2015/5/14, , 60, 64, 28, 6, 8
2015/5/15, , 103, 62, 24, 6, 7
2015/5/16, , 66, 74, 25, 9, 7
2015/5/17, , 62, 52, 37, 6, 6
2015/5/18, , 59, 49, 25, 3, 4
2015/5/19, , 55, 37, 21, 5, 5
2015/5/20, , 46, 67, 28, 5, 5
2015/5/21, , 52, 81, 34, 8, 6
2015/5/22, , 64, 78, 28, 5, 4
2015/5/23, , 61, 57, 19, 11, 6
2015/5/24, , 43, 72, 31, 12, 7
2015/5/25, , 55, 68, 32, 11, 6
2015/5/26, , 62, 87, 37, 7, 5
2015/5/27, , 56, 87, 43, 10, 6
2015/5/28, , 65, 72, 34, 9, 5
2015/5/29, , 67, 39, 22, 7, 5
2015/5/30, , 53, 62, 18, 7, 6
2015/5/31, , 69, 61, 30, 7, 5
2015/6/1, , 72, 66, 35, 6, 4
2015/6/2, , 63, 41, 22, 6, 5
2015/6/3, , 59, 67, 36, 8, 5
2015/6/4, , 61, 39, 38, 4, 5
2015/6/5, , 47, 75, 28, 7, 3
2015/6/6, , 47, 76, 18, 8, 4
2015/6/7, , 47, 60, 32, 7, 3
2015/6/8, , 56, 63, 22, 8, 4
2015/6/9, , 65, 88, 32, 11, 5
2015/6/10, , 69, 46, 39, 5, 4
2015/6/11, , 66, 69, 32, 5, 4
2015/6/12, , 65, 77, 33, 9, 5
2015/6/13, , 86, 73, 15, 7, 4
2015/6/14, , 59, 77, 28, 7, 6
2015/6/15, , 63, 77, 24, 11, 7
2015/6/16, , 72, 59, 34, 5, 6
2015/6/17, , 72, 67, 22, 3, 5
2015/6/18, , 64, 64, 22, 5, 4
2015/6/19, , 50, 33, 20, 3, 4
2015/6/20, , 59, 61, 13, 5, 4
2015/6/21, , 47, 69, 28, 6, 6
2015/6/22, , 63, 79, 25, 6, 5
2015/6/23, , 55, 79, 33, 4, 5
2015/6/24, , 69, 34, 29, 2, 5
2015/6/25, , 58, 33, 12, 2, 4
2015/6/26, , 21, 58, 22, 2, 4
2015/6/27, , 36, 72, 15, 6, 5
2015/6/28, , 46, 78, 24, 5, 5
2015/6/29, , 48, 48, 31, 5, 5
2015/6/30, , 49, 47, 20, 3, 5
2015/1/3, , 39, , 30, 6, 13
2015/1/4, , 44, , 37, 7, 12
2015/1/6, , 43, , 14, 6, 10
2015/1/9, , 60, 19, 51, 9, 15
2015/1/10, , 45, 25, 30, 9, 13
2015/1/11, , 44, 19, 16, 9, 12
2015/1/12, , 52, 12, 25, 7, 12
2015/1/13, , 64, 11, 43, 8, 15
2015/1/14, , 74, 11, 52, 9, 16
2015/1/15, , 80, 16, 49, 14, 16
2015/1/16, , 74, 24, 31, 9, 15
2015/1/17, , 36, 18, 14, 7, 8
2015/1/18, , 35, 21, 21, 6, 10
2015/1/19, , 58, 17, 19, 10, 11
2015/1/20, , 52, 5, 31, 7, 11
2015/1/21, , 64, 12, 36, 7, 13
2015/1/22, , 57, 16, 35, 8, 12
2015/1/23, , 56, 23, 28, 7, 13
2015/1/24, , 56, 13, 31, 7, 12
2015/1/25, , 61, 19, 28, 6, 13
2015/1/26, , 53, 23, 22, 8, 12
2015/1/27, , 50, 15, 17, 10, 11
2015/1/28, , 51, 10, 23, 7, 10
2015/1/29, , 64, 24, 38, 7, 14
2015/1/30, , 43, 20, 16, 7, 11
2015/1/31, , 46, 23, 21, 9, 10
2015/2/1, , 46, 14, 24, 9, 12
2015/2/2, , 55, 10, 36, 8, 14
2015/2/3, , 67, 22, 46, 11, 16
2015/2/4, , 76, 31, 34, 14, 17
2015/2/5, , 72, 25, 24, 11, 10
2015/2/6, , 53, 24, 25, 8, 7
2015/2/7, , 53, 26, 26, 7, 8
2015/2/8, , 65, 21, 8, 3, 4
2015/2/9, , 41, 30, 13, 5, 4
2015/2/10, , 77, 32, 23, 13, 10
2015/2/11, , 73, 29, 41, 10, 10
2015/2/12, , 40, 29, 29, 6, 5
2015/2/13, , 37, 30, 41, 6, 5
2015/2/14, , 55, 41, 65, 7, 8
2015/2/15, , 72, 37, 67, 8, 10
2015/2/16, , 33, 31, 64, 4, 8
2015/2/17, , 65, 28, 36, 4, 9
2015/2/18, , 56, 34, 23, 6, 9
2015/2/19, , 53, 38, 29, 5, 8
2015/2/20, , 54, 23, 35, 4, 9
2015/2/21, , 31, 27, 31, 4, 7
2015/2/22, , 125, 24, 26, 4, 8
2015/2/23, , 362, 26, 29, 4, 7
2015/2/24, , 78, 25, 51, 7, 9
2015/2/25, , 62, 30, 49, 6, 10
2015/2/26, , 44, 28, 35, 5, 8
2015/2/27, , 44, 22, 41, 5, 6
2015/2/28, , 58, 30, 76, 5, 11
2015/3/1, , 92, 30, 35, 5, 9
2015/3/2, , 77, 40, 62, 5, 10
2015/3/3, , 64, 30, 60, 5, 10
2015/3/4, , 45, 28, 19, 4, 7
2015/3/5, , 54, 32, 34, 4, 7
2015/3/6, , 70, 31, 43, 9, 10
2015/3/7, , 55, 40, 55, 8, 11
2015/3/8, , 63, 32, 65, 10, 11
2015/3/9, , 63, 30, 54, 10, 10
2015/3/10, , 41, 37, 27, 3, 6
2015/3/11, , 46, 35, 48, 6, 8
2015/3/12, , 47, 49, 64, 5, 8
2015/3/13, , 58, 36, 62, 6, 8
2015/3/14, , 52, 39, 41, 7, 7
2015/3/15, , 54, 40, 24, 9, 6
2015/3/16, , 78, 35, 58, 11, 9
2015/3/17, , 108, 27, 82, 11, 14
2015/3/18, , 72, 35, 48, 5, 9
2015/3/19, , 40, 34, 25, 5, 6
2015/3/20, , 70, 59, 29, 7, 6
2015/3/21, , 102, 41, 24, 11, 9
2015/3/22, , 111, 34, 18, 8, 9
2015/3/23, , 50, 31, 16, 4, 4
2015/3/24, , 54, 34, 36, 9, 9
2015/3/25, , 56, 38, 38, 10, 7
2015/3/26, , 57, 52, 42, 12, 8
2015/3/27, , 58, 49, 50, 14, 9
2015/3/28, , 52, 40, 41, 10, 7
2015/3/29, , 65, 55, 21, 9, 8
2015/3/30, , 98, 29, 40, 6, 9
2015/3/31, , 87, 27, 61, 7, 10
2014/10/1, , 37, 29, 26, 4, 6
2014/10/2, , 43, 32, 22, 6, 9
2014/10/3, , 35, 30, 21, 3, 7
2014/10/4, , 35, 31, 13, 4, 4
2014/10/5, , 32, 28, 24, 4, 6
2014/10/6, , 38, 38, 26, 4, 8
2014/10/7, , 50, 42, 37, 5, 9
2014/10/8, , 55, 44, 38, 5, 8
2014/10/9, , 55, 38, 32, 5, 10
2014/10/10, , 53, 36, 23, 3, 6
2014/10/11, , 37, 29, 25, 4, 8
2014/10/12, , 42, 24, 19, 4, 8
2014/10/13, , 38, 26, 20, 5, 8
2014/10/14, , 35, 34, 31, 6, 9
2014/10/15, , 46, 30, 20, 4, 9
2014/10/16, , 47, 29, 26, 5, 10
2014/10/17, , 47, 24, 32, 8, 11
2014/10/18, , 57, 36, 33, 5, 11
2014/10/19, , 62, 17, 40, 4, 9
2014/10/20, , 41, 19, 21, 4, 8
2014/10/21, , 18, 25, 17, 4, 7
2014/10/22, , 25, 25, 29, 4, 8
2014/10/23, , 37, 25, 33, 5, 8
2014/10/24, , 50, 17, 38, 5, 9
2014/10/25, , 48, 31, 20, 4, 8
2014/10/26, , 42, 21, 32, 6, 6
2014/10/27, , 52, 17, 48, 5, 9
2014/10/28, , 65, 24, 54, 5, 10
2014/10/29, , 67, 19, 55, 5, 10
2014/10/30, , 72, 15, 45, 4, 8
2014/10/31, , 45, 17, 33, 5, 10
2014/11/1, , 41, 27, 16, 5, 9
2014/11/2, , 42, 23, 22, 6, 6
2014/11/3, , 38, 21, 41, 6, 8
2014/11/4, , 41, 25, 40, 7, 9
2014/11/5, , 47, 28, 45, 9, 10
2014/11/6, , 61, 18, 38, 7, 9
2014/11/7, , 48, 7, 42, 8, 10
2014/11/8, , 55, 29, 34, 7, 9
2014/11/9, , 56, 22, 51, 7, 13
2014/11/10, , 58, 26, 50, 9, 13
2014/11/11, , 66, 24, 24, 6, 7
2014/11/12, , 41, 23, 17, 5, 4
2014/11/13, , 57, 19, 40, 8, 6
2014/11/14, , 38, 19, 32, 10, 7
2014/11/15, , 39, 19, 34, 10, 9
2014/11/16, , 48, 24, 39, 8, 8
2014/11/17, , 47, 21, 43, 8, 8
2014/11/18, , 36, 17, 46, 7, 10
2014/11/19, , 53, 19, 56, 8, 12
2014/11/20, , 64, 15, 62, 8, 10
2014/11/21, , 57, 3, 54, 7, 10
2014/11/22, , 43, 3, 32, 5, 11
2014/11/23, , 42, 1, 41, 6, 12
2014/11/24, , 55, 13, 32, 6, 8
2014/11/25, , 34, 17, 43, 5, 9
2014/11/26, , 37, 17, 46, 6, 10
2014/11/27, , 52, 10, 38, 6, 10
2014/11/28, , 42, 23, 20, 5, 9
2014/11/29, , 32, 13, 21, 5, 8
2014/11/30, , 31, 23, 10, 4, 7
2014/12/1, , 39, 20, 11, 5, 5
2014/12/2, , 58, 14, 33, 6, 8
2014/12/3, , 36, 15, 22, 7, 8
2014/12/4, , 37, 17, 20, 7, 6
2014/12/5, , 40, 19, 18, 6, 7
2014/12/6, , 33, 14, 23, 8, 9
2014/12/7, , 41, 17, 30, 7, 10
2014/12/8, , 46, 16, 34, 8, 11
2014/12/9, , 47, 4, 41, 8, 11
2014/12/10, , 51, 19, 19, 7, 10
2014/12/11, , 52, 18, 24, 7, 9
2014/12/12, , 45, 19, 18, 7, 8
2014/12/13, , 33, 16, 23, 7, 10
2014/12/14, , 32, 7, 37, 7, 10
2014/12/15, , 46, 19, 14, 7, 9
2014/12/16, , 39, 21, 9, 5, 6
2014/12/17, , 26, 24, 19, 6, 8
2014/12/18, , 28, 4, 36, 7, 12
2014/12/19, , 49, 21, 22, 6, 10
2014/12/20, , 32, 16, 15, 6, 8
2014/12/21, , 27, 11, 26, 6, 13
2014/12/22, , 43, 6, 39, 8, 14
2014/12/23, , 51, 22, 30, 9, 13
2014/12/24, , 47, 24, 14, 6, 9
2014/12/25, , 33, 15, 24, 7, 11
2014/12/26, , 41, 7, 34, 8, 16
2014/12/27, , 58, 7, 39, 9, 17
2014/12/28, , 60, , , , 
2014/7/1, , 42, 69, 18, 4, 6
2014/7/2, , 66, 34, 18, 3, 5
2014/7/3, , 35, 73, 16, 3, 4
2014/7/4, , 28, 81, 16, 8, 6
2014/7/5, , 45, 32, 11, 3, 4
2014/7/6, , 25, 43, 16, 4, 4
2014/7/7, , 23, 38, 15, 4, 5
2014/7/8, , 34, 16, 15, 3, 5
2014/7/9, , 34, 43, 15, 7, 6
2014/7/10, , 38, 70, 18, 7, 7
2014/7/11, , 51, 59, 16, 5, 6
2014/7/12, , 62, 51, 10, 4, 5
2014/7/13, , 57, 68, 14, 4, 5
2014/7/14, , 63, 62, 18, 4, 6
2014/7/15, , 79, 68, 15, 4, 5
2014/7/16, , 52, 27, 14, 2, 4
2014/7/17, , 20, 39, 17, 1, 4
2014/7/18, , 13, 35, 8, 2, 3
2014/7/19, , 28, 58, 8, 6, 5
2014/7/20, , 39, 41, 14, 5, 6
2014/7/21, , 57, 14, 9, 2, 3
2014/7/22, , 19, 13, 15, 2, 4
2014/7/23, , 20, 27, 16, 3, 4
2014/7/24, , 30, 18, 11, 2, 3
2014/7/25, , 26, 61, 8, 3, 5
2014/7/26, , 31, 87, 11, 6, 7
2014/7/27, , 64, 65, 19, 4, 7
2014/7/28, , 61, 40, 15, 3, 6
2014/7/29, , 39, 32, 15, 3, 4
2014/7/30, , 34, 25, 16, 4, 3
2014/7/31, , 30, 26, 12, 3, 3
2014/8/1, , 16, 27, 7, 2, 3
2014/8/2, , 12, 24, 7, 3, 3
2014/8/3, , 8, 25, 12, 5, 4
2014/8/4, , 17, 54, 11, 4, 3
2014/8/5, , 36, 32, 15, 3, 4
2014/8/6, , 44, 25, 19, 2, 4
2014/8/7, , 18, 37, 14, 2, 5
2014/8/8, , 19, 49, 10, 3, 5
2014/8/9, , 26, 30, 9, 2, 7
2014/8/10, , 16, 38, 13, 6, 8
2014/8/11, , 23, 84, 15, 7, 9
2014/8/12, , 56, 27, 24, 4, 8
2014/8/13, , 82, 23, 20, 3, 8
2014/8/14, , 42, 43, 12, 3, 5
2014/8/15, , 40, 65, 14, 5, 6
2014/8/16, , 47, 10, 15, 3, 5
2014/8/17, , 47, 21, 16, 2, 4
2014/8/18, , 15, 14, 15, 3, 4
2014/8/19, , 27, 33, 16, 4, 4
2014/8/20, , 40, 19, 16, 3, 4
2014/8/21, , 29, 53, 15, 5, 6
2014/8/22, , 48, 51, 14, 5, 7
2014/8/23, , 65, 51, 13, 4, 6
2014/8/24, , 57, 24, 16, 3, 5
2014/8/25, , 33, 60, 13, 4, 4
2014/8/26, , 30, 30, 15, 3, 5
2014/8/27, , 20, 40, 15, 3, 4
2014/8/28, , 37, 37, 20, 3, 6
2014/8/29, , 35, 42, 16, 3, 5
2014/8/30, , 27, 32, 13, 3, 7
2014/8/31, , 22, 43, 19, 3, 6
2014/9/1, , 31, 22, 16, 3, 7
2014/9/2, , 22, 22, 14, 3, 7
2014/9/3, , 17, 41, 13, 5, 6
2014/9/4, , 24, 67, 20, 6, 7
2014/9/5, , 40, 93, 18, 4, 6
2014/9/6, , 53, 70, 16, 4, 7
2014/9/7, , 54, 61, 12, 5, 8
2014/9/8, , 58, 53, 13, 4, 7
2014/9/9, , 46, 51, 17, 3, 6
2014/9/10, , 31, 53, 23, 4, 7
2014/9/11, , 40, 26, 29, 4, 7
2014/9/12, , 54, 35, 18, 3, 5
2014/9/13, , 39, 37, 12, 4, 4
2014/9/14, , 31, 58, 20, 7, 7
2014/9/15, , 66, 50, 25, 6, 7
2014/9/16, , 53, 28, 28, 6, 8
2014/9/17, , 45, 26, 22, 4, 4
2014/9/18, , 35, 38, 24, 6, 5
2014/9/19, , 31, 42, 25, 4, 5
2014/9/20, , 33, 44, 19, 6, 5
2014/9/21, , 37, 47, 28, 4, 6
2014/9/22, , 46, 36, 24, 3, 5
2014/9/23, , 30, 28, 16, 3, 5
2014/9/24, , 21, 38, 30, 4, 6
2014/9/25, , 36, 26, 31, 3, 6
2014/9/26, , 37, 35, 26, 4, 5
2014/9/27, , 36, 34, 19, 5, 7
2014/9/28, , 46, 26, 25, 4, 8
2014/9/29, , 61, 30, 19, 3, 7
2014/9/30, , 44, 28, 20, 5, 5
2014/4/1, , 64, 69, 40, 13, 7
2014/4/2, , 59, 33, 36, 12, 7
2014/4/3, , 58, 40, 19, 9, 5
2014/4/4, , 29, 39, 26, 8, 5
2014/4/5, , 43, 47, 14, 8, 4
2014/4/6, , 35, 54, 24, 9, 5
2014/4/7, , 54, 67, 39, 15, 7
2014/4/8, , 54, 38, 34, 13, 8
2014/4/9, , 77, 62, 32, 12, 8
2014/4/10, , 77, 43, 32, 7, 6
2014/4/11, , 60, 39, 37, 6, 7
2014/4/12, , 65, 75, 30, 5, 6
2014/4/13, , 64, 70, 34, 9, 7
2014/4/14, , 58, 60, 33, 10, 7
2014/4/15, , 76, 70, 28, 14, 8
2014/4/16, , 99, 61, 42, 7, 7
2014/4/17, , 63, 65, 24, 6, 6
2014/4/18, , 59, 57, 21, 4, 5
2014/4/19, , 51, 77, 15, 6, 5
2014/4/20, , 42, 82, 27, 10, 7
2014/4/21, , 58, 83, 41, 10, 8
2014/4/22, , 62, 109, 36, 13, 7
2014/4/23, , 70, 96, 39, 10, 9
2014/4/24, , 89, 105, 43, 11, 8
2014/4/25, , 68, 65, 35, 9, 5
2014/4/26, , 54, 33, 23, 5, 5
2014/4/27, , 41, 44, 17, 3, 3
2014/4/28, , 17, 60, 19, 3, 4
2014/4/29, , 19, 48, 27, 3, 4
2014/4/30, , 30, 71, 23, 5, 5
2014/5/1, , 47, 87, 24, 6, 5
2014/5/2, , 64, 43, 17, 7, 5
2014/5/3, , 32, 44, 20, 5, 4
2014/5/4, , 40, 39, 14, 5, 4
2014/5/5, , 38, 40, 18, 6, 4
2014/5/6, , 40, 55, 16, 5, 4
2014/5/7, , 41, 45, 16, 3, 5
2014/5/8, , 44, 50, 30, 5, 5
2014/5/9, , 55, 53, 22, 3, 3
2014/5/10, , 38, 52, 12, 3, 2
2014/5/11, , 34, 52, 14, 4, 6
2014/5/12, , 41, 77, 24, 7, 6
2014/5/13, , 71, 88, 28, 9, 6
2014/5/14, , 69, 46, 16, 8, 5
2014/5/15, , 52, 51, 26, 14, 6
2014/5/16, , 55, 58, 30, 10, 6
2014/5/17, , 65, 85, 20, 13, 6
2014/5/18, , 72, 62, 28, 12, 6
2014/5/19, , 64, 52, 38, 11, 6
2014/5/20, , 70, 48, 20, 9, 5
2014/5/21, , 54, 59, 23, 8, 5
2014/5/22, , 57, 53, 22, 7, 6
2014/5/23, , 67, 61, 16, 6, 5
2014/5/24, , 67, 44, 14, 6, 5
2014/5/25, , 56, 45, 16, 8, 5
2014/5/26, , 65, 89, 18, 12, 5
2014/5/27, , 102, 87, 18, 9, 7
2014/5/28, , 102, 72, 19, 7, 7
2014/5/29, , 88, 76, 26, 7, 26
2014/5/30, , 65, 90, 24, 8, 4
2014/5/31, , 75, 59, 19, 9, 5
2014/6/1, , 69, 44, 25, 5, 4
2014/6/2, , 57, 42, 16, 3, 20
2014/6/3, , 25, 41, 9, 3, 4
2014/6/4, , 23, 40, 14, 4, 6
2014/6/5, , 24, 76, 15, 5, 18
2014/6/6, , 44, 80, 15, 7, 15
2014/6/7, , 53, 38, 8, 4, 8
2014/6/8, , 45, 49, 15, 7, 12
2014/6/9, , 62, 34, 19, 4, 17
2014/6/10, , 45, 37, 13, 2, 4
2014/6/11, , 27, 48, 16, 5, 5
2014/6/12, , 35, 53, 15, 3, 6
2014/6/13, , 45, 57, 13, 4, 5
2014/6/14, , 45, 68, 11, 5, 6
2014/6/15, , 45, 71, 20, 8, 6
2014/6/16, , 43, 76, 21, 5, 8
2014/6/17, , 75, 74, 14, 6, 8
2014/6/18, , 77, 47, 14, 6, 8
2014/6/19, , 68, 65, 19, 3, 7
2014/6/20, , 59, 34, 15, 2, 5
2014/6/21, , 37, 48, 10, 4, 5
2014/6/22, , 31, 42, 12, 6, 6
2014/6/23, , 47, 52, 15, 8, 8
2014/6/24, , 40, 64, 16, 6, 7
2014/6/25, , 46, 61, 15, 8, 6
2014/6/26, , 46, 58, 15, 7, 5
2014/6/27, , 42, 55, 9, 5, 5
2014/6/28, , 36, 64, 10, 4, 6
2014/6/29, , 40, 61, 16, 8, 6
2014/6/30, , 35, 90, 15, 6, 6
2014/1/1, , 87, 15, 34, 10, 8
2014/1/2, , 60, 6, 43, 12, 10
2014/1/3, , 57, 15, 30, 9, 6
2014/1/4, , 50, 15, 32, 7, 8
2014/1/5, , 46, 11, 41, 9, 11
2014/1/6, , 56, 6, 48, 10, 11
2014/1/7, , 73, 16, 40, 10, 11
2014/1/8, , 67, 21, 17, 3, 4
2014/1/9, , 20, 10, 32, 5, 6
2014/1/10, , 31, 17, 34, 7, 8
2014/1/11, , 44, 21, 33, 11, 10
2014/1/12, , 60, 16, 28, 6, 6
2014/1/13, , 35, 10, 41, 9, 10
2014/1/14, , 50, 13, 44, 10, 12
2014/1/15, , 67, 10, 42, 14, 12
2014/1/16, , 78, 10, 55, 18, 14
2014/1/17, , 103, 22, 29, 10, 8
2014/1/18, , 60, 18, 27, 8, 6
2014/1/19, , 52, 20, 26, 10, 8
2014/1/20, , 69, 24, 22, 12, 9
2014/1/21, , 67, 23, 35, 14, 10
2014/1/22, , 71, 17, 42, 14, 9
2014/1/23, , 54, 14, 43, 11, 9
2014/1/24, , 50, 18, 34, 10, 7
2014/1/25, , 49, 30, 21, 12, 5
2014/1/26, , 37, 13, 40, 12, 8
2014/1/27, , 50, 20, 37, 13, 7
2014/1/28, , 39, 13, 47, 11, 9
2014/1/29, , 57, 23, 38, 14, 10
2014/1/30, , 60, 27, 28, 8, 5
2014/1/31, , 35, 12, 34, 8, 7
2014/2/1, , 45, 21, 26, 7, 8
2014/2/2, , 45, 31, 17, 10, 5
2014/2/3, , 51, 31, 16, 10, 5
2014/2/4, , 36, 21, 29, 14, 7
2014/2/5, , 46, 17, 44, 14, 10
2014/2/6, , 59, 20, 38, 10, 10
2014/2/7, , 40, 23, 20, 4, 5
2014/2/8, , 17, 30, 17, 8, 5
2014/2/9, , 26, 31, 27, 7, 6
2014/2/10, , 36, 28, 21, 7, 5
2014/2/11, , 27, 28, 25, 6, 5
2014/2/12, , 30, 26, 37, 8, 7
2014/2/13, , 44, 27, 29, 7, 5
2014/2/14, , 35, 28, 36, 8, 7
2014/2/15, , 42, 28, 36, 11, 9
2014/2/16, , 62, 23, 47, 14, 11
2014/2/17, , 85, 36, 28, 9, 6
2014/2/18, , 41, 30, 26, 7, 5
2014/2/19, , 34, 35, 32, 14, 9
2014/2/20, , 62, 38, 36, 13, 8
2014/2/21, , 63, 50, 46, 15, 12
2014/2/22, , 89, 44, 41, 14, 12
2014/2/23, , 86, 45, 46, 22, 14
2014/2/24, , 113, 42, 51, 18, 14
2014/2/25, , 115, 33, 54, 15, 14
2014/2/26, , 106, 42, 39, 18, 12
2014/2/27, , 83, 36, 36, 15, 10
2014/2/28, , 86, 25, 37, 20, 10
2014/3/1, , 73, 38, 28, 11, 6
2014/3/2, , 44, 50, 42, 19, 9
2014/3/3, , 69, 37, 42, 17, 9
2014/3/4, , 72, 38, 16, 10, 6
2014/3/5, , 48, 36, 23, 12, 6
2014/3/6, , 39, 36, 23, 12, 6
2014/3/7, , 35, 33, 32, 13, 8
2014/3/8, , 46, 38, 19, 10, 7
2014/3/9, , 42, 33, 28, 12, 7
2014/3/10, , 41, 26, 32, 9, 8
2014/3/11, , 39, 7, 46, 8, 10
2014/3/12, , 42, 32, 30, 7, 9
2014/3/13, , 42, 41, 29, 9, 8
2014/3/14, , 58, 60, 28, 12, 7
2014/3/15, , 75, 57, 28, 13, 7
2014/3/16, , 72, 42, 25, 8, 5
2014/3/17, , 53, 47, 24, 15, 8
2014/3/18, , 106, 31, 32, 8, 6
2014/3/19, , 77, 41, 23, 11, 5
2014/3/20, , 55, 31, 27, 7, 4
2014/3/21, , 36, 38, 35, 10, 5
2014/3/22, , 50, 64, 28, 12, 6
2014/3/23, , 65, 50, 34, 10, 5
2014/3/24, , 56, 35, 25, 7, 4
2014/3/25, , 44, 31, 37, 9, 7
2014/3/26, , 60, 53, 38, 11, 8
2014/3/27, , 83, 60, 34, 8, 7
2014/3/28, , 71, 29, 33, 10, 6
2014/3/29, , 49, 71, 19, 9, 7
2014/3/30, , 45, 47, 34, 12, 8
2014/3/31, , 55, 47, 45, 11, 7
2018/8/23, , , 23, 12, 4, 5
2013/12/31, , , 22, 26, 9, 7