date, pm25, pm10, o3, no2, so2, co,country
2020/4/1, 139, 63, 34, 18, 6, ,heze
2020/4/2, 131, 81, 51, 20, 5, ,heze
2020/4/3, 163, 110, 59, 22, 10, ,heze
2020/4/4, 175, 113, 49, 15, 9, ,heze
2020/4/5, 142, 69, 55, 12, 9, ,heze
2020/4/6, 107, 76, 56, 13, 10, ,heze
2020/4/7, 125, 109, 49, 19, 10, ,heze
2020/4/8, 158, 76, 17, 13, 7, ,heze
2020/4/9, 143, 47, 27, 10, 3, ,heze
2020/4/10, 121, 58, 55, 11, 5, ,heze
2020/4/11, 121, 82, 44, 15, 9, ,heze
2020/4/12, 124, 91, 66, 17, 10, ,heze
2020/4/13, 137, 68, 67, 8, 7, ,heze
2020/4/14, 87, 70, 56, 9, 7, ,heze
2020/4/15, 113, 70, 58, 11, 6, ,heze
2020/4/16, 91, 97, 55, 16, 8, ,heze
2020/4/17, 117, 84, 60, 25, 8, ,heze
2020/4/18, 154, 60, 69, 9, 5, ,heze
2020/4/19, 144, 68, , 11, 4, ,heze
2020/4/20, 83, 81, , 21, 10, ,heze
2020/4/21, 117, 70, 27, 14, 9, ,heze
2020/4/22, 78, 74, 60, 18, 9, ,heze
2020/4/23, 110, 91, 48, 19, 9, ,heze
2020/4/24, 125, 98, 47, 14, 7, ,heze
2020/4/25, 109, 85, 55, 16, 9, ,heze
2020/4/26, 105, 57, 61, 11, 5, ,heze
2020/4/27, 82, 74, 72, 12, 6, ,heze
2020/4/28, 93, 78, 97, 14, 6, ,heze
2020/4/29, 126, 78, , , , ,heze
2020/3/1, 132, 63, 33, 14, 5, ,heze
2020/3/2, 134, 60, 32, 9, 4, ,heze
2020/3/3, 101, 54, 28, 16, 4, ,heze
2020/3/4, 86, 68, 40, 15, 5, ,heze
2020/3/5, 112, 81, 47, 12, 6, ,heze
2020/3/6, 155, 104, 57, 20, 8, ,heze
2020/3/7, 172, 106, 51, 18, 6, ,heze
2020/3/8, 171, 86, 23, 15, 3, ,heze
2020/3/9, 174, 70, 44, 13, 4, ,heze
2020/3/10, 142, 101, 43, 12, 5, ,heze
2020/3/11, 132, 95, 47, 12, 5, ,heze
2020/3/12, 118, 70, 30, 13, 6, ,heze
2020/3/13, 100, 71, 39, 12, 7, ,heze
2020/3/14, 104, 68, 39, 18, 12, ,heze
2020/3/15, 73, 87, 35, 12, 7, ,heze
2020/3/16, 117, 96, 46, 19, 9, ,heze
2020/3/17, 140, 99, 56, 13, 8, ,heze
2020/3/18, 116, 164, 46, 9, 5, ,heze
2020/3/19, 80, 137, 64, 11, 7, ,heze
2020/3/20, 105, 110, 66, 15, 10, ,heze
2020/3/21, 153, 90, 59, 15, 10, ,heze
2020/3/22, 132, 75, 56, 14, 9, ,heze
2020/3/23, 109, 72, 54, 12, 8, ,heze
2020/3/24, 102, 69, 28, 16, 6, ,heze
2020/3/25, 134, 73, 28, 11, 3, ,heze
2020/3/26, 127, 50, 33, 10, 5, ,heze
2020/3/27, 52, 62, 38, 17, 11, ,heze
2020/3/28, 84, 65, 41, 11, 5, ,heze
2020/3/29, 111, 62, 43, 10, 4, ,heze
2020/3/30, 115, 58, 36, 9, 5, ,heze
2020/3/31, 119, 84, 34, 18, 7, ,heze
2020/2/1, 217, 104, 42, 12, 9, ,heze
2020/2/2, 188, 70, 38, 8, 6, ,heze
2020/2/3, 153, 100, 34, 10, 5, ,heze
2020/2/4, 179, 61, 18, 9, 5, ,heze
2020/2/5, 132, 55, 19, 9, 4, ,heze
2020/2/6, 125, 50, 25, 6, 3, ,heze
2020/2/7, 116, 70, 32, 7, 3, ,heze
2020/2/8, 154, 106, 43, 9, 4, ,heze
2020/2/9, 202, 59, 43, 8, 3, ,heze
2020/2/10, 142, 57, 39, 9, 4, ,heze
2020/2/11, 131, 59, 34, 9, 3, ,heze
2020/2/12, 146, 59, 35, 8, 4, ,heze
2020/2/13, 136, 61, 20, 9, 4, ,heze
2020/2/14, 135, 35, 28, 6, 4, ,heze
2020/2/15, 74, 48, 35, 8, 6, ,heze
2020/2/16, 87, 47, 37, 8, 7, ,heze
2020/2/17, 94, 55, 42, 5, 4, ,heze
2020/2/18, 93, 53, 41, 6, 5, ,heze
2020/2/19, 102, 78, 43, 10, 6, ,heze
2020/2/20, 160, 98, 41, 8, 6, ,heze
2020/2/21, 151, 74, 37, 13, 4, ,heze
2020/2/22, 93, 85, 57, 9, 4, ,heze
2020/2/23, 126, 97, 48, 20, 5, ,heze
2020/2/24, 167, 79, 24, 11, 2, ,heze
2020/2/25, 165, 80, 19, 11, 5, ,heze
2020/2/26, 158, 64, 24, 13, 5, ,heze
2020/2/27, 134, 45, 34, 10, 3, ,heze
2020/2/28, 114, 40, 34, 7, 2, ,heze
2020/2/29, 96, 62, 33, 13, 3, ,heze
2020/1/1, 135, 123, 17, 26, 9, ,heze
2020/1/2, 186, 162, 20, 29, 14, ,heze
2020/1/3, 237, 157, 26, 29, 11, ,heze
2020/1/4, 240, 131, 24, 23, 6, ,heze
2020/1/5, 231, 87, 9, 25, 4, ,heze
2020/1/6, 173, 53, 17, 18, 4, ,heze
2020/1/7, 134, 81, 24, 23, 5, ,heze
2020/1/8, 173, 107, 20, 30, 6, ,heze
2020/1/9, 199, 150, 26, 31, 10, ,heze
2020/1/10, 246, 231, 18, 29, 11, ,heze
2020/1/11, 306, 106, 22, 26, 10, ,heze
2020/1/12, 181, 132, 22, 25, 9, ,heze
2020/1/13, 210, 145, 28, 24, 10, ,heze
2020/1/14, 227, 125, 20, 27, 10, ,heze
2020/1/15, 200, 147, 27, 24, 11, ,heze
2020/1/16, 235, 120, 26, 19, 7, ,heze
2020/1/17, 201, 114, 29, 15, 6, ,heze
2020/1/18, 195, 134, 32, 20, 8, ,heze
2020/1/19, 214, 132, 27, 20, 8, ,heze
2020/1/20, 197, 137, 26, 18, 11, ,heze
2020/1/21, 207, 164, 29, 17, 10, ,heze
2020/1/22, 265, 133, 28, 15, 5, ,heze
2020/1/23, 222, 153, 24, 12, 5, ,heze
2020/1/24, 233, 140, 28, 12, 12, ,heze
2020/1/25, 236, 134, 25, 10, 11, ,heze
2020/1/26, 231, 88, 34, 8, 6, ,heze
2020/1/27, 171, 68, 39, 9, 9, ,heze
2020/1/28, 160, 99, 39, 11, 15, ,heze
2020/1/29, 187, 109, 45, 10, 6, ,heze
2020/1/30, 206, 89, 46, 8, 4, ,heze
2020/1/31, 177, 121, 44, 10, 8, ,heze
2019/10/1, 111, 80, 76, 16, 4, ,heze
2019/10/2, 133, 93, 98, 20, 3, ,heze
2019/10/3, 141, 61, 44, 11, 3, ,heze
2019/10/4, 122, 38, 34, 10, 4, ,heze
2019/10/5, 61, 46, 23, 20, 6, ,heze
2019/10/6, 92, 51, 37, 15, 4, ,heze
2019/10/7, 107, 88, 45, 23, 4, ,heze
2019/10/8, 163, 77, 32, 20, 5, ,heze
2019/10/9, 135, 44, 32, 12, 3, ,heze
2019/10/10, 98, 61, 26, 13, 4, ,heze
2019/10/11, 132, 64, 23, 17, 4, ,heze
2019/10/12, 136, 81, 60, 20, 7, ,heze
2019/10/13, 143, 62, 26, 12, 5, ,heze
2019/10/14, 73, 66, 32, 23, 9, ,heze
2019/10/15, 87, 71, 18, 27, 9, ,heze
2019/10/16, 121, 91, 36, 25, 14, ,heze
2019/10/17, 154, 109, 52, 28, 11, ,heze
2019/10/18, 170, 93, 76, 19, 6, ,heze
2019/10/19, 158, 96, 65, 21, 7, ,heze
2019/10/20, 160, 134, 76, 26, 13, ,heze
2019/10/21, 200, 115, 21, 31, 9, ,heze
2019/10/22, 183, 93, 60, 24, 7, ,heze
2019/10/23, 168, 104, 50, 16, 7, ,heze
2019/10/24, 164, 59, 23, 14, 6, ,heze
2019/10/25, 65, 81, 29, 20, 14, ,heze
2019/10/26, 113, 87, 45, 19, 10, ,heze
2019/10/27, 139, 359, 32, 21, 7, ,heze
2019/10/28, 174, 344, 38, 29, 12, ,heze
2019/10/29, 178, 252, 47, 25, 11, ,heze
2019/10/30, 173, 124, 50, 33, 13, ,heze
2019/10/31, 157, 168, 28, 46, 22, ,heze
2019/11/1, 190, 155, 89, 24, 13, ,heze
2019/11/2, 182, 115, 33, 18, 9, ,heze
2019/11/3, 179, 64, 37, 15, 6, ,heze
2019/11/4, 98, 95, 60, 23, 11, ,heze
2019/11/5, 159, 112, 55, 31, 17, ,heze
2019/11/6, 175, 124, 36, 31, 13, ,heze
2019/11/7, 178, 120, 49, 23, 12, ,heze
2019/11/8, 162, 129, 64, 15, 8, ,heze
2019/11/9, 181, 112, 36, 13, 6, ,heze
2019/11/10, 117, 125, 34, 28, 14, ,heze
2019/11/11, 136, 142, 52, 34, 19, ,heze
2019/11/12, 168, 86, 30, 17, 8, ,heze
2019/11/13, 96, 99, 31, 20, 10, ,heze
2019/11/14, 104, 110, 21, 29, 12, ,heze
2019/11/15, 146, 137, 17, 29, 12, ,heze
2019/11/16, 186, 80, 20, 19, 6, ,heze
2019/11/17, 154, 169, 24, 13, 6, ,heze
2019/11/18, 131, 143, 26, 21, 8, ,heze
2019/11/19, 145, 103, 26, 22, 7, ,heze
2019/11/20, 137, 99, 26, 18, 10, ,heze
2019/11/21, 147, 106, 31, 21, 15, ,heze
2019/11/22, 162, 123, 25, 28, 8, ,heze
2019/11/23, 194, 126, 21, 17, 6, ,heze
2019/11/24, 156, 56, 25, 18, 7, ,heze
2019/11/25, 63, 85, 16, 25, 11, ,heze
2019/11/26, 146, 94, 13, 28, 10, ,heze
2019/11/27, 153, 67, 26, 24, 9, ,heze
2019/11/28, 99, 99, 16, 27, 14, ,heze
2019/11/29, 157, 88, 16, 27, 9, ,heze
2019/11/30, 164, 103, 24, 24, 8, ,heze
2019/12/1, 174, 94, 22, 24, 9, ,heze
2019/12/2, 151, 82, 22, 25, 13, ,heze
2019/12/3, 124, 88, 25, 30, 17, ,heze
2019/12/4, 141, 114, 15, 36, 25, ,heze
2019/12/5, 173, 78, 20, 19, 9, ,heze
2019/12/6, 154, 114, 16, 23, 4, ,heze
2019/12/7, 194, 139, 32, 20, 7, ,heze
2019/12/8, 224, 169, 20, 31, 11, ,heze
2019/12/9, 248, 136, 26, 25, 10, ,heze
2019/12/10, 204, 135, 24, 29, 12, ,heze
2019/12/11, 207, 98, 19, 26, 12, ,heze
2019/12/12, 160, 117, 23, 27, 12, ,heze
2019/12/13, 182, 110, 10, 30, 15, ,heze
2019/12/14, 173, 74, 3, 24, 9, ,heze
2019/12/15, 152, 68, 3, 22, 4, ,heze
2019/12/16, 158, 84, 15, 18, 5, ,heze
2019/12/17, 163, 72, 14, 22, 10, ,heze
2019/12/18, 135, 112, 15, 25, 8, ,heze
2019/12/19, 182, 109, 16, 24, 9, ,heze
2019/12/20, 178, 101, 24, 22, 10, ,heze
2019/12/21, 181, 126, 20, 23, 9, ,heze
2019/12/22, 209, 148, 12, 19, 5, ,heze
2019/12/23, 225, 125, 16, 24, 9, ,heze
2019/12/24, 209, 97, 6, 18, 5, ,heze
2019/12/25, 181, 96, 25, 24, 6, ,heze
2019/12/26, 175, 85, 26, 19, 5, ,heze
2019/12/27, 134, 87, 29, 17, 6, ,heze
2019/12/28, 156, 76, 31, 18, 6, ,heze
2019/12/29, 145, 76, , , , ,heze
2019/7/1, 79, 69, 97, 16, 7, ,heze
2019/7/2, 97, 69, 112, 13, 6, ,heze
2019/7/3, 102, 75, 100, 13, 7, ,heze
2019/7/4, 111, 67, 89, 10, 5, ,heze
2019/7/5, 104, 55, 67, 8, 4, ,heze
2019/7/6, 66, 41, 67, 9, 6, ,heze
2019/7/7, 62, 59, 66, 11, 6, ,heze
2019/7/8, 113, 73, 74, 19, 7, ,heze
2019/7/9, 116, 71, 72, 13, 7, ,heze
2019/7/10, 134, 72, 86, 13, 6, ,heze
2019/7/11, 146, 66, 71, 13, 4, ,heze
2019/7/12, 111, 50, 82, 10, 5, ,heze
2019/7/13, 85, 56, 88, 12, 4, ,heze
2019/7/14, 83, 61, 99, 11, 4, ,heze
2019/7/15, 95, 76, 106, 16, 8, ,heze
2019/7/16, 132, 73, 77, 10, 8, ,heze
2019/7/17, 137, 64, 94, 12, 7, ,heze
2019/7/18, 117, 64, 63, 12, 7, ,heze
2019/7/19, 89, 58, 65, 10, 5, ,heze
2019/7/20, 89, 82, 103, 12, 5, ,heze
2019/7/21, 151, 68, 85, 9, 4, ,heze
2019/7/22, 105, 59, 86, 8, 4, ,heze
2019/7/23, 99, 62, 114, 10, 4, ,heze
2019/7/24, 100, 55, 81, 10, 4, ,heze
2019/7/25, 89, 53, 81, 9, 4, ,heze
2019/7/26, 86, 29, 48, 6, 4, ,heze
2019/7/27, 43, 33, 67, 6, 3, ,heze
2019/7/28, 65, 53, 57, 7, 3, ,heze
2019/7/29, 78, 21, 49, 6, 3, ,heze
2019/7/30, 45, 31, 42, 6, 4, ,heze
2019/7/31, 45, 38, 43, 12, 4, ,heze
2019/8/1, 62, 35, 43, 13, 4, ,heze
2019/8/2, 80, 52, 56, 8, 4, ,heze
2019/8/3, 111, 56, 38, 10, 4, ,heze
2019/8/4, 102, 45, 45, 8, 4, ,heze
2019/8/5, 68, 53, 49, 11, 4, ,heze
2019/8/6, 91, 26, 41, 10, 3, ,heze
2019/8/7, 65, 54, 56, 13, 4, ,heze
2019/8/8, 113, 65, 40, 14, 5, ,heze
2019/8/9, 108, 35, 47, 7, 4, ,heze
2019/8/10, 64, 20, 27, 4, 3, ,heze
2019/8/11, 49, 16, 40, 4, 3, ,heze
2019/8/12, 43, 26, 43, 6, 6, ,heze
2019/8/13, 47, 49, 57, 13, 6, ,heze
2019/8/14, 73, 52, 77, 11, 8, ,heze
2019/8/15, 87, 60, 72, 8, 6, ,heze
2019/8/16, 95, 50, 76, 15, 9, ,heze
2019/8/17, 63, 79, 102, 25, 18, ,heze
2019/8/18, 97, 66, 95, 14, 8, ,heze
2019/8/19, 96, 53, 66, 12, 6, ,heze
2019/8/20, 72, 49, 64, 14, 5, ,heze
2019/8/21, 100, 64, 89, 14, 7, ,heze
2019/8/22, 119, 71, 85, 19, 12, ,heze
2019/8/23, 113, 92, 117, 21, 11, ,heze
2019/8/24, 153, 85, 93, 18, 10, ,heze
2019/8/25, 151, 66, 57, 11, 8, ,heze
2019/8/26, 118, 70, 45, 12, 9, ,heze
2019/8/27, 139, 66, 73, 14, 7, ,heze
2019/8/28, 110, 61, 49, 19, 8, ,heze
2019/8/29, 67, 69, 85, 20, 8, ,heze
2019/8/30, 79, 62, 77, 23, 12, ,heze
2019/8/31, 83, 69, 69, 19, 6, ,heze
2019/9/1, 90, 63, 61, 15, 4, ,heze
2019/9/2, 102, 72, 84, 18, 6, ,heze
2019/9/3, 127, 55, 85, 11, 5, ,heze
2019/9/4, 91, 63, 73, 14, 7, ,heze
2019/9/5, 103, 83, 116, 22, 7, ,heze
2019/9/6, 137, 78, 98, 15, 8, ,heze
2019/9/7, 138, 80, 105, 15, 10, ,heze
2019/9/8, 137, 103, 121, 26, 15, ,heze
2019/9/9, 160, 98, 50, 21, 14, ,heze
2019/9/10, 161, 44, 20, 12, 6, ,heze
2019/9/11, 67, 49, 20, 13, 4, ,heze
2019/9/12, 101, 56, 40, 10, 6, ,heze
2019/9/13, 116, 53, 44, 13, 12, ,heze
2019/9/14, 85, 34, 31, 13, 6, ,heze
2019/9/15, 66, 41, 63, 10, 4, ,heze
2019/9/16, 79, 72, 34, 16, 11, ,heze
2019/9/17, 136, 75, 87, 16, 9, ,heze
2019/9/18, 129, 84, 28, 29, 11, ,heze
2019/9/19, 103, 86, 41, 24, 8, ,heze
2019/9/20, 136, 88, 81, 18, 13, ,heze
2019/9/21, 137, 80, 82, 16, 10, ,heze
2019/9/22, 135, 90, 98, 26, 8, ,heze
2019/9/23, 141, 108, 94, 31, 10, ,heze
2019/9/24, 143, 96, 97, 31, 16, ,heze
2019/9/25, 145, 97, 98, 25, 14, ,heze
2019/9/26, 146, 73, 89, 11, 4, ,heze
2019/9/27, 103, 80, 95, 11, 4, ,heze
2019/9/28, 120, 78, 100, 11, 4, ,heze
2019/9/29, 117, 74, 85, 10, 4, ,heze
2019/9/30, 106, 68, 75, 10, 12, ,heze
2019/4/1, 138, 108, 63, 21, 14, ,heze
2019/4/2, 163, 109, 82, 22, 15, ,heze
2019/4/3, 167, 109, 102, 15, 9, ,heze
2019/4/4, 162, 109, 91, 16, 12, ,heze
2019/4/5, 167, 133, 45, 12, 7, ,heze
2019/4/6, 147, 122, 81, 16, 11, ,heze
2019/4/7, 146, 117, 30, 18, 12, ,heze
2019/4/8, 158, 48, 32, 13, 4, ,heze
2019/4/9, 95, 63, 50, 14, 5, ,heze
2019/4/10, 127, 85, 59, 19, 11, ,heze
2019/4/11, 155, 104, 47, 26, 8, ,heze
2019/4/12, 166, 80, 73, 16, 10, ,heze
2019/4/13, 152, 70, 52, 16, 6, ,heze
2019/4/14, 83, 80, 65, 18, 18, ,heze
2019/4/15, 118, 68, 61, 14, 6, ,heze
2019/4/16, 108, 91, 54, 11, 5, ,heze
2019/4/17, 106, 119, 69, 11, 9, ,heze
2019/4/18, 117, 85, 27, 17, 11, ,heze
2019/4/19, 97, 95, 76, 20, 12, ,heze
2019/4/20, 139, 96, 37, 16, 8, ,heze
2019/4/21, 164, 68, 28, 15, 8, ,heze
2019/4/22, 129, 51, 33, 11, 4, ,heze
2019/4/23, 110, 60, 54, 12, 5, ,heze
2019/4/24, 122, 47, 37, 8, 3, ,heze
2019/4/25, 79, 62, 45, 14, 6, ,heze
2019/4/26, 119, 66, 39, 20, 6, ,heze
2019/4/27, 123, 61, 58, 12, 7, ,heze
2019/4/28, 136, 62, 58, 11, 4, ,heze
2019/4/29, 141, 155, 46, 13, 6, ,heze
2019/4/30, 129, 90, 54, 26, 11, ,heze
2019/5/1, 98, 103, 77, 24, 10, ,heze
2019/5/2, 124, 88, 89, 15, 12, ,heze
2019/5/3, 120, 97, 50, 23, 14, ,heze
2019/5/4, 144, 138, 89, 25, 18, ,heze
2019/5/5, 154, 83, 53, 16, 8, ,heze
2019/5/6, 96, 92, 67, 22, 10, ,heze
2019/5/7, 133, 85, 51, 17, 7, ,heze
2019/5/8, 109, 82, 71, 19, 7, ,heze
2019/5/9, 120, 83, 85, 14, 8, ,heze
2019/5/10, 122, 74, 82, 23, 5, ,heze
2019/5/11, 106, 92, 86, 16, 9, ,heze
2019/5/12, 116, 106, 55, 11, 6, ,heze
2019/5/13, 108, 126, 75, 12, 7, ,heze
2019/5/14, 143, 95, 70, 15, 6, ,heze
2019/5/15, 152, 83, 52, 15, 5, ,heze
2019/5/16, 152, 74, 69, 10, 6, ,heze
2019/5/17, 126, 61, 41, 7, 5, ,heze
2019/5/18, 76, 99, 78, 12, 6, ,heze
2019/5/19, 99, 99, 58, 12, 6, ,heze
2019/5/20, 67, 89, 85, 16, 9, ,heze
2019/5/21, 106, 90, 95, 16, 8, ,heze
2019/5/22, 109, 96, 104, 13, 7, ,heze
2019/5/23, 105, 85, 79, 13, 9, ,heze
2019/5/24, 103, 82, 74, 11, 7, ,heze
2019/5/25, 118, 61, 62, 10, 4, ,heze
2019/5/26, 112, 106, 51, 10, 5, ,heze
2019/5/27, 64, 68, 57, 18, 8, ,heze
2019/5/28, 84, 65, 73, 14, 6, ,heze
2019/5/29, 77, 62, 81, 11, 5, ,heze
2019/5/30, 86, 66, 96, 13, 6, ,heze
2019/5/31, 108, 63, 76, 9, 5, ,heze
2019/6/1, 77, 74, 87, 9, 5, ,heze
2019/6/2, 97, 81, 98, 10, 4, ,heze
2019/6/3, 110, 74, 84, 13, 4, ,heze
2019/6/4, 80, 96, 105, 13, 8, ,heze
2019/6/5, 122, 50, 72, 7, 5, ,heze
2019/6/6, 108, 74, 101, 11, 7, ,heze
2019/6/7, 137, 69, 92, 10, 7, ,heze
2019/6/8, 93, 84, 83, 12, 7, ,heze
2019/6/9, 92, 65, 89, 20, 10, ,heze
2019/6/10, 86, 80, 99, 17, 9, ,heze
2019/6/11, 96, 73, 90, 13, 7, ,heze
2019/6/12, 101, 73, 102, 9, 6, ,heze
2019/6/13, 100, 66, 103, 12, 7, ,heze
2019/6/14, 100, 71, 104, 13, 7, ,heze
2019/6/15, 91, 79, 110, 15, 8, ,heze
2019/6/16, 103, 86, 101, 13, 8, ,heze
2019/6/17, 111, 65, 102, 13, 5, ,heze
2019/6/18, 90, 65, 98, 11, 6, ,heze
2019/6/19, 95, 52, 58, 9, 6, ,heze
2019/6/20, 81, 64, 108, 13, 5, ,heze
2019/6/21, 98, 88, 103, 14, 7, ,heze
2019/6/22, 152, 90, 104, 21, 11, ,heze
2019/6/23, 126, 76, 95, 13, 9, ,heze
2019/6/24, 102, 73, 95, 10, 6, ,heze
2019/6/25, 109, 66, 92, 8, 4, ,heze
2019/6/26, 94, 60, 93, 9, 4, ,heze
2019/6/27, 82, 48, 44, 12, 4, ,heze
2019/6/28, 98, 62, 97, 9, 5, ,heze
2019/6/29, 104, 63, 68, 15, 7, ,heze
2019/6/30, 60, 70, 95, 21, 10, ,heze
2019/1/1, 200, 140, 41, 29, 11, ,heze
2019/1/2, 219, 133, 38, 25, 13, ,heze
2019/1/3, 214, 233, 17, 33, 11, ,heze
2019/1/4, 325, 133, 25, 30, 14, ,heze
2019/1/5, 197, 120, 29, 28, 12, ,heze
2019/1/6, 189, 163, 31, 30, 9, ,heze
2019/1/7, 265, 184, 20, 32, 13, ,heze
2019/1/8, 267, 79, 15, 25, 9, ,heze
2019/1/9, 125, 71, 35, 16, 4, ,heze
2019/1/10, 161, 90, 23, 15, 5, ,heze
2019/1/11, 182, 123, 18, 16, 7, ,heze
2019/1/12, 212, 122, 11, 19, 3, ,heze
2019/1/13, 205, 167, 13, 25, 4, ,heze
2019/1/14, 240, 146, 32, 15, 5, ,heze
2019/1/15, 123, 87, 31, 20, 7, ,heze
2019/1/16, 105, 131, 19, 28, 13, ,heze
2019/1/17, 172, 121, 30, 28, 17, ,heze
2019/1/18, 179, 142, 13, 32, 9, ,heze
2019/1/19, 220, 107, 28, 28, 13, ,heze
2019/1/20, 168, 109, 24, 26, 11, ,heze
2019/1/21, 154, 100, 24, 29, 10, ,heze
2019/1/22, 148, 115, 33, 33, 15, ,heze
2019/1/23, 175, 124, 42, 35, 13, ,heze
2019/1/24, 189, 122, 32, 23, 11, ,heze
2019/1/25, 171, 88, 32, 22, 13, ,heze
2019/1/26, 155, 93, 38, 18, 8, ,heze
2019/1/27, 162, 135, 31, 32, 11, ,heze
2019/1/28, 197, 160, 32, 24, 9, ,heze
2019/1/29, 231, 129, 27, 17, 8, ,heze
2019/1/30, 197, 81, 30, 10, 6, ,heze
2019/1/31, 115, 79, 40, 10, 5, ,heze
2019/2/1, 154, 84, 29, 9, 4, ,heze
2019/2/2, 175, 131, 34, 12, 5, ,heze
2019/2/3, 212, 142, 48, 8, 7, ,heze
2019/2/4, 201, 188, 46, 8, 11, ,heze
2019/2/5, 302, 228, 21, 10, 5, ,heze
2019/2/6, 304, 77, 34, 6, 6, ,heze
2019/2/7, 119, 65, 24, 10, 7, ,heze
2019/2/8, 121, 77, 34, 10, 9, ,heze
2019/2/9, 142, 58, 30, 8, 6, ,heze
2019/2/10, 134, 81, 43, 9, 5, ,heze
2019/2/11, 170, 91, 33, 11, 7, ,heze
2019/2/12, 174, 112, 15, 12, 5, ,heze
2019/2/13, 197, 74, 16, 10, 5, ,heze
2019/2/14, 168, 91, 37, 11, 7, ,heze
2019/2/15, 177, 88, 41, 13, 7, ,heze
2019/2/16, 159, 77, 34, 20, 11, ,heze
2019/2/17, 145, 81, 30, 18, 12, ,heze
2019/2/18, 157, 130, 30, 16, 4, ,heze
2019/2/19, 209, 251, 37, 23, 17, ,heze
2019/2/20, 359, 166, 29, 24, 6, ,heze
2019/2/21, 263, 155, 55, 28, 8, ,heze
2019/2/22, 254, 124, 73, 35, 10, ,heze
2019/2/23, 208, 134, 71, 30, 8, ,heze
2019/2/24, 208, 147, 79, 37, 14, ,heze
2019/2/25, 214, 144, 33, 32, 12, ,heze
2019/2/26, 220, 79, 50, 19, 10, ,heze
2019/2/27, 146, 83, 54, 18, 6, ,heze
2019/2/28, 155, 106, 55, 23, 8, ,heze
2019/3/1, 174, 132, 56, 34, 9, ,heze
2019/3/2, 189, 90, 53, 11, 6, ,heze
2019/3/3, 165, 84, 43, 11, 6, ,heze
2019/3/4, 159, 91, 74, 21, 7, ,heze
2019/3/5, 165, 117, 41, 21, 7, ,heze
2019/3/6, 120, 83, 43, 23, 8, ,heze
2019/3/7, 108, 75, 47, 24, 8, ,heze
2019/3/8, 111, 88, 57, 21, 8, ,heze
2019/3/9, 143, 129, 63, 25, 7, ,heze
2019/3/10, 174, 103, 43, 18, 7, ,heze
2019/3/11, 122, 96, 38, 14, 5, ,heze
2019/3/12, 70, 86, 40, 20, 9, ,heze
2019/3/13, 103, 96, 43, 23, 11, ,heze
2019/3/14, 130, 96, 47, 23, 11, ,heze
2019/3/15, 112, 83, 51, 21, 9, ,heze
2019/3/16, 101, 114, 60, 25, 11, ,heze
2019/3/17, 156, 111, 58, 12, 8, ,heze
2019/3/18, 131, 83, 65, 13, 8, ,heze
2019/3/19, 128, 83, 61, 19, 8, ,heze
2019/3/20, 162, 166, 36, 16, 6, ,heze
2019/3/21, 96, 69, 43, 22, 11, ,heze
2019/3/22, 102, 78, 40, 19, 13, ,heze
2019/3/23, 98, 90, 66, 22, 17, ,heze
2019/3/24, 142, 85, 53, 16, 11, ,heze
2019/3/25, 142, 86, 57, 13, 9, ,heze
2019/3/26, 125, 92, 67, 14, 11, ,heze
2019/3/27, 132, 109, 31, 18, 12, ,heze
2019/3/28, 135, 94, 34, 21, 13, ,heze
2019/3/29, 137, 104, 42, 15, 12, ,heze
2019/3/30, 86, 78, 48, 19, 12, ,heze
2019/3/31, 92, 91, 40, 18, 10, ,heze
2018/10/1, 64, 91, 70, 33, 11, ,heze
2018/10/2, 129, 95, 83, 35, 16, ,heze
2018/10/3, 137, 97, 96, 28, 13, ,heze
2018/10/4, 144, 103, 111, 36, 13, ,heze
2018/10/5, 164, 124, 122, 40, 13, ,heze
2018/10/6, 178, 115, 49, 33, 11, ,heze
2018/10/7, 154, 123, 76, 27, 12, ,heze
2018/10/8, 172, 124, 38, 24, 9, ,heze
2018/10/9, 134, 88, 41, 29, 12, ,heze
2018/10/10, 103, 91, 45, 34, 13, ,heze
2018/10/11, 137, 93, 67, 28, 11, ,heze
2018/10/12, 145, 78, 62, 22, 8, ,heze
2018/10/13, 129, 79, 55, 25, 10, ,heze
2018/10/14, 146, 84, 41, 28, 10, ,heze
2018/10/15, 152, 87, 48, 21, 5, ,heze
2018/10/16, 163, 85, 45, 17, 5, ,heze
2018/10/17, 154, 71, 42, 26, 9, ,heze
2018/10/18, 105, 85, 48, 32, 13, ,heze
2018/10/19, 137, 93, 39, 32, 13, ,heze
2018/10/20, 145, 73, 38, 24, 7, ,heze
2018/10/21, 119, 96, 59, 24, 11, ,heze
2018/10/22, 171, 85, 36, 22, 8, ,heze
2018/10/23, 118, 92, 63, 24, 12, ,heze
2018/10/24, 136, 121, 40, 23, 8, ,heze
2018/10/25, 178, 98, 31, 21, 15, ,heze
2018/10/26, 103, 84, 38, 21, 15, ,heze
2018/10/27, 104, 80, 46, 19, 10, ,heze
2018/10/28, 80, 90, 41, 24, 16, ,heze
2018/10/29, 119, 80, 39, 30, 16, ,heze
2018/10/30, 126, 97, 59, 33, 16, ,heze
2018/10/31, 157, 89, 66, 22, 12, ,heze
2018/11/1, 155, 88, 79, 18, 12, ,heze
2018/11/2, 157, 86, 61, 17, 9, ,heze
2018/11/3, 153, 97, 64, 21, 8, ,heze
2018/11/4, 167, 69, 12, 19, 3, ,heze
2018/11/5, 132, 50, 23, 18, 6, ,heze
2018/11/6, 108, 62, 18, 25, 8, ,heze
2018/11/7, 118, 46, 27, 13, 4, ,heze
2018/11/8, 110, 66, 33, 17, 6, ,heze
2018/11/9, 138, 95, 35, 28, 10, ,heze
2018/11/10, 168, 75, 28, 24, 6, ,heze
2018/11/11, 157, 107, 51, 31, 11, ,heze
2018/11/12, 172, 132, 54, 32, 16, ,heze
2018/11/13, 200, 105, 44, 23, 10, ,heze
2018/11/14, 167, 97, 27, 27, 10, ,heze
2018/11/15, 172, 72, 20, 21, 7, ,heze
2018/11/16, 112, 70, 16, 33, 10, ,heze
2018/11/17, 142, 94, 16, 29, 11, ,heze
2018/11/18, 163, 86, 41, 24, 9, ,heze
2018/11/19, 155, 84, 32, 23, 7, ,heze
2018/11/20, 162, 123, 30, 27, 8, ,heze
2018/11/21, 185, 114, 31, 30, 13, ,heze
2018/11/22, 170, 105, 45, 23, 9, ,heze
2018/11/23, 165, 171, 24, 43, 10, ,heze
2018/11/24, 248, 179, 53, 38, 11, ,heze
2018/11/25, 265, 137, 67, 27, 9, ,heze
2018/11/26, 217, 250, 25, 30, 8, ,heze
2018/11/27, 259, 368, 28, 29, 7, ,heze
2018/11/28, 299, 267, 15, 34, 9, ,heze
2018/11/29, 234, 241, 11, 36, 8, ,heze
2018/11/30, 227, 298, 5, 37, 10, ,heze
2018/12/1, 289, 177, 5, 29, 5, ,heze
2018/12/2, 263, 160, 16, 18, 5, ,heze
2018/12/3, 195, 169, 21, 22, 17, ,heze
2018/12/4, 156, 91, 18, 22, 8, ,heze
2018/12/5, 130, 72, 18, 17, 9, ,heze
2018/12/6, 127, 67, 22, 24, 6, ,heze
2018/12/7, 88, 84, 23, 27, 11, ,heze
2018/12/8, 118, 85, 25, 31, 14, ,heze
2018/12/9, 139, 135, 13, 37, 17, ,heze
2018/12/10, 182, 121, 21, 24, 13, ,heze
2018/12/11, 198, 130, 26, 25, 17, ,heze
2018/12/12, 189, 132, 22, 25, 12, ,heze
2018/12/13, 202, 109, 27, 27, 14, ,heze
2018/12/14, 172, 103, 19, 22, 11, ,heze
2018/12/15, 170, 139, 30, 24, 12, ,heze
2018/12/16, 197, 125, 31, 24, 15, ,heze
2018/12/17, 171, 131, 32, 31, 13, ,heze
2018/12/18, 183, 283, 21, 39, 11, ,heze
2018/12/19, 289, 199, 15, 44, 15, ,heze
2018/12/20, 284, 211, 16, 34, 7, ,heze
2018/12/21, 289, 177, 13, 42, 19, ,heze
2018/12/22, 258, 117, 25, 25, 14, ,heze
2018/12/23, 142, 105, 20, 28, 12, ,heze
2018/12/24, 148, 139, 17, 29, 11, ,heze
2018/12/25, 199, 98, 18, 27, 10, ,heze
2018/12/26, 159, 79, 16, 21, 8, ,heze
2018/12/27, 138, 74, 29, 19, 8, ,heze
2018/12/28, 112, 90, 31, 27, 12, ,heze
2018/12/29, 154, 99, 22, 31, 14, ,heze
2018/12/30, 164, 99, , , , ,heze
2018/7/1, 147, 66, 51, 19, 9, ,heze
2018/7/2, 105, 94, 128, 29, 9, ,heze
2018/7/3, 154, 90, 83, 27, 10, ,heze
2018/7/4, 162, 80, 129, 16, 6, ,heze
2018/7/5, 157, 73, 102, 18, 7, ,heze
2018/7/6, 121, 57, 84, 11, 8, ,heze
2018/7/7, 96, 54, 41, 13, 5, ,heze
2018/7/8, 95, 49, 33, 15, 6, ,heze
2018/7/9, 91, 63, 56, 13, 4, ,heze
2018/7/10, 146, 68, 70, 12, 5, ,heze
2018/7/11, 147, 57, 48, 10, 6, ,heze
2018/7/12, 97, 54, 115, 13, 4, ,heze
2018/7/13, 88, 54, 52, 16, 4, ,heze
2018/7/14, 84, 61, 58, 18, 5, ,heze
2018/7/15, 102, 53, 62, 14, 6, ,heze
2018/7/16, 76, 66, 83, 14, 6, ,heze
2018/7/17, 105, 62, 74, 14, 6, ,heze
2018/7/18, 85, 63, 88, 12, 8, ,heze
2018/7/19, 91, 62, 86, 10, 7, ,heze
2018/7/20, 99, 66, 103, 11, 6, ,heze
2018/7/21, 111, 62, 63, 11, 7, ,heze
2018/7/22, 106, 76, 52, 11, 7, ,heze
2018/7/23, 106, 52, 71, 11, 6, ,heze
2018/7/24, 74, 64, 90, 13, 7, ,heze
2018/7/25, 96, 59, 69, 17, 9, ,heze
2018/7/26, 97, 42, 72, 11, 7, ,heze
2018/7/27, 83, 54, 48, 11, 5, ,heze
2018/7/28, 111, 52, 60, 11, 4, ,heze
2018/7/29, 107, 40, 55, 13, 4, ,heze
2018/7/30, 77, 52, 74, 14, 6, ,heze
2018/7/31, 96, 73, 82, 17, 5, ,heze
2018/8/1, 143, 88, 89, 21, 7, ,heze
2018/8/2, 146, 79, 103, 17, 7, ,heze
2018/8/3, 145, 66, 50, 15, 7, ,heze
2018/8/4, 115, 47, 51, 12, 6, ,heze
2018/8/5, 89, 65, 63, 16, 8, ,heze
2018/8/6, 106, 66, 66, 15, 6, ,heze
2018/8/7, 114, 63, 62, 13, 8, ,heze
2018/8/8, 109, 72, 59, 10, 4, ,heze
2018/8/9, 144, 67, 77, 11, 4, ,heze
2018/8/10, 135, 71, 76, 15, 7, ,heze
2018/8/11, 139, 59, 78, 12, 7, ,heze
2018/8/12, 90, 53, 39, 12, 7, ,heze
2018/8/13, 81, 39, 50, 8, 5, ,heze
2018/8/14, 70, 37, 47, 9, 4, ,heze
2018/8/15, 59, 35, 42, 10, 4, ,heze
2018/8/16, 64, 51, 70, 9, 5, ,heze
2018/8/17, 71, 33, 28, 9, 4, ,heze
2018/8/18, 70, 6, 24, 7, 2, ,heze
2018/8/19, 34, 23, 36, 12, 3, ,heze
2018/8/20, 61, 62, 92, 22, 5, ,heze
2018/8/21, 109, 87, 60, 13, 3, ,heze
2018/8/22, 154, 61, 79, 16, 7, ,heze
2018/8/23, 98, 64, 89, 23, 8, ,heze
2018/8/24, 113, 85, 121, 28, 8, ,heze
2018/8/25, 138, 81, 111, 19, 8, ,heze
2018/8/26, 144, 77, 101, 24, 9, ,heze
2018/8/27, 106, 79, 84, 23, 6, ,heze
2018/8/28, 120, 81, 87, 18, 6, ,heze
2018/8/29, 145, 69, 45, 12, 5, ,heze
2018/8/30, 126, 47, 33, 11, 4, ,heze
2018/8/31, 88, 61, 84, 17, 5, ,heze
2018/9/1, 99, 68, 52, 17, 6, ,heze
2018/9/2, 95, 76, 86, 18, 6, ,heze
2018/9/3, 101, 61, 68, 22, 8, ,heze
2018/9/4, 63, 79, 58, 23, 9, ,heze
2018/9/5, 97, 66, 94, 14, 5, ,heze
2018/9/6, 81, 61, 49, 19, 6, ,heze
2018/9/7, 44, 64, 75, 27, 11, ,heze
2018/9/8, 78, 81, 94, 27, 12, ,heze
2018/9/9, 108, 65, 72, 18, 11, ,heze
2018/9/10, 88, 70, 72, 20, 12, ,heze
2018/9/11, 88, 73, 89, 19, 9, ,heze
2018/9/12, 121, 69, 52, 19, 8, ,heze
2018/9/13, 117, 44, 60, 15, 4, ,heze
2018/9/14, 85, 68, 47, 18, 6, ,heze
2018/9/15, 136, 59, 20, 17, 5, ,heze
2018/9/16, 128, 70, 68, 18, 10, ,heze
2018/9/17, 148, 62, 32, 21, 9, ,heze
2018/9/18, 147, 33, 29, 13, 5, ,heze
2018/9/19, 106, 63, 57, 15, 4, ,heze
2018/9/20, 145, 97, 100, 24, 7, ,heze
2018/9/21, 161, 86, 62, 24, 9, ,heze
2018/9/22, 92, 85, 66, 28, 17, ,heze
2018/9/23, 113, 75, 59, 27, 14, ,heze
2018/9/24, 104, 72, 24, 25, 13, ,heze
2018/9/25, 134, 62, 50, 18, 8, ,heze
2018/9/26, 129, 101, 92, 32, 12, ,heze
2018/9/27, 168, 88, 69, 22, 6, ,heze
2018/9/28, 138, 100, 67, 32, 12, ,heze
2018/9/29, 129, 75, 45, 21, 8, ,heze
2018/9/30, 78, 66, 52, 21, 15, ,heze
2018/4/1, 171, 128, 74, 23, 9, ,heze
2018/4/2, 156, 245, 37, 20, 6, ,heze
2018/4/3, 131, 58, 29, 13, 5, ,heze
2018/4/4, 69, 52, 27, 15, 3, ,heze
2018/4/5, 88, 94, 43, 17, 7, ,heze
2018/4/6, 99, 81, 36, 18, 6, ,heze
2018/4/7, 64, 101, 56, 16, 9, ,heze
2018/4/8, 106, 105, 68, 14, 7, ,heze
2018/4/9, 130, 130, 43, 20, 11, ,heze
2018/4/10, 132, 179, 52, 24, 13, ,heze
2018/4/11, 163, 52, 37, 13, 6, ,heze
2018/4/12, 90, 37, 31, 14, 4, ,heze
2018/4/13, 75, 97, , 13, 6, ,heze
2018/4/14, 110, 233, , 22, 6, ,heze
2018/4/15, 139, 209, 62, 19, 8, ,heze
2018/4/16, 139, 139, 70, 16, 7, ,heze
2018/4/17, 147, 122, 77, 16, 7, ,heze
2018/4/18, 145, 99, 82, 16, 8, ,heze
2018/4/19, 129, 99, 103, 18, 13, ,heze
2018/4/20, 151, 76, 62, 16, 9, ,heze
2018/4/21, 137, 35, 30, 13, 5, ,heze
2018/4/22, 62, 55, 41, 11, 5, ,heze
2018/4/23, 125, 73, 71, 19, 6, ,heze
2018/4/24, 128, 93, 90, 25, 11, ,heze
2018/4/25, 144, 73, 64, 13, 7, ,heze
2018/4/26, 142, 93, 99, 23, 10, ,heze
2018/4/27, 154, 90, 86, 17, 9, ,heze
2018/4/28, 139, 89, 78, 16, 10, ,heze
2018/4/29, 150, 98, 86, 15, 9, ,heze
2018/4/30, 160, 92, 61, 15, 5, ,heze
2018/5/1, 158, 67, 61, 12, 4, ,heze
2018/5/2, 92, 80, 69, 18, 11, ,heze
2018/5/3, 107, 107, 96, 14, 8, ,heze
2018/5/4, 121, 62, 54, 13, 4, ,heze
2018/5/5, 88, 72, 62, 15, 5, ,heze
2018/5/6, 136, 80, 98, 24, 6, ,heze
2018/5/7, 129, 109, 104, 29, 11, ,heze
2018/5/8, 144, 100, 118, 25, 14, ,heze
2018/5/9, 147, 78, 85, 13, 6, ,heze
2018/5/10, 108, 70, 56, 17, 5, ,heze
2018/5/11, 131, 76, 56, 15, 3, ,heze
2018/5/12, 150, 83, 79, 14, 5, ,heze
2018/5/13, 110, 75, 80, 11, 6, ,heze
2018/5/14, 88, 73, 55, 11, 4, ,heze
2018/5/15, 88, 41, 64, 12, 4, ,heze
2018/5/16, 76, 63, 45, 10, 3, ,heze
2018/5/17, 123, 71, 95, 15, 6, ,heze
2018/5/18, 114, 81, 52, 26, 10, ,heze
2018/5/19, 117, 57, 38, 15, 5, ,heze
2018/5/20, 93, 65, 37, 16, 8, ,heze
2018/5/21, 94, 75, 52, 12, 3, ,heze
2018/5/22, 104, 133, 85, 20, 8, ,heze
2018/5/23, 156, 107, 50, 17, 7, ,heze
2018/5/24, 146, 80, 41, 20, 4, ,heze
2018/5/25, 156, 88, 92, 25, 5, ,heze
2018/5/26, 152, 181, 84, 21, 7, ,heze
2018/5/27, 168, 143, 100, 29, 12, ,heze
2018/5/28, 147, 137, 115, 25, 15, ,heze
2018/5/29, 155, 107, 123, 30, 14, ,heze
2018/5/30, 133, 106, 134, 34, 18, ,heze
2018/5/31, 149, 116, 139, 41, 14, ,heze
2018/6/1, 141, 127, 126, 20, 14, ,heze
2018/6/2, 155, 120, 129, 18, 6, ,heze
2018/6/3, 154, 111, 134, 21, 8, ,heze
2018/6/4, 147, 128, 107, 18, 6, ,heze
2018/6/5, 133, 104, 108, 15, 4, ,heze
2018/6/6, 129, 83, 121, 13, 5, ,heze
2018/6/7, 125, 124, 148, 25, 10, ,heze
2018/6/8, 152, 25, 40, 12, 3, ,heze
2018/6/9, 64, 42, 83, 17, 4, ,heze
2018/6/10, 85, 81, 123, 30, 5, ,heze
2018/6/11, 119, 69, 121, 21, 5, ,heze
2018/6/12, 97, 64, 95, 14, 4, ,heze
2018/6/13, 82, 60, 116, 16, 4, ,heze
2018/6/14, 120, 75, 116, 27, 9, ,heze
2018/6/15, 125, 73, 88, 16, 8, ,heze
2018/6/16, 113, 76, 107, 17, 8, ,heze
2018/6/17, 129, 70, 83, 16, 7, ,heze
2018/6/18, 122, 56, 104, 14, 4, ,heze
2018/6/19, 125, 77, 114, 18, 5, ,heze
2018/6/20, 139, 74, 101, 16, 7, ,heze
2018/6/21, 124, 68, 106, 23, 7, ,heze
2018/6/22, 76, 61, 108, 16, 4, ,heze
2018/6/23, 87, 63, 113, 19, 4, ,heze
2018/6/24, 98, 60, 51, 15, 10, ,heze
2018/6/25, 106, 34, 52, 9, 2, ,heze
2018/6/26, 90, 54, 101, 12, 6, ,heze
2018/6/27, 113, 63, 84, 17, 5, ,heze
2018/6/28, 85, 85, 101, 32, 11, ,heze
2018/6/29, 102, 68, 114, 20, 8, ,heze
2018/6/30, 121, 81, 121, 23, 7, ,heze
2018/1/1, 255, 213, 23, 32, 12, 25,heze
2018/1/2, 244, 67, 21, 17, 10, 17,heze
2018/1/3, 115, 59, 21, 15, 5, 12,heze
2018/1/4, 99, 84, 39, 19, 8, 17,heze
2018/1/5, 168, 94, 3, 21, 6, ,heze
2018/1/6, 172, 85, , 12, 5, ,heze
2018/1/7, 170, 87, , 14, 5, ,heze
2018/1/8, 138, 61, , 14, 6, ,heze
2018/1/9, 78, 76, , 20, 10, ,heze
2018/1/10, 106, 60, , 21, 7, ,heze
2018/1/11, 83, 82, , 21, 7, ,heze
2018/1/12, 128, 83, , 18, 7, ,heze
2018/1/13, 150, 111, , 29, 8, ,heze
2018/1/14, 180, 208, , 39, 15, ,heze
2018/1/15, 277, 282, , 45, 22, ,heze
2018/1/16, 327, 233, , 31, 5, ,heze
2018/1/17, 300, 365, , 37, 6, ,heze
2018/1/18, 369, 223, , 29, 7, ,heze
2018/1/19, 286, 146, , 29, 5, ,heze
2018/1/20, 230, 180, , 24, 2, ,heze
2018/1/21, 236, 102, , 20, 4, ,heze
2018/1/22, 166, 67, , 17, 5, ,heze
2018/1/23, 150, 86, , 25, 9, ,heze
2018/1/24, 162, 71, , 21, 9, ,heze
2018/1/25, 134, 79, 25, 24, 9, ,heze
2018/1/26, 149, 91, 21, 20, 10, ,heze
2018/1/27, 171, 115, 22, 18, 4, ,heze
2018/1/28, 213, 117, 33, 23, 8, ,heze
2018/1/29, 195, 110, 23, 29, 13, ,heze
2018/1/30, 164, 105, 30, 28, 13, ,heze
2018/1/31, 158, 108, 27, 28, 15, ,heze
2018/2/1, 159, 108, 34, 18, 7, ,heze
2018/2/2, 111, 77, 34, 24, 12, ,heze
2018/2/3, 121, 129, 32, 30, 17, ,heze
2018/2/4, 154, 97, 29, 26, 15, ,heze
2018/2/5, 149, 85, 30, 22, 13, ,heze
2018/2/6, 149, 130, 34, 20, 8, ,heze
2018/2/7, 157, 110, 35, 21, 9, ,heze
2018/2/8, 122, 135, 32, 22, 12, ,heze
2018/2/9, 186, 147, 31, 19, 12, ,heze
2018/2/10, 124, 132, 37, 20, 13, ,heze
2018/2/11, 134, 76, 39, 15, 8, ,heze
2018/2/12, 105, 135, 59, 11, 7, ,heze
2018/2/13, 163, 120, 42, 13, 11, ,heze
2018/2/14, 170, 73, 41, 12, 11, ,heze
2018/2/15, 145, 155, 52, 12, 19, ,heze
2018/2/16, 253, 114, 53, 11, 12, ,heze
2018/2/17, 190, 71, 46, 9, 10, ,heze
2018/2/18, 153, 73, 46, 9, 8, ,heze
2018/2/19, 146, 104, 30, 10, 5, ,heze
2018/2/20, 186, 112, 41, 16, 9, ,heze
2018/2/21, 198, 104, 46, 11, 5, ,heze
2018/2/22, 159, 72, 49, 10, 7, ,heze
2018/2/23, 151, 144, 31, 16, 9, ,heze
2018/2/24, 135, 95, 51, 19, 9, ,heze
2018/2/25, 157, 115, 59, 14, 6, ,heze
2018/2/26, 179, 143, 39, 21, 9, ,heze
2018/2/27, 211, 124, 44, 13, 4, ,heze
2018/2/28, 216, 100, 32, 14, 5, ,heze
2018/3/1, 138, 80, 46, 11, 4, ,heze
2018/3/2, 149, 89, 26, 12, 4, ,heze
2018/3/3, 175, 59, 25, 13, 3, ,heze
2018/3/4, 134, 61, 35, 13, 5, ,heze
2018/3/5, 87, 99, 28, 29, 9, ,heze
2018/3/6, 161, 83, 39, 17, 6, ,heze
2018/3/7, 146, 75, 45, 18, 7, ,heze
2018/3/8, 141, 100, 57, 22, 6, ,heze
2018/3/9, 161, 107, 57, 14, 5, ,heze
2018/3/10, 173, 160, 70, 26, 12, ,heze
2018/3/11, 232, 90, 72, 15, 6, ,heze
2018/3/12, 150, 79, 75, 12, 5, ,heze
2018/3/13, 149, 77, 57, 13, 5, ,heze
2018/3/14, 149, 124, 37, 14, 4, ,heze
2018/3/15, 129, 52, 44, 15, 5, ,heze
2018/3/16, 66, 71, 33, 20, 5, ,heze
2018/3/17, 127, 79, 29, 19, 2, ,heze
2018/3/18, 166, 88, 60, 15, 5, ,heze
2018/3/19, 168, 60, 40, 13, 6, ,heze
2018/3/20, 81, 60, 44, 18, 7, ,heze
2018/3/21, 86, 96, 52, 26, 12, ,heze
2018/3/22, 152, 112, 69, 25, 10, ,heze
2018/3/23, 156, 71, 67, 19, 5, ,heze
2018/3/24, 127, 89, 86, 15, 8, ,heze
2018/3/25, 139, 100, 73, 15, 9, ,heze
2018/3/26, 150, 87, 64, 14, 7, ,heze
2018/3/27, 146, 79, 64, 14, 6, ,heze
2018/3/28, 133, 143, 53, 18, 8, ,heze
2018/3/29, 151, 94, 71, 22, 11, ,heze
2018/3/30, 114, 88, 70, 18, 5, ,heze
2018/3/31, 151, 129, 79, 24, 10, ,heze
2017/10/1, 122, 73, 47, 15, 9, 11,heze
2017/10/2, 139, 50, 19, 18, 9, 12,heze
2017/10/3, 72, 57, 26, 19, 11, 11,heze
2017/10/4, 110, 63, 35, 18, 12, 11,heze
2017/10/5, 112, 65, 48, 17, 7, 10,heze
2017/10/6, 95, 76, 28, 24, 9, 11,heze
2017/10/7, 123, 74, 10, 22, 5, 15,heze
2017/10/8, 162, 54, 15, 14, 5, 15,heze
2017/10/9, 108, 21, 19, 12, 5, 10,heze
2017/10/10, 44, 47, 26, 15, 6, 11,heze
2017/10/11, 92, 64, 39, 21, 9, 13,heze
2017/10/12, 127, 75, 40, 22, 9, 12,heze
2017/10/13, 142, 163, 38, 35, 18, 16,heze
2017/10/14, 181, 134, 23, 39, 14, 15,heze
2017/10/15, 186, 122, 20, 35, 12, 16,heze
2017/10/16, 194, 144, 22, 28, 11, 18,heze
2017/10/17, 225, 62, 41, 17, 5, 14,heze
2017/10/18, 131, 94, 60, 27, 9, 14,heze
2017/10/19, 159, 128, 78, 36, 9, 16,heze
2017/10/20, 167, 128, 75, 37, 13, 14,heze
2017/10/21, 172, 140, 38, 26, 8, 15,heze
2017/10/22, 186, 83, 48, 22, 8, 12,heze
2017/10/23, 111, 108, 57, 28, 20, 17,heze
2017/10/24, 163, 114, 43, 27, 14, 12,heze
2017/10/25, 164, 129, 66, 35, 14, 14,heze
2017/10/26, 178, 127, 69, 32, 14, 14,heze
2017/10/27, 183, 128, 73, 24, 13, 14,heze
2017/10/28, 188, 82, 34, 18, 7, 8,heze
2017/10/29, 77, 93, 38, 29, 10, 10,heze
2017/10/30, 128, 101, 40, 30, 15, 11,heze
2017/10/31, 153, 119, 30, 30, 19, 9,heze
2017/11/1, 172, 135, 44, 34, 17, 15,heze
2017/11/2, 183, 118, 41, 22, 11, 12,heze
2017/11/3, 166, 77, 40, 26, 15, 11,heze
2017/11/4, 121, 79, 38, 20, 10, 10,heze
2017/11/5, 116, 92, 66, 22, 13, 11,heze
2017/11/6, 156, 148, 55, 34, 19, 16,heze
2017/11/7, 190, 152, 61, 34, 18, 16,heze
2017/11/8, 188, 121, 46, 26, 13, 10,heze
2017/11/9, 157, 113, 35, 19, 8, 9,heze
2017/11/10, 131, 84, 31, 26, 13, 9,heze
2017/11/11, 118, 98, 37, 27, 14, 9,heze
2017/11/12, 152, 127, 33, 34, 16, 16,heze
2017/11/13, 178, 127, 26, 35, 17, 15,heze
2017/11/14, 168, 120, 28, 32, 25, 13,heze
2017/11/15, 164, 122, 22, 33, 22, 16,heze
2017/11/16, 170, 145, 25, 27, 15, 15,heze
2017/11/17, 165, 61, 34, 17, 7, 8,heze
2017/11/18, 87, 84, 21, 27, 8, 13,heze
2017/11/19, 151, 95, 20, 25, 5, 13,heze
2017/11/20, 171, 100, 39, 25, 5, 15,heze
2017/11/21, 174, 103, 30, 25, 6, 15,heze
2017/11/22, 145, 92, 34, 25, 10, 12,heze
2017/11/23, 124, 97, 29, 24, 11, 12,heze
2017/11/24, 127, 133, 32, 30, 12, 14,heze
2017/11/25, 166, 128, 33, 30, 20, 17,heze
2017/11/26, 168, 110, 39, 25, 9, 17,heze
2017/11/27, 162, 153, 35, 34, 11, 20,heze
2017/11/28, 204, 96, 15, 23, 7, 17,heze
2017/11/29, 121, 109, 23, 29, 10, 21,heze
2017/11/30, 167, 129, 32, 32, 9, 13,heze
2017/12/1, 182, 131, 40, 25, 8, 18,heze
2017/12/2, 188, 174, 25, 31, 5, 22,heze
2017/12/3, 242, 120, 26, 26, 7, 21,heze
2017/12/4, 188, 100, 27, 28, 11, 17,heze
2017/12/5, 153, 122, 30, 28, 13, 20,heze
2017/12/6, 177, 177, 30, 38, 23, 25,heze
2017/12/7, 244, 107, 29, 26, 10, 15,heze
2017/12/8, 150, 117, 33, 26, 8, 16,heze
2017/12/9, 163, 124, 39, 30, 16, 19,heze
2017/12/10, 153, 126, 36, 33, 27, 21,heze
2017/12/11, 173, 80, 24, 22, 12, 15,heze
2017/12/12, 122, 100, 18, 28, 15, 20,heze
2017/12/13, 161, 110, 9, 27, 7, 23,heze
2017/12/14, 189, 138, 10, 23, 9, 26,heze
2017/12/15, 225, 119, 36, 25, 18, 25,heze
2017/12/16, 184, 99, 27, 25, 9, 20,heze
2017/12/17, 151, 101, 30, 27, 15, 23,heze
2017/12/18, 159, 137, 29, 34, 29, 30,heze
2017/12/19, 187, 93, 34, 28, 16, 24,heze
2017/12/20, 133, 97, 44, 23, 10, 20,heze
2017/12/21, 153, 117, 33, 30, 13, 24,heze
2017/12/22, 185, 188, 16, 44, 18, 35,heze
2017/12/23, 287, 112, 39, 26, 16, 25,heze
2017/12/24, 154, 109, 39, 26, 17, 23,heze
2017/12/25, 155, 145, 22, 38, 14, 24,heze
2017/12/26, 197, 137, 31, 33, 15, 19,heze
2017/12/27, 191, 171, 18, 35, 8, 25,heze
2017/12/28, 246, 294, 18, 49, 10, 36,heze
2017/12/29, 354, 214, 25, 37, 11, 30,heze
2017/12/30, 293, 150, 36, 28, 11, 22,heze
2017/12/31, 197, 229, 31, 37, 13, 23,heze
2017/7/1, 158, 76, 85, 13, 9, 10,heze
2017/7/2, 115, 80, 88, 15, 10, 10,heze
2017/7/3, 105, 97, 105, 15, 8, 11,heze
2017/7/4, 132, 76, 98, 18, 12, 13,heze
2017/7/5, 136, 45, 38, 14, 8, 10,heze
2017/7/6, 85, 57, 89, 8, 8, 11,heze
2017/7/7, 114, 55, 78, 11, 7, 11,heze
2017/7/8, 78, 54, 35, 11, 7, 10,heze
2017/7/9, 94, 74, 96, 13, 9, 10,heze
2017/7/10, 92, 70, 99, 12, 8, 11,heze
2017/7/11, 87, 60, 61, 10, 6, 11,heze
2017/7/12, 92, 58, 73, 10, 6, 12,heze
2017/7/13, 82, 73, 52, 12, 5, 11,heze
2017/7/14, 84, 30, 34, 10, 8, 12,heze
2017/7/15, 60, 54, 60, 13, 6, 13,heze
2017/7/16, 116, 66, 72, 14, 8, 12,heze
2017/7/17, 133, 56, 59, 11, 7, 12,heze
2017/7/18, 101, 42, 64, 10, 6, 12,heze
2017/7/19, 69, 49, 67, 10, 5, 12,heze
2017/7/20, 84, 52, 76, 11, 5, 11,heze
2017/7/21, 80, 69, 70, 12, 6, 12,heze
2017/7/22, 139, 95, 90, 14, 5, 17,heze
2017/7/23, 148, 84, 92, 14, 7, 15,heze
2017/7/24, 155, 95, 99, 12, 8, 18,heze
2017/7/25, 183, 76, 65, 14, 7, 14,heze
2017/7/26, 157, 59, 44, 12, 5, 12,heze
2017/7/27, 128, 72, 66, 10, 6, 17,heze
2017/7/28, 170, 45, 35, 11, 5, 9,heze
2017/7/29, 92, 37, 40, 11, 5, 11,heze
2017/7/30, 92, 85, 44, 13, 7, 17,heze
2017/7/31, 163, 59, 84, 10, 7, 9,heze
2017/8/1, 111, 39, 45, 11, 7, 11,heze
2017/8/2, 88, 55, 53, 11, 6, 11,heze
2017/8/3, 118, 76, 79, 20, 8, 12,heze
2017/8/4, 141, 87, 108, 22, 10, 13,heze
2017/8/5, 150, 85, 92, 15, 8, 13,heze
2017/8/6, 151, 61, 94, 13, 12, 13,heze
2017/8/7, 112, 59, 85, 12, 9, 11,heze
2017/8/8, 115, 74, 97, 14, 9, 11,heze
2017/8/9, 145, 82, 100, 17, 12, 11,heze
2017/8/10, 144, 70, 80, 13, 7, 10,heze
2017/8/11, 127, 66, 64, 12, 10, 11,heze
2017/8/12, 125, 55, 76, 10, 8, 10,heze
2017/8/13, 106, 58, 54, 8, 7, 9,heze
2017/8/14, 109, 51, 58, 12, 9, 8,heze
2017/8/15, 76, 70, 72, 18, 8, 9,heze
2017/8/16, 111, 74, 75, 17, 8, 9,heze
2017/8/17, 131, 69, 60, 19, 10, 10,heze
2017/8/18, 124, 60, 70, 14, 9, 12,heze
2017/8/19, 125, 64, 59, 12, 6, 10,heze
2017/8/20, 146, 79, 80, 23, 9, 11,heze
2017/8/21, 147, 110, 74, 14, 10, 10,heze
2017/8/22, 133, 74, 80, 16, 10, 14,heze
2017/8/23, 149, 71, 66, 14, 10, 12,heze
2017/8/24, 121, 87, 55, 24, 13, 15,heze
2017/8/25, 145, 107, 79, 31, 19, 12,heze
2017/8/26, 151, 86, 64, 22, 15, 11,heze
2017/8/27, 126, 57, 50, 10, 6, 10,heze
2017/8/28, 98, 52, 30, 14, 7, 11,heze
2017/8/29, 104, 33, 32, 11, 8, 10,heze
2017/8/30, 82, 44, 35, 13, 6, 9,heze
2017/8/31, 82, 65, 54, 19, 7, 7,heze
2017/9/1, 117, 70, 59, 17, 8, 10,heze
2017/9/2, 130, 73, 40, 20, 10, 11,heze
2017/9/3, 133, 54, 43, 18, 10, 11,heze
2017/9/4, 120, 63, 42, 20, 8, 10,heze
2017/9/5, 143, 60, 36, 15, 7, 12,heze
2017/9/6, 155, 60, , , , ,heze
2017/9/11, 129, 88, 73, 26, 9, 7,heze
2017/9/12, 130, 81, 94, 17, 12, 13,heze
2017/9/13, 145, 74, 72, 20, 12, 11,heze
2017/9/14, 120, 114, 119, 31, 18, 15,heze
2017/9/15, 166, 109, 57, 34, 9, 12,heze
2017/9/16, 157, 111, 114, 29, 12, 12,heze
2017/9/17, 170, 118, 107, 23, 13, 12,heze
2017/9/18, 166, 121, 105, 25, 18, 14,heze
2017/9/19, 169, 114, 98, 31, 14, 13,heze
2017/9/20, 156, 85, 84, 19, 9, 10,heze
2017/9/21, 146, 99, 93, 27, 11, 12,heze
2017/9/22, 149, 99, 84, 25, 10, 9,heze
2017/9/23, 147, 80, 66, 18, 10, 11,heze
2017/9/24, 132, 82, 31, 24, 10, 12,heze
2017/9/25, 167, 63, 61, 14, 7, 12,heze
2017/9/26, 147, 74, 35, 16, 8, 10,heze
2017/9/27, 110, 93, 55, 26, 9, 14,heze
2017/9/28, 134, 95, 59, 21, 9, 13,heze
2017/9/29, 159, 73, 48, 16, 9, 11,heze
2017/9/30, 142, 46, 30, 16, 7, 9,heze
2017/4/1, 169, 98, 58, 20, 20, 13,heze
2017/4/2, 161, 81, 71, 17, 19, 10,heze
2017/4/3, 137, 109, 46, 19, 22, 15,heze
2017/4/4, 153, 92, 48, 16, 10, 13,heze
2017/4/5, 180, 98, 66, 25, 11, 14,heze
2017/4/6, 177, 115, 72, 28, 22, 14,heze
2017/4/7, 188, 125, 39, 25, 20, 14,heze
2017/4/8, 199, 64, 41, 14, 13, 10,heze
2017/4/9, 94, 70, 35, 18, 14, 12,heze
2017/4/10, 120, 88, 43, 23, 16, 14,heze
2017/4/11, 160, 126, 61, 24, 20, 16,heze
2017/4/12, 194, 81, 55, 13, 13, 10,heze
2017/4/13, 120, 76, 51, 18, 17, 12,heze
2017/4/14, 125, 112, 67, 27, 22, 14,heze
2017/4/15, 163, 97, 34, 25, 22, 14,heze
2017/4/16, 154, 105, 51, 13, 20, 11,heze
2017/4/17, 139, 103, 56, 14, 19, 9,heze
2017/4/18, 138, 104, 44, 16, 23, 11,heze
2017/4/19, 130, 96, 46, 17, 18, 10,heze
2017/4/20, 140, 104, 48, 16, 11, 9,heze
2017/4/21, 132, 94, 65, 27, 14, 10,heze
2017/4/22, 139, 79, 67, 14, 13, 11,heze
2017/4/23, 131, 99, 81, 13, 17, 13,heze
2017/4/24, 146, 135, 39, 22, 20, 17,heze
2017/4/25, 164, 86, 69, 22, 15, 11,heze
2017/4/26, 141, 90, 68, 25, 19, 11,heze
2017/4/27, 141, 100, 80, 20, 18, 11,heze
2017/4/28, 158, 114, 102, 20, 23, 12,heze
2017/4/29, 171, 91, 84, 14, 14, 9,heze
2017/4/30, 148, 146, 86, 20, 19, 9,heze
2017/5/1, 166, 173, 79, 19, 22, 11,heze
2017/5/2, 167, 79, 33, 14, 23, 10,heze
2017/5/3, 134, 323, 58, 11, 10, 9,heze
2017/5/4, 174, 690, 61, 25, 14, 9,heze
2017/5/5, 305, 403, 68, 23, 18, 8,heze
2017/5/6, 271, 275, 72, 15, 17, 9,heze
2017/5/7, 253, 91, 48, 20, 17, 10,heze
2017/5/8, 160, 101, 65, 11, 12, 9,heze
2017/5/9, 122, 99, 83, 14, 12, 9,heze
2017/5/10, 154, 116, 49, 15, 14, 7,heze
2017/5/11, 151, 89, 94, 13, 11, 9,heze
2017/5/12, 125, 137, 99, 13, 9, 9,heze
2017/5/13, 171, 164, 81, 31, 22, 10,heze
2017/5/14, 227, 148, 57, 30, 23, 11,heze
2017/5/15, 145, 74, 70, 14, 11, 8,heze
2017/5/16, 123, 79, 73, 11, 9, 9,heze
2017/5/17, 127, 84, 82, 16, 10, 9,heze
2017/5/18, 149, 89, 81, 19, 14, 11,heze
2017/5/19, 148, 94, 85, 23, 14, 9,heze
2017/5/20, 140, 99, 105, 21, 15, 11,heze
2017/5/21, 165, 150, 107, 18, 21, 12,heze
2017/5/22, 173, 81, 53, 15, 7, 10,heze
2017/5/23, 79, 70, 88, 23, 16, 9,heze
2017/5/24, 134, 92, 96, 20, 16, 10,heze
2017/5/25, 169, 107, 96, 24, 18, 11,heze
2017/5/26, 147, 92, 103, 13, 11, 9,heze
2017/5/27, 145, 102, 105, 14, 11, 9,heze
2017/5/28, 165, 122, 105, 17, 11, 12,heze
2017/5/29, 150, 122, 119, 20, 13, 12,heze
2017/5/30, 167, 137, 120, 16, 8, 13,heze
2017/5/31, 161, 147, 156, 37, 18, 13,heze
2017/6/1, 183, 150, 123, 17, 14, 14,heze
2017/6/2, 157, 109, 96, 16, 9, 14,heze
2017/6/3, 125, 95, 95, 22, 21, 12,heze
2017/6/4, 134, 85, 48, 17, 12, 11,heze
2017/6/5, 107, 39, 61, 11, 7, 14,heze
2017/6/6, 198, 88, 91, 25, 10, 13,heze
2017/6/7, 142, 136, 47, 21, 13, 13,heze
2017/6/8, 144, 79, 93, 20, 12, 11,heze
2017/6/9, 140, 131, 75, 24, 12, 13,heze
2017/6/10, 148, 79, 90, 15, 11, 16,heze
2017/6/11, 152, 107, 101, 14, 21, 13,heze
2017/6/12, 165, 90, 117, 17, 21, 11,heze
2017/6/13, 140, 99, 119, 16, 14, 12,heze
2017/6/14, 166, 120, 109, 20, 14, 10,heze
2017/6/15, 168, 90, 110, 16, 10, 10,heze
2017/6/16, 148, 98, 111, 22, 15, 11,heze
2017/6/17, 143, 77, 93, 14, 9, 9,heze
2017/6/18, 126, 83, 94, 15, 9, 10,heze
2017/6/19, 133, 94, 116, 17, 13, 11,heze
2017/6/20, 154, 67, 89, 13, 11, 10,heze
2017/6/21, 131, 68, 68, 13, 11, 14,heze
2017/6/22, 124, 81, 47, 17, 11, 16,heze
2017/6/23, 159, 69, 93, 12, 13, 11,heze
2017/6/24, 130, 66, 105, 15, 16, 10,heze
2017/6/25, 113, 93, 110, 25, 26, 10,heze
2017/6/26, 143, 89, 112, 19, 11, 10,heze
2017/6/27, 141, 98, 109, 16, 10, 9,heze
2017/6/28, 148, 90, 106, 17, 8, 6,heze
2017/6/29, 147, 98, 99, 15, 10, 11,heze
2017/6/30, 153, 89, 103, 15, 13, 7,heze
2017/1/2, 198, 134, 24, 30, 15, 28,heze
2017/1/3, 222, 122, 18, 25, 18, 26,heze
2017/1/4, 183, 104, 5, 34, 14, 37,heze
2017/1/5, 191, 156, 8, 34, 14, 40,heze
2017/1/6, 231, 173, 15, 35, 19, 32,heze
2017/1/7, 266, 179, 16, 38, 22, 26,heze
2017/1/8, 280, 176, 23, 28, 21, 29,heze
2017/1/9, 215, 152, 25, 29, 20, 24,heze
2017/1/10, 215, 173, 27, 31, 28, 24,heze
2017/1/11, 235, 164, 21, 31, 22, 25,heze
2017/1/12, 233, 168, 17, 37, 29, 23,heze
2017/1/13, 239, 108, 25, 31, 29, 14,heze
2017/1/14, 163, 104, 25, 28, 27, 16,heze
2017/1/15, 166, 87, 34, 20, 21, 13,heze
2017/1/16, 158, 115, 30, 25, 22, 17,heze
2017/1/17, 180, 181, 25, 32, 28, 20,heze
2017/1/18, 256, 257, 31, 25, 25, 21,heze
2017/1/19, 284, 87, 31, 17, 18, 14,heze
2017/1/20, 116, 114, 29, 20, 23, 15,heze
2017/1/21, 170, 127, 28, 30, 42, 19,heze
2017/1/22, 184, 132, 29, 26, 41, 17,heze
2017/1/23, 188, 133, 21, 27, 40, 20,heze
2017/1/24, 205, 125, 38, 23, 27, 16,heze
2017/1/25, 201, 194, 45, 15, 18, 17,heze
2017/1/26, 222, 132, 42, 13, 23, 16,heze
2017/1/27, 207, 110, 33, 10, 23, 15,heze
2017/1/28, 188, 114, 27, 10, 12, 14,heze
2017/1/29, 183, 67, 36, 9, 17, 12,heze
2017/1/30, 114, 74, 35, 9, 13, 13,heze
2017/1/31, 154, 88, 40, 12, 12, 11,heze
2017/2/1, 172, 130, 51, 18, 23, 20,heze
2017/2/2, 210, 91, 37, 10, 8, 15,heze
2017/2/3, 180, 114, 36, 12, 11, 17,heze
2017/2/4, 206, 217, 21, 24, 14, 24,heze
2017/2/5, 315, 153, 35, 26, 29, 19,heze
2017/2/6, 236, 109, 20, 22, 28, 18,heze
2017/2/7, 175, 104, 33, 19, 22, 17,heze
2017/2/8, 177, 113, 40, 24, 21, 20,heze
2017/2/9, 185, 105, 35, 30, 30, 20,heze
2017/2/10, 166, 224, 34, 30, 37, 20,heze
2017/2/11, 261, 186, 56, 21, 27, 18,heze
2017/2/12, 279, 143, 55, 35, 39, 20,heze
2017/2/13, 197, 186, 46, 45, 41, 19,heze
2017/2/14, 240, 122, 62, 22, 21, 14,heze
2017/2/15, 182, 261, 47, 23, 19, 14,heze
2017/2/16, 226, 77, 25, 19, 22, 10,heze
2017/2/17, 118, 114, 42, 18, 20, 11,heze
2017/2/18, 166, 148, 55, 14, 15, 13,heze
2017/2/19, 194, 171, 41, 13, 15, 10,heze
2017/2/20, 123, 70, 26, 22, 25, 12,heze
2017/2/21, 119, 104, 24, 24, 20, 20,heze
2017/2/22, 199, 117, 42, 30, 25, 20,heze
2017/2/23, 197, 126, 43, 35, 33, 19,heze
2017/2/24, 185, 123, 40, 35, 30, 16,heze
2017/2/25, 175, 130, 45, 39, 36, 19,heze
2017/2/26, 179, 106, 63, 23, 27, 14,heze
2017/2/27, 169, 117, 44, 20, 24, 15,heze
2017/2/28, 179, 222, 40, 16, 14, 8,heze
2017/3/1, 131, 102, 44, 22, 26, 14,heze
2017/3/2, 145, 102, 50, 17, 19, 13,heze
2017/3/3, 151, 140, 62, 34, 38, 19,heze
2017/3/4, 185, 193, 39, 31, 32, 18,heze
2017/3/5, 222, 115, 54, 23, 24, 15,heze
2017/3/6, 160, 78, 46, 16, 18, 11,heze
2017/3/7, 112, 87, 41, 27, 22, 10,heze
2017/3/8, 136, 103, 39, 29, 28, 15,heze
2017/3/9, 152, 125, 51, 35, 52, 16,heze
2017/3/10, 174, 137, 69, 34, 35, 15,heze
2017/3/11, 190, 210, 41, 24, 25, 15,heze
2017/3/12, 183, 99, 37, 25, 27, 12,heze
2017/3/13, 133, 116, 52, 34, 34, 16,heze
2017/3/14, 166, 115, 57, 39, 41, 16,heze
2017/3/15, 169, 85, 61, 19, 20, 12,heze
2017/3/16, 158, 108, 76, 27, 22, 14,heze
2017/3/17, 171, 102, 90, 25, 22, 14,heze
2017/3/18, 169, 94, 53, 20, 40, 16,heze
2017/3/19, 150, 71, 57, 19, 22, 11,heze
2017/3/20, 139, 131, 56, 28, 27, 17,heze
2017/3/21, 197, 83, 43, 14, 28, 14,heze
2017/3/22, 148, 71, 35, 16, 20, 12,heze
2017/3/23, 143, 105, 36, 19, 12, 13,heze
2017/3/24, 182, 99, 45, 24, 17, 15,heze
2017/3/25, 168, 97, 45, 24, 20, 13,heze
2017/3/26, 136, 93, 58, 23, 24, 12,heze
2017/3/27, 143, 90, 47, 17, 16, 13,heze
2017/3/28, 154, 103, 49, 25, 13, 13,heze
2017/3/29, 175, 96, 39, 23, 16, 12,heze
2017/3/30, 171, 102, 61, 22, 10, 12,heze
2017/3/31, 173, 106, 66, 25, 17, 8,heze
2016/10/1, 138, 62, 50, 18, 14, 10,heze
2016/10/2, 136, 65, 63, 17, 16, 10,heze
2016/10/3, 120, 64, 63, 17, 13, 9,heze
2016/10/4, 121, 90, 57, 22, 19, 11,heze
2016/10/5, 144, 87, 24, 33, 23, 13,heze
2016/10/6, 129, 62, 28, 23, 18, 13,heze
2016/10/7, 109, 79, 32, 30, 15, 15,heze
2016/10/8, 153, 82, 25, 37, 23, 11,heze
2016/10/9, 133, 88, 32, 30, 28, 11,heze
2016/10/10, 135, 67, 33, 22, 17, 11,heze
2016/10/11, 106, 99, 30, 33, 21, 14,heze
2016/10/12, 155, 104, 38, 30, 20, 10,heze
2016/10/13, 168, 92, 46, 25, 26, 12,heze
2016/10/14, 154, 53, 28, 20, 11, 11,heze
2016/10/15, 123, 56, 48, 13, 10, 11,heze
2016/10/16, 140, 93, 62, 20, 15, 14,heze
2016/10/17, 168, 120, 60, 26, 24, 18,heze
2016/10/18, 188, 94, 58, 24, 17, 13,heze
2016/10/19, 166, 88, 26, 21, 26, 15,heze
2016/10/20, 152, 76, 21, 17, 11, 13,heze
2016/10/21, 148, 64, 15, 19, 12, 14,heze
2016/10/22, 140, 43, 21, 15, 7, 11,heze
2016/10/23, 102, 59, 18, 17, 16, 12,heze
2016/10/24, 138, 71, 22, 19, 10, 13,heze
2016/10/25, 155, 76, 17, 21, 11, 14,heze
2016/10/26, 167, 81, 9, 23, 19, 17,heze
2016/10/27, 168, 59, 20, 21, 14, 15,heze
2016/10/28, 122, 81, 26, 23, 28, 14,heze
2016/10/29, 129, 67, 34, 16, 17, 10,heze
2016/10/30, 122, 66, 25, 17, 18, 10,heze
2016/10/31, 98, 71, 25, 21, 23, 11,heze
2016/11/1, 136, 88, 26, 20, 17, 14,heze
2016/11/2, 157, 82, 31, 16, 14, 14,heze
2016/11/3, 157, 80, 36, 15, 15, 14,heze
2016/11/4, 154, 141, 31, 26, 23, 18,heze
2016/11/5, 178, 127, 26, 18, 13, 13,heze
2016/11/6, 197, 84, 25, 16, 14, 13,heze
2016/11/7, 175, 96, 35, 26, 17, 14,heze
2016/11/8, 170, 112, 27, 30, 32, 20,heze
2016/11/9, 175, 87, 28, 16, 13, 13,heze
2016/11/10, 153, 74, 29, 15, 11, 11,heze
2016/11/11, 126, 145, 22, 31, 13, 20,heze
2016/11/12, 214, 193, 39, 34, 28, 25,heze
2016/11/13, 253, 170, 23, 27, 25, 20,heze
2016/11/14, 239, 127, 30, 29, 36, 15,heze
2016/11/15, 169, 98, 20, 24, 30, 13,heze
2016/11/16, 151, 142, 20, 30, 31, 17,heze
2016/11/17, 187, 163, 9, 31, 18, 20,heze
2016/11/18, 259, 129, 9, 26, 13, 22,heze
2016/11/19, 215, 127, 11, 28, 30, 24,heze
2016/11/20, 214, 52, 18, 16, 14, 15,heze
2016/11/21, 119, 41, 27, 11, 11, 9,heze
2016/11/22, 77, 69, 30, 20, 28, 14,heze
2016/11/23, 128, 105, 30, 25, 21, 16,heze
2016/11/24, 177, 95, 32, 24, 20, 14,heze
2016/11/25, 167, 127, 29, 25, 26, 17,heze
2016/11/26, 178, 151, 19, 32, 29, 15,heze
2016/11/27, 179, 138, 26, 35, 39, 17,heze
2016/11/28, 180, 130, 21, 32, 40, 16,heze
2016/11/29, 179, 151, 25, 31, 28, 17,heze
2016/11/30, 194, 258, 27, 45, 43, 17,heze
2016/12/1, 279, 252, 44, 37, 37, 23,heze
2016/12/2, 286, 114, 35, 25, 18, 17,heze
2016/12/3, 175, 146, 29, 27, 23, 18,heze
2016/12/4, 200, 192, 23, 28, 19, 27,heze
2016/12/5, 240, 110, 35, 24, 20, 15,heze
2016/12/6, 172, 147, 30, 33, 31, 22,heze
2016/12/7, 201, 154, 29, 36, 36, 16,heze
2016/12/8, 218, 122, 21, 33, 34, 15,heze
2016/12/9, 185, 111, 28, 29, 35, 14,heze
2016/12/10, 168, 113, 17, 29, 38, 16,heze
2016/12/11, 182, 123, 10, 25, 34, 16,heze
2016/12/12, 193, 91, 19, 19, 18, 13,heze
2016/12/13, 167, 80, 29, 22, 20, 14,heze
2016/12/14, 149, 149, 25, 34, 35, 21,heze
2016/12/15, 245, 166, 38, 30, 31, 20,heze
2016/12/16, 259, 103, 32, 20, 16, 14,heze
2016/12/17, 180, 146, 29, 33, 25, 21,heze
2016/12/18, 226, 495, 17, 43, 27, 38,heze
2016/12/19, 496, 521, 6, 36, 29, 38,heze
2016/12/20, 450, 184, 19, 25, 19, 32,heze
2016/12/21, 288, 156, 19, 28, 23, 32,heze
2016/12/22, 262, 148, 12, 36, 22, 31,heze
2016/12/23, 241, 124, 13, 31, 29, 19,heze
2016/12/24, 201, 85, 11, 25, 21, 15,heze
2016/12/25, 163, 90, 7, 31, 15, 22,heze
2016/12/26, 194, 133, 14, 31, 22, 21,heze
2016/12/27, 243, 146, 17, 31, 19, 21,heze
2016/12/28, 241, 151, 24, 26, 25, 18,heze
2016/12/29, 241, 128, 30, 28, 19, 16,heze
2016/12/30, 199, 128, , , , ,heze
2016/7/1, 113, 66, 79, 13, 15, 11,heze
2016/7/2, 135, 81, 82, 12, 22, 11,heze
2016/7/3, 153, 76, 75, 11, 38, 12,heze
2016/7/4, 153, 82, 95, 15, 25, 11,heze
2016/7/5, 151, 96, 90, 16, 40, 12,heze
2016/7/6, 162, 77, 45, 11, 26, 14,heze
2016/7/7, 153, 75, 53, 13, 24, 13,heze
2016/7/8, 151, 70, 27, 12, 21, 12,heze
2016/7/9, 153, 72, 49, 15, 18, 10,heze
2016/7/10, 153, 82, 54, 13, 31, 10,heze
2016/7/11, 158, 76, 42, 12, 18, 12,heze
2016/7/12, 146, 71, 62, 8, 9, 10,heze
2016/7/13, 148, 89, 36, 15, 22, 11,heze
2016/7/14, 171, 40, 45, 7, 8, 8,heze
2016/7/15, 97, 76, 59, 11, 15, 10,heze
2016/7/16, 150, 69, 66, 12, 16, 9,heze
2016/7/17, 147, 73, 69, 13, 14, 11,heze
2016/7/18, 150, 79, 39, 10, 12, 10,heze
2016/7/19, 155, 33, 43, 5, 12, 10,heze
2016/7/20, 62, 39, 42, 5, 15, 11,heze
2016/7/21, 71, 57, 53, 7, 14, 13,heze
2016/7/22, 124, 57, 74, 7, 13, 14,heze
2016/7/23, 103, 61, 64, 8, 13, 9,heze
2016/7/24, 102, 63, 95, 8, 11, 10,heze
2016/7/25, 117, 64, 89, 10, 12, 11,heze
2016/7/26, 126, 84, 65, 16, 16, 12,heze
2016/7/27, 153, 64, 70, 10, 12, 10,heze
2016/7/28, 128, 63, 61, 11, 19, 10,heze
2016/7/29, 112, 74, 71, 13, 21, 10,heze
2016/7/30, 131, 66, 102, 12, 11, 12,heze
2016/7/31, 126, 81, 56, 13, 10, 9,heze
2016/8/1, 162, 62, 64, 10, 9, 10,heze
2016/8/2, 136, 81, 58, 14, 9, 12,heze
2016/8/3, 166, 61, 51, 12, 15, 9,heze
2016/8/4, 134, 56, 36, 16, 15, 10,heze
2016/8/5, 120, 50, 24, 13, 12, 9,heze
2016/8/6, 124, 63, 41, 9, 13, 11,heze
2016/8/7, 147, 37, 35, 6, 7, 9,heze
2016/8/8, 82, 69, 50, 10, 10, 13,heze
2016/8/9, 151, 63, 38, 13, 14, 10,heze
2016/8/10, 125, 65, 60, 11, 16, 10,heze
2016/8/11, 133, 66, 69, 10, 12, 10,heze
2016/8/12, 129, 75, 71, 11, 21, 10,heze
2016/8/13, 145, 84, 76, 14, 14, 12,heze
2016/8/14, 161, 69, 57, 10, 13, 11,heze
2016/8/15, 135, 73, 27, 11, 11, 10,heze
2016/8/16, 139, 115, 56, 15, 14, 14,heze
2016/8/17, 178, 74, 80, 12, 22, 13,heze
2016/8/18, 142, 76, 43, 11, 24, 15,heze
2016/8/19, 156, 54, 47, 9, 8, 11,heze
2016/8/20, 120, 65, 77, 11, 14, 13,heze
2016/8/21, 128, 77, 69, 12, 17, 14,heze
2016/8/22, 155, 74, 58, 13, 20, 13,heze
2016/8/23, 115, 65, 65, 13, 11, 11,heze
2016/8/24, 120, 53, 47, 11, 14, 10,heze
2016/8/25, 93, 45, 51, 12, 16, 9,heze
2016/8/26, 68, 68, 61, 21, 36, 11,heze
2016/8/27, 118, 95, 56, 23, 31, 12,heze
2016/8/28, 131, 86, 96, 23, 38, 11,heze
2016/8/29, 142, 85, 88, 22, 35, 10,heze
2016/8/30, 148, 90, 100, 17, 23, 11,heze
2016/8/31, 158, 97, 54, 23, 32, 9,heze
2016/9/1, 147, 91, 93, 25, 39, 13,heze
2016/9/2, 142, 121, 84, 26, 41, 14,heze
2016/9/3, 179, 169, 103, 32, 36, 19,heze
2016/9/4, 226, 106, 103, 21, 33, 13,heze
2016/9/5, 164, 119, 87, 25, 24, 13,heze
2016/9/6, 159, 65, 75, 15, 19, 12,heze
2016/9/7, 140, 92, 101, 24, 26, 13,heze
2016/9/8, 158, 96, 91, 20, 19, 12,heze
2016/9/9, 155, 63, 76, 18, 25, 10,heze
2016/9/10, 103, 104, 111, 21, 31, 14,heze
2016/9/11, 165, 95, 92, 20, 30, 13,heze
2016/9/12, 166, 75, 57, 20, 22, 12,heze
2016/9/13, 153, 116, 89, 34, 32, 16,heze
2016/9/14, 181, 110, 90, 23, 24, 13,heze
2016/9/15, 176, 89, 82, 24, 24, 13,heze
2016/9/16, 164, 96, 92, 27, 23, 12,heze
2016/9/17, 163, 93, 45, 19, 18, 12,heze
2016/9/18, 149, 64, 53, 17, 20, 10,heze
2016/9/19, 108, 78, 67, 25, 20, 10,heze
2016/9/20, 130, 119, 103, 32, 33, 12,heze
2016/9/21, 168, 102, 99, 18, 17, 9,heze
2016/9/22, 146, 101, 99, 17, 15, 10,heze
2016/9/23, 150, 111, 87, 19, 17, 11,heze
2016/9/24, 171, 157, 64, 24, 22, 14,heze
2016/9/25, 213, 95, 42, 22, 26, 12,heze
2016/9/26, 165, 59, 26, 14, 9, 14,heze
2016/9/27, 133, 69, 39, 15, 12, 8,heze
2016/9/28, 95, 74, 55, 22, 17, 11,heze
2016/9/29, 138, 120, 53, 38, 32, 15,heze
2016/9/30, 171, 78, 41, 19, 21, 9,heze
2016/4/1, 154, 323, 132, 20, 30, 14,heze
2016/4/2, 172, 86, 114, 14, 16, 10,heze
2016/4/3, 106, 104, 108, 20, 17, 11,heze
2016/4/4, 131, 92, 142, 15, 16, 11,heze
2016/4/5, 146, 103, 85, 19, 29, 14,heze
2016/4/6, 166, 172, 78, 15, 12, 15,heze
2016/4/7, 207, 258, 46, 19, 11, 21,heze
2016/4/8, 294, 262, 99, 26, 21, 20,heze
2016/4/9, 248, 231, 63, 18, 21, 15,heze
2016/4/10, 190, 163, 56, 16, 28, 16,heze
2016/4/11, 163, 129, 65, 13, 17, 16,heze
2016/4/12, 187, 151, 64, 23, 21, 14,heze
2016/4/13, 189, 118, 83, 21, 26, 11,heze
2016/4/14, 157, 155, 75, 15, 27, 15,heze
2016/4/15, 181, 98, 50, 14, 16, 12,heze
2016/4/16, 145, 126, 35, 20, 16, 11,heze
2016/4/17, 151, 95, 57, 13, 16, 13,heze
2016/4/18, 140, 93, 59, 13, 23, 13,heze
2016/4/19, 150, 124, 44, 21, 30, 17,heze
2016/4/20, 183, 158, 94, 18, 28, 20,heze
2016/4/21, 213, 121, 85, 17, 22, 16,heze
2016/4/22, 162, 140, 49, 23, 38, 16,heze
2016/4/23, 164, 92, 65, 18, 19, 16,heze
2016/4/24, 159, 94, 65, 16, 32, 14,heze
2016/4/25, 161, 96, 53, 18, 35, 11,heze
2016/4/26, 146, 93, 99, 19, 27, 12,heze
2016/4/27, 158, 143, 50, 25, 25, 16,heze
2016/4/28, 201, 117, 96, 22, 18, 14,heze
2016/4/29, 176, 88, 127, 10, 12, 13,heze
2016/4/30, 160, 85, 107, 10, 16, 8,heze
2016/5/1, 146, 181, 41, 12, 20, 11,heze
2016/5/2, 147, 73, 57, 11, 15, 9,heze
2016/5/3, 104, 86, 78, 11, 16, 11,heze
2016/5/4, 139, 79, 62, 12, 21, 13,heze
2016/5/5, 149, 335, 48, 15, 18, 11,heze
2016/5/6, 213, 222, 47, 19, 30, 13,heze
2016/5/7, 198, 90, 44, 19, 25, 15,heze
2016/5/8, 159, 67, 36, 12, 15, 12,heze
2016/5/9, 146, 89, 98, 15, 15, 15,heze
2016/5/10, 174, 85, 71, 11, 14, 13,heze
2016/5/11, 157, 86, 52, 9, 12, 10,heze
2016/5/12, 141, 73, 59, 15, 25, 11,heze
2016/5/13, 118, 69, 32, 16, 24, 18,heze
2016/5/14, 126, 72, 44, 18, 11, 15,heze
2016/5/15, 134, 85, 75, 16, 18, 12,heze
2016/5/16, 135, 77, 83, 12, 18, 11,heze
2016/5/17, 143, 86, 111, 17, 33, 11,heze
2016/5/18, 157, 85, 112, 18, 33, 13,heze
2016/5/19, 162, 82, 70, 19, 34, 12,heze
2016/5/20, 147, 80, 81, 19, 26, 10,heze
2016/5/21, 130, 66, 96, 15, 16, 8,heze
2016/5/22, 113, 89, 74, 20, 23, 11,heze
2016/5/23, 158, 74, 82, 15, 15, 11,heze
2016/5/24, 134, 80, 76, 13, 15, 9,heze
2016/5/25, 128, 99, 41, 23, 35, 12,heze
2016/5/26, 147, 65, 36, 21, 19, 10,heze
2016/5/27, 125, 80, 44, 14, 10, 11,heze
2016/5/28, 164, 85, 102, 19, 22, 13,heze
2016/5/29, 164, 79, 90, 21, 21, 12,heze
2016/5/30, 159, 89, 64, 16, 16, 13,heze
2016/5/31, 166, 85, 107, 12, 16, 8,heze
2016/6/1, 147, 91, 76, 18, 27, 10,heze
2016/6/2, 140, 95, 53, 20, 24, 12,heze
2016/6/3, 161, 89, 88, 16, 16, 11,heze
2016/6/4, 158, 72, 48, 14, 15, 10,heze
2016/6/5, 144, 89, 82, 18, 15, 14,heze
2016/6/6, 167, 94, 77, 15, 16, 14,heze
2016/6/7, 157, 91, 95, 13, 16, 14,heze
2016/6/8, 166, 99, 95, 13, 13, 11,heze
2016/6/9, 163, 83, 94, 10, 11, 12,heze
2016/6/10, 153, 130, 105, 13, 29, 13,heze
2016/6/11, 170, 119, 95, 19, 39, 12,heze
2016/6/12, 160, 93, 101, 13, 23, 13,heze
2016/6/13, 160, 62, 81, 9, 22, 10,heze
2016/6/14, 99, 55, 72, 10, 18, 10,heze
2016/6/15, 109, 83, 119, 19, 23, 12,heze
2016/6/16, 141, 78, 104, 14, 16, 10,heze
2016/6/17, 91, 69, 107, 14, 22, 10,heze
2016/6/18, 122, 92, 109, 21, 27, 12,heze
2016/6/19, 153, 83, 107, 17, 19, 10,heze
2016/6/20, 123, 70, 69, 18, 20, 12,heze
2016/6/21, 119, 77, 82, 22, 21, 12,heze
2016/6/22, 147, 56, 53, 14, 19, 12,heze
2016/6/23, 112, 52, 94, 16, 13, 15,heze
2016/6/24, 106, 88, 70, 31, 17, 14,heze
2016/6/25, 124, 93, 101, 24, 17, 14,heze
2016/6/26, 142, 58, 84, 13, 11, 10,heze
2016/6/27, 93, 55, 79, 11, 15, 10,heze
2016/6/28, 93, 59, 84, 13, 10, 10,heze
2016/6/29, 100, 58, 64, 10, 13, 11,heze
2016/6/30, 107, 56, 64, 10, 13, 7,heze
2016/1/4, 205, 154, 11, 31, 32, 27,heze
2016/1/5, 222, 133, 12, 31, 36, 29,heze
2016/1/6, 211, 159, 23, 35, 40, 28,heze
2016/1/7, 249, 243, 22, 40, 35, 34,heze
2016/1/8, 314, 169, 19, 30, 20, 28,heze
2016/1/9, 260, 267, 14, 28, 17, 27,heze
2016/1/10, 299, 201, 23, 21, 29, 16,heze
2016/1/11, 205, 85, 33, 21, 25, 16,heze
2016/1/12, 156, 160, 19, 34, 39, 22,heze
2016/1/13, 228, 139, 40, 32, 42, 22,heze
2016/1/14, 195, 132, 41, 32, 49, 23,heze
2016/1/15, 182, 207, 31, 38, 39, 28,heze
2016/1/16, 283, 192, 39, 24, 23, 26,heze
2016/1/17, 248, 131, 36, 26, 34, 24,heze
2016/1/18, 212, 192, 40, 33, 54, 19,heze
2016/1/19, 242, 155, 28, 36, 51, 22,heze
2016/1/20, 227, 117, 54, 24, 34, 16,heze
2016/1/21, 184, 150, 39, 26, 31, 21,heze
2016/1/22, 229, 95, 53, 34, 20, 12,heze
2016/1/23, 139, 81, 48, 31, 19, 11,heze
2016/1/24, 99, 93, 40, 63, 36, 14,heze
2016/1/25, 131, 99, 48, 27, 40, 18,heze
2016/1/26, 159, 132, 56, 34, 59, 19,heze
2016/1/27, 193, 163, 34, 42, 61, 21,heze
2016/1/28, 235, 205, 34, 36, 37, 25,heze
2016/1/29, 276, 87, 30, 17, 24, 13,heze
2016/1/30, 160, 89, 38, 16, 22, 15,heze
2016/1/31, 163, 152, 61, 31, 40, 21,heze
2016/2/1, 242, 149, 63, 30, 34, 19,heze
2016/2/2, 240, 106, 80, 20, 24, 14,heze
2016/2/3, 184, 127, 90, 28, 33, 14,heze
2016/2/4, 202, 140, 59, 23, 32, 21,heze
2016/2/5, 220, 104, 53, 19, 30, 16,heze
2016/2/6, 158, 95, 57, 12, 28, 13,heze
2016/2/7, 150, 149, 76, 11, 38, 14,heze
2016/2/8, 217, 145, 106, 13, 44, 19,heze
2016/2/9, 214, 118, 70, 16, 43, 20,heze
2016/2/10, 194, 209, 35, 20, 30, 32,heze
2016/2/11, 310, 158, 15, 20, 19, 32,heze
2016/2/12, 259, 48, 42, 12, 10, 22,heze
2016/2/13, 122, 46, 51, 10, 13, 12,heze
2016/2/14, 79, 58, 60, 13, 26, 13,heze
2016/2/15, 101, 65, 68, 16, 23, 13,heze
2016/2/16, 102, 94, 70, 21, 32, 17,heze
2016/2/17, 163, 87, 75, 21, 25, 17,heze
2016/2/18, 153, 179, 61, 21, 27, 16,heze
2016/2/19, 175, 112, 66, 18, 18, 13,heze
2016/2/20, 135, 109, 56, 17, 29, 15,heze
2016/2/21, 164, 183, 86, 15, 14, 16,heze
2016/2/22, 225, 163, 69, 18, 17, 13,heze
2016/2/23, 228, 113, 58, 27, 31, 15,heze
2016/2/24, 173, 153, 72, 27, 23, 16,heze
2016/2/25, 213, 163, 66, 31, 30, 19,heze
2016/2/26, 216, 168, 64, 28, 33, 17,heze
2016/2/27, 204, 105, 57, 20, 24, 14,heze
2016/2/28, 170, 88, 52, 22, 23, 13,heze
2016/2/29, 130, 108, 70, 18, 21, 9,heze
2016/3/1, 171, 131, 90, 21, 28, 16,heze
2016/3/2, 192, 133, 102, 15, 17, 15,heze
2016/3/3, 167, 149, 162, 20, 21, 19,heze
2016/3/4, 199, 334, 90, 19, 19, 19,heze
2016/3/5, 232, 293, 69, 24, 29, 19,heze
2016/3/6, 194, 274, 51, 26, 28, 20,heze
2016/3/7, 218, 135, 36, 17, 22, 13,heze
2016/3/8, 147, 78, 33, 19, 25, 12,heze
2016/3/9, 124, 111, 39, 31, 27, 12,heze
2016/3/10, 168, 129, 35, 29, 35, 14,heze
2016/3/11, 171, 104, 49, 19, 20, 12,heze
2016/3/12, 163, 140, 62, 31, 26, 16,heze
2016/3/13, 188, 119, 69, 31, 33, 15,heze
2016/3/14, 165, 135, 93, 17, 19, 15,heze
2016/3/15, 199, 136, 106, 21, 26, 13,heze
2016/3/16, 200, 142, 123, 19, 23, 12,heze
2016/3/17, 189, 194, 156, 23, 19, 16,heze
2016/3/18, 235, 290, 185, 43, 35, 22,heze
2016/3/19, 275, 223, 103, 29, 36, 16,heze
2016/3/20, 220, 152, 106, 30, 36, 14,heze
2016/3/21, 179, 188, 102, 23, 35, 13,heze
2016/3/22, 194, 132, 60, 15, 22, 10,heze
2016/3/23, 150, 106, 61, 25, 25, 12,heze
2016/3/24, 140, 132, 63, 31, 19, 13,heze
2016/3/25, 171, 170, 69, 27, 31, 16,heze
2016/3/26, 215, 126, 65, 27, 24, 13,heze
2016/3/27, 167, 155, 105, 15, 19, 10,heze
2016/3/28, 148, 127, 84, 20, 16, 10,heze
2016/3/29, 136, 165, 122, 30, 24, 14,heze
2016/3/30, 173, 126, 141, 14, 13, 11,heze
2016/3/31, 151, 91, 188, 13, 12, 9,heze
2015/10/1, 129, 165, 50, 28, 21, 10,heze
2015/10/2, 172, 207, 74, 44, 36, 16,heze
2015/10/3, 204, 234, 79, 48, 38, 22,heze
2015/10/4, 259, 130, 64, 21, 18, 12,heze
2015/10/5, 206, 149, 55, 28, 30, 14,heze
2015/10/6, 232, 94, 26, 21, 14, 14,heze
2015/10/7, 204, 79, 21, 22, 19, 12,heze
2015/10/8, 145, 91, 37, 23, 19, 13,heze
2015/10/9, 139, 93, 41, 23, 19, 11,heze
2015/10/10, 141, 138, 47, 33, 26, 15,heze
2015/10/11, 169, 190, 63, 42, 31, 19,heze
2015/10/12, 219, 163, 74, 44, 36, 17,heze
2015/10/13, 212, 136, 70, 28, 24, 14,heze
2015/10/14, 203, 225, 89, 39, 34, 18,heze
2015/10/15, 258, 193, 106, 48, 56, 23,heze
2015/10/16, 233, 151, 103, 28, 45, 17,heze
2015/10/17, 221, 190, 86, 30, 35, 20,heze
2015/10/18, 248, 109, 59, 26, 38, 15,heze
2015/10/19, 176, 109, 72, 24, 44, 13,heze
2015/10/20, 176, 148, 62, 30, 38, 15,heze
2015/10/21, 211, 130, 10, 22, 21, 16,heze
2015/10/22, 181, 137, 32, 29, 23, 20,heze
2015/10/23, 204, 163, 56, 29, 36, 18,heze
2015/10/24, 246, 119, 15, 31, 36, 17,heze
2015/10/25, 175, 81, 18, 21, 16, 16,heze
2015/10/26, 172, 102, 32, 29, 28, 17,heze
2015/10/27, 152, 134, 30, 40, 37, 15,heze
2015/10/28, 193, 131, 31, 33, 38, 17,heze
2015/10/29, 186, 128, 36, 32, 29, 13,heze
2015/10/30, 159, 141, 22, 38, 35, 15,heze
2015/10/31, 175, 109, 23, 31, 26, 11,heze
2015/11/1, 172, 122, 46, 37, 28, 17,heze
2015/11/2, 184, 104, 65, 24, 23, 14,heze
2015/11/3, 172, 138, 68, 26, 29, 18,heze
2015/11/4, 217, 205, 29, 29, 28, 24,heze
2015/11/5, 297, 29, 19, 10, 13, 13,heze
2015/11/6, 86, 40, 20, 11, 7, 12,heze
2015/11/7, 112, 67, 26, 15, 11, 13,heze
2015/11/8, 161, 116, 22, 20, 25, 17,heze
2015/11/9, 199, 119, 30, 18, 21, 19,heze
2015/11/10, 201, 161, 26, 31, 35, 25,heze
2015/11/11, 235, 229, 25, 34, 45, 33,heze
2015/11/12, 285, 210, 54, 29, 42, 35,heze
2015/11/13, 317, 185, 34, 31, 30, 30,heze
2015/11/14, 270, 127, 26, 25, 21, 19,heze
2015/11/15, 210, 82, 25, 19, 14, 21,heze
2015/11/16, 173, 94, 24, 17, 23, 14,heze
2015/11/17, 174, 80, 17, 17, 17, 10,heze
2015/11/18, 164, 115, 12, 23, 31, 14,heze
2015/11/19, 188, 132, 10, 24, 24, 18,heze
2015/11/20, 194, 94, 5, 25, 22, 23,heze
2015/11/21, 184, 25, 20, 16, 10, 12,heze
2015/11/22, 82, 60, 20, 19, 11, 14,heze
2015/11/23, 147, 50, 31, 41, 14, 15,heze
2015/11/24, 127, 74, 30, 30, 23, 13,heze
2015/11/25, 162, 140, 46, 18, 30, 14,heze
2015/11/26, 179, 72, 41, 18, 28, 15,heze
2015/11/27, 167, 128, 25, 31, 44, 28,heze
2015/11/28, 225, 189, 22, 27, 38, 46,heze
2015/11/29, 323, 184, 20, 22, 30, 30,heze
2015/11/30, 268, 164, 8, 21, 19, 22,heze
2015/12/1, 235, 143, 41, 29, 25, 28,heze
2015/12/2, 177, 103, 44, 22, 26, 11,heze
2015/12/3, 128, 140, 37, 28, 36, 15,heze
2015/12/4, 172, 266, 16, 36, 43, 18,heze
2015/12/5, 207, 250, 30, 39, 42, 22,heze
2015/12/6, 261, 275, 23, 36, 43, 17,heze
2015/12/7, 308, 196, 29, 39, 40, 18,heze
2015/12/8, 254, 138, 16, 25, 26, 14,heze
2015/12/9, 198, 532, 17, 48, 27, 48,heze
2015/12/10, 530, 197, 34, 30, 17, 24,heze
2015/12/11, 267, 168, 16, 31, 36, 19,heze
2015/12/12, 217, 214, 26, 39, 43, 26,heze
2015/12/13, 272, 214, 25, 37, 49, 28,heze
2015/12/14, 270, 127, 30, 24, 37, 17,heze
2015/12/15, 170, 82, 28, 22, 26, 14,heze
2015/12/16, 136, 103, 30, 35, 34, 16,heze
2015/12/17, 170, 114, 32, 42, 33, 16,heze
2015/12/18, 182, 199, 20, 57, 53, 19,heze
2015/12/19, 279, 260, 34, 50, 52, 27,heze
2015/12/20, 314, 252, 41, 41, 46, 24,heze
2015/12/21, 309, 132, 25, 27, 25, 8,heze
2015/12/22, 232, 259, 29, 32, 24, 28,heze
2015/12/23, 343, 582, 19, 54, 30, 63,heze
2015/12/24, 536, 305, 39, 40, 26, 37,heze
2015/12/25, 297, 146, 27, 34, 35, 26,heze
2015/12/26, 204, 90, 20, 21, 20, 18,heze
2015/12/27, 147, 134, 30, 23, 33, 19,heze
2015/12/28, 202, 118, 40, 19, 18, 15,heze
2015/12/29, 193, 196, 44, 29, 33, 27,heze
2015/12/30, 264, 122, 38, 27, 34, 18,heze
2015/12/31, 193, 122, , , , ,heze
2015/7/1, 161, 82, 77, 16, 17, 14,heze
2015/7/2, 154, 101, 95, 27, 36, 15,heze
2015/7/3, 177, 89, 109, 23, 20, 15,heze
2015/7/4, 164, 85, 98, 17, 14, 19,heze
2015/7/5, 170, 86, 59, 17, 17, 15,heze
2015/7/6, 173, 74, 66, 16, 22, 13,heze
2015/7/7, 166, 112, 91, 23, 36, 16,heze
2015/7/8, 186, 113, 92, 28, 38, 16,heze
2015/7/9, 186, 91, 79, 24, 27, 15,heze
2015/7/10, 165, 90, 49, 19, 20, 15,heze
2015/7/11, 175, 92, 74, 20, 21, 15,heze
2015/7/12, 172, 102, 105, 25, 21, 15,heze
2015/7/13, 172, 139, 103, 20, 20, 15,heze
2015/7/14, 159, 62, 56, 18, 12, 14,heze
2015/7/15, 146, 76, 46, 18, 9, 19,heze
2015/7/16, 171, 92, 57, 16, 10, 14,heze
2015/7/17, 179, 85, 56, 19, 16, 14,heze
2015/7/18, 171, 69, 58, 17, 18, 13,heze
2015/7/19, 156, 94, 64, 18, 15, 14,heze
2015/7/20, 186, 82, 63, 15, 12, 13,heze
2015/7/21, 167, 76, 61, 17, 8, 12,heze
2015/7/22, 162, 71, 43, 18, 10, 14,heze
2015/7/23, 155, 57, 77, 13, 8, 13,heze
2015/7/24, 144, 67, 71, 15, 10, 14,heze
2015/7/25, 140, 75, 86, 14, 9, 13,heze
2015/7/26, 162, 71, 49, 15, 11, 12,heze
2015/7/27, 142, 49, 41, 11, 9, 10,heze
2015/7/28, 105, 57, 55, 11, 9, 11,heze
2015/7/29, 102, 56, 54, 11, 8, 10,heze
2015/7/30, 112, 45, 42, 13, 9, 10,heze
2015/7/31, 97, 68, 47, 19, 20, 10,heze
2015/8/1, 139, 59, 46, 12, 10, 11,heze
2015/8/2, 125, 61, 54, 12, 10, 11,heze
2015/8/3, 113, 37, 49, 10, 13, 10,heze
2015/8/4, 103, 57, 31, 18, 20, 12,heze
2015/8/5, 126, 54, 38, 12, 12, 10,heze
2015/8/6, 134, 73, 51, 15, 15, 13,heze
2015/8/7, 160, 70, 59, 15, 21, 13,heze
2015/8/8, 151, 55, 42, 13, 22, 13,heze
2015/8/9, 123, 61, 52, 16, 22, 11,heze
2015/8/10, 132, 87, 80, 20, 22, 13,heze
2015/8/11, 163, 121, 76, 27, 17, 16,heze
2015/8/12, 197, 93, 62, 19, 11, 13,heze
2015/8/13, 173, 61, 48, 13, 10, 13,heze
2015/8/14, 142, 58, 71, 17, 20, 12,heze
2015/8/15, 140, 89, 90, 20, 20, 16,heze
2015/8/16, 173, 82, 52, 18, 11, 13,heze
2015/8/17, 164, 77, 53, 19, 19, 12,heze
2015/8/18, 156, 57, 41, 16, 11, 11,heze
2015/8/19, 131, 68, 61, 24, 12, 12,heze
2015/8/20, 136, 86, 88, 22, 14, 14,heze
2015/8/21, 160, 85, 69, 15, 13, 13,heze
2015/8/22, 158, 47, 81, 17, 15, 11,heze
2015/8/23, 117, 79, 53, 15, 15, 14,heze
2015/8/24, 155, 58, 69, 13, 12, 17,heze
2015/8/25, 139, 66, 65, 16, 15, 16,heze
2015/8/26, 147, 82, 77, 23, 17, 18,heze
2015/8/27, 158, 88, 73, 24, 13, 15,heze
2015/8/28, 163, 61, 71, 18, 16, 14,heze
2015/8/29, 123, 86, 85, 29, 19, 15,heze
2015/8/30, 162, 70, 54, 14, 14, 17,heze
2015/8/31, 157, 47, 42, 11, 11, 6,heze
2015/9/1, 115, 43, 42, 13, 9, 11,heze
2015/9/2, 99, 81, 75, 24, 20, 15,heze
2015/9/3, 150, 85, 40, 22, 12, 18,heze
2015/9/4, 152, 63, 39, 14, 9, 14,heze
2015/9/5, 145, 79, 47, 16, 15, 20,heze
2015/9/6, 163, 72, 63, 21, 22, 16,heze
2015/9/7, 144, 107, 62, 28, 25, 17,heze
2015/9/8, 157, 78, 44, 20, 39, 16,heze
2015/9/9, 146, 111, 67, 18, 24, 24,heze
2015/9/10, 188, 66, 34, 14, 10, 18,heze
2015/9/11, 141, 72, 37, 20, 16, 15,heze
2015/9/12, 115, 87, 46, 28, 21, 14,heze
2015/9/13, 133, 82, 74, 23, 27, 13,heze
2015/9/14, 143, 120, 66, 34, 32, 16,heze
2015/9/15, 168, 106, 70, 30, 28, 17,heze
2015/9/16, 167, 82, 53, 23, 18, 15,heze
2015/9/17, 144, 88, 66, 22, 19, 15,heze
2015/9/18, 161, 136, 85, 27, 27, 20,heze
2015/9/19, 198, 125, 104, 26, 37, 19,heze
2015/9/20, 188, 121, 88, 21, 29, 17,heze
2015/9/21, 186, 98, 45, 23, 28, 15,heze
2015/9/22, 170, 114, 74, 29, 25, 17,heze
2015/9/23, 189, 138, 54, 37, 26, 18,heze
2015/9/24, 204, 106, 80, 24, 23, 16,heze
2015/9/25, 185, 115, 91, 26, 45, 17,heze
2015/9/26, 174, 122, 92, 22, 35, 19,heze
2015/9/27, 179, 111, 80, 21, 42, 20,heze
2015/9/28, 179, 112, 73, 18, 23, 17,heze
2015/9/29, 179, 113, 48, 22, 20, 14,heze
2015/9/30, 176, 107, 41, 20, 16, 6,heze
2015/4/1, 148, 48, 49, 12, 8, 17,heze
2015/4/2, 134, 104, 67, 27, 25, 21,heze
2015/4/3, 187, 94, 67, 21, 25, 18,heze
2015/4/4, 182, 129, 55, 25, 19, 20,heze
2015/4/5, 199, 108, 33, 17, 26, 16,heze
2015/4/6, 171, 73, 37, 17, 27, 16,heze
2015/4/7, 152, 71, 41, 13, 14, 15,heze
2015/4/8, 141, 79, 46, 14, 19, 17,heze
2015/4/9, 154, 98, 53, 19, 28, 18,heze
2015/4/10, 172, 99, 58, 15, 35, 18,heze
2015/4/11, 177, 111, 49, 14, 16, 16,heze
2015/4/12, 149, 63, 28, 16, 21, 16,heze
2015/4/13, 135, 96, 44, 24, 27, 20,heze
2015/4/14, 169, 105, 45, 15, 17, 18,heze
2015/4/15, 152, 264, 47, 14, 15, 15,heze
2015/4/16, 142, 149, 31, 29, 46, 23,heze
2015/4/17, 175, 144, 67, 28, 52, 19,heze
2015/4/18, 178, 75, 42, 14, 13, 15,heze
2015/4/19, 158, 88, 60, 20, 28, 17,heze
2015/4/20, 155, 93, 45, 21, 16, 17,heze
2015/4/21, 157, 100, 71, 20, 21, 17,heze
2015/4/22, 170, 105, 70, 17, 19, 17,heze
2015/4/23, 163, 106, 108, 22, 30, 18,heze
2015/4/24, 173, 125, 105, 28, 28, 19,heze
2015/4/25, 190, 89, 99, 15, 23, 18,heze
2015/4/26, 162, 82, 70, 16, 20, 18,heze
2015/4/27, 156, 94, 62, 16, 29, 18,heze
2015/4/28, 184, 91, 109, 18, 22, 14,heze
2015/4/29, 171, 100, 111, 18, 20, 15,heze
2015/4/30, 174, 86, 117, 15, 29, 11,heze
2015/5/1, 163, 54, 77, 10, 13, 13,heze
2015/5/2, 150, 97, 99, 19, 22, 17,heze
2015/5/3, 183, 111, 95, 20, 36, 15,heze
2015/5/4, 173, 91, 90, 12, 17, 13,heze
2015/5/5, 161, 92, 78, 17, 25, 15,heze
2015/5/6, 172, 110, 78, 17, 27, 16,heze
2015/5/7, 205, 108, 88, 17, 27, 17,heze
2015/5/8, 195, 81, 72, 15, 35, 16,heze
2015/5/9, 173, 102, 57, 12, 22, 13,heze
2015/5/10, 187, 60, 83, 16, 13, 15,heze
2015/5/11, 136, 85, 95, 14, 16, 10,heze
2015/5/12, 148, 110, 91, 13, 12, 13,heze
2015/5/13, 164, 109, 90, 15, 25, 14,heze
2015/5/14, 177, 131, 142, 20, 41, 16,heze
2015/5/15, 181, 114, 106, 19, 29, 12,heze
2015/5/16, 170, 90, 97, 12, 18, 15,heze
2015/5/17, 162, 86, 127, 13, 14, 15,heze
2015/5/18, 173, 121, 104, 17, 34, 11,heze
2015/5/19, 171, 92, 60, 15, 31, 10,heze
2015/5/20, 148, 106, 48, 28, 36, 13,heze
2015/5/21, 164, 107, 84, 23, 31, 13,heze
2015/5/22, 173, 88, 84, 14, 22, 10,heze
2015/5/23, 167, 107, 121, 24, 20, 13,heze
2015/5/24, 173, 111, 129, 19, 24, 14,heze
2015/5/25, 179, 106, 98, 18, 34, 14,heze
2015/5/26, 180, 111, 106, 16, 41, 15,heze
2015/5/27, 193, 87, 77, 12, 34, 14,heze
2015/5/28, 175, 100, 91, 14, 43, 15,heze
2015/5/29, 187, 102, 152, 17, 37, 15,heze
2015/5/30, 196, 116, 146, 17, 24, 14,heze
2015/5/31, 198, 98, 92, 14, 18, 7,heze
2015/6/1, 182, 98, 94, 14, 18, 13,heze
2015/6/2, 170, 91, 71, 17, 24, 16,heze
2015/6/3, 147, 86, 46, 16, 13, 13,heze
2015/6/4, 134, 113, 60, 17, 14, 11,heze
2015/6/5, 143, 145, 72, 15, 11, 13,heze
2015/6/6, 171, 156, 113, 17, 16, 16,heze
2015/6/7, 188, 133, 89, 16, 22, 13,heze
2015/6/8, 164, 160, 110, 23, 22, 15,heze
2015/6/9, 200, 148, 83, 14, 20, 16,heze
2015/6/10, 171, 86, 68, 17, 16, 13,heze
2015/6/11, 127, 140, 92, 23, 21, 12,heze
2015/6/12, 175, 111, 95, 17, 19, 12,heze
2015/6/13, 170, 98, 103, 18, 32, 12,heze
2015/6/14, 174, 106, 57, 37, 28, 21,heze
2015/6/15, 186, 87, 81, 16, 12, 12,heze
2015/6/16, 180, 103, 116, 21, 18, 13,heze
2015/6/17, 192, 167, 125, 26, 27, 16,heze
2015/6/18, 245, 180, 103, 20, 26, 16,heze
2015/6/19, 252, 65, 88, 18, 27, 11,heze
2015/6/20, 158, 108, 104, 29, 29, 13,heze
2015/6/21, 181, 90, 104, 17, 22, 11,heze
2015/6/22, 173, 97, 81, 19, 35, 14,heze
2015/6/23, 187, 44, 51, 12, 17, 8,heze
2015/6/24, 131, 32, 48, 10, 12, 12,heze
2015/6/25, 126, 61, 64, 16, 16, 15,heze
2015/6/26, 151, 66, 98, 13, 17, 13,heze
2015/6/27, 164, 66, 123, 14, 20, 13,heze
2015/6/28, 159, 51, 61, 14, 14, 11,heze
2015/6/29, 146, 54, 45, 10, 9, 13,heze
2015/6/30, 153, 75, 79, 15, 13, 10,heze
2015/1/1, 168, 134, , 30, 47, ,heze
2015/1/2, 185, 177, 26, 27, 38, 8,heze
2015/1/3, 196, 187, 30, 37, 49, 25,heze
2015/1/4, 267, 341, 8, 50, 55, 40,heze
2015/1/5, 391, 120, 31, 23, 36, 19,heze
2015/1/6, 180, 126, 21, 35, 51, 20,heze
2015/1/7, 187, 229, 19, 45, 56, 24,heze
2015/1/8, 258, 297, 23, 51, 57, 30,heze
2015/1/9, 334, 355, 32, 54, 61, 36,heze
2015/1/10, 379, 244, 30, 39, 46, 23,heze
2015/1/11, 290, 117, 20, 28, 50, 17,heze
2015/1/12, 190, 98, 24, 24, 50, 16,heze
2015/1/13, 172, 131, 29, 19, 31, 16,heze
2015/1/14, 206, 233, 26, 28, 40, 25,heze
2015/1/15, 383, 206, 31, 28, 35, 22,heze
2015/1/16, 283, 129, 29, 26, 35, 18,heze
2015/1/17, 195, 137, 31, 18, 32, 18,heze
2015/1/18, 170, 180, 28, 24, 40, 16,heze
2015/1/19, 218, 161, 31, 27, 39, 16,heze
2015/1/20, 198, 171, 34, 30, 39, 25,heze
2015/1/21, 222, 191, 32, 27, 46, 19,heze
2015/1/22, 257, 164, 35, 28, 50, 18,heze
2015/1/23, 201, 216, 8, 40, 49, 27,heze
2015/1/24, 314, 134, 30, 27, 28, 24,heze
2015/1/25, 252, 180, 15, 30, 38, 24,heze
2015/1/26, 299, 96, 30, 23, 46, 17,heze
2015/1/27, 180, 158, 16, 23, 40, 17,heze
2015/1/28, 225, 112, 20, 24, 36, 18,heze
2015/1/29, 206, 208, 34, 27, 32, 25,heze
2015/1/30, 293, 102, 28, 31, 42, 16,heze
2015/1/31, 163, 119, 27, 33, 37, 11,heze
2015/2/1, 178, 123, 31, 32, 37, 18,heze
2015/2/2, 195, 170, 25, 26, 39, 26,heze
2015/2/3, 251, 148, 33, 27, 40, 26,heze
2015/2/4, 234, 124, 33, 28, 33, 22,heze
2015/2/5, 163, 128, 35, 29, 42, 21,heze
2015/2/6, 189, 147, 28, 28, 46, 24,heze
2015/2/7, 205, 95, 29, 23, 39, 16,heze
2015/2/8, 146, 95, 33, 22, 38, 16,heze
2015/2/9, 155, 120, 33, 24, 38, 19,heze
2015/2/10, 183, 144, 61, 24, 38, 24,heze
2015/2/11, 197, 197, 39, 35, 54, 32,heze
2015/2/12, 272, 147, 53, 29, 48, 28,heze
2015/2/13, 216, 168, 42, 25, 35, 24,heze
2015/2/14, 226, 153, 32, 17, 18, 32,heze
2015/2/15, 256, 191, 54, 19, 36, 29,heze
2015/2/16, 248, 180, 45, 20, 46, 23,heze
2015/2/17, 221, 143, 34, 21, 41, 25,heze
2015/2/18, 204, 150, 33, 16, 48, 21,heze
2015/2/19, 241, 71, 20, 14, 21, 19,heze
2015/2/20, 158, 100, 25, 11, 16, 23,heze
2015/2/21, 199, 134, 37, 12, 23, 14,heze
2015/2/22, 173, 120, 29, 16, 34, 17,heze
2015/2/23, 162, 125, 36, 13, 22, 16,heze
2015/2/24, 179, 182, 49, 13, 19, 19,heze
2015/2/25, 208, 159, 43, 21, 40, 23,heze
2015/2/26, 205, 93, 28, 20, 36, 17,heze
2015/2/27, 167, 92, 30, 19, 41, 17,heze
2015/2/28, 169, 100, 35, 18, 33, 10,heze
2015/3/1, 163, 98, 31, 13, 28, 14,heze
2015/3/2, 165, 173, 62, 13, 23, 13,heze
2015/3/3, 136, 80, 33, 22, 41, 14,heze
2015/3/4, 139, 135, 29, 25, 48, 16,heze
2015/3/5, 198, 129, 39, 15, 26, 14,heze
2015/3/6, 209, 96, 43, 13, 16, 13,heze
2015/3/7, 171, 112, 33, 20, 27, 17,heze
2015/3/8, 186, 131, 30, 19, 29, 17,heze
2015/3/9, 187, 83, 37, 20, 28, 14,heze
2015/3/10, 146, 104, 40, 21, 32, 16,heze
2015/3/11, 168, 193, 44, 18, 35, 17,heze
2015/3/12, 191, 168, 48, 26, 42, 19,heze
2015/3/13, 226, 120, 42, 22, 39, 16,heze
2015/3/14, 178, 254, 37, 19, 26, 16,heze
2015/3/15, 310, 109, 56, 19, 21, 17,heze
2015/3/16, 191, 131, 19, 21, 25, 19,heze
2015/3/17, 216, 90, 30, 21, 28, 15,heze
2015/3/18, 172, 133, 43, 26, 22, 18,heze
2015/3/19, 201, 146, 45, 24, 29, 20,heze
2015/3/20, 219, 141, 67, 23, 30, 15,heze
2015/3/21, 177, 210, 86, 28, 50, 16,heze
2015/3/22, 187, 123, 22, 26, 42, 14,heze
2015/3/23, 154, 134, 55, 22, 29, 19,heze
2015/3/24, 171, 88, 58, 16, 36, 15,heze
2015/3/25, 147, 85, 38, 21, 40, 16,heze
2015/3/26, 156, 97, 53, 21, 22, 16,heze
2015/3/27, 165, 145, 71, 22, 23, 19,heze
2015/3/28, 180, 310, 97, 35, 47, 24,heze
2015/3/29, 214, 209, 97, 18, 32, 21,heze
2015/3/30, 196, 108, 65, 18, 22, 29,heze
2015/3/31, 197, 50, 36, 15, 10, 12,heze
2014/10/1, 143, 112, 37, 32, 18, 12,heze
2014/10/2, 187, 147, 69, 33, 36, 19,heze
2014/10/3, 218, 103, 64, 20, 32, 14,heze
2014/10/4, 176, 203, 57, 28, 30, 22,heze
2014/10/5, 289, 122, 65, 30, 30, 13,heze
2014/10/6, 188, 117, 94, 36, 39, 12,heze
2014/10/7, 184, 113, 82, 29, 37, 9,heze
2014/10/8, 178, 114, 63, 33, 33, 14,heze
2014/10/9, 183, 114, 54, 41, 33, 15,heze
2014/10/10, 187, 152, 69, 58, 43, 20,heze
2014/10/11, 202, 152, 28, 35, 18, 13,heze
2014/10/12, 179, 79, 48, 25, 23, 9,heze
2014/10/13, 140, 133, 71, 43, 35, 15,heze
2014/10/14, 193, 152, 63, 42, 24, 15,heze
2014/10/15, 198, 120, 41, 41, 40, 15,heze
2014/10/16, 152, 161, 74, 38, 29, 16,heze
2014/10/17, 196, 219, 98, 43, 42, 19,heze
2014/10/18, 278, 130, 40, 28, 21, 17,heze
2014/10/19, 218, 134, 18, 22, 22, 14,heze
2014/10/20, 231, 100, 48, 20, 27, 5,heze
2014/10/21, 184, 129, 94, 28, 33, 12,heze
2014/10/22, 187, 107, 98, 16, 21, 11,heze
2014/10/23, 176, 88, 93, 15, 18, 10,heze
2014/10/24, 163, 95, 101, 16, 22, 11,heze
2014/10/25, 168, 147, 41, 21, 30, 13,heze
2014/10/26, 199, 102, 172, 25, 38, 10,heze
2014/10/27, 129, 129, 47, 29, 48, 14,heze
2014/10/28, 167, 118, 37, 30, 37, 13,heze
2014/10/29, 171, 107, 34, 24, 29, 13,heze
2014/10/30, 173, 131, 31, 24, 36, 15,heze
2014/10/31, 200, 134, 21, 28, 25, 18,heze
2014/11/1, 207, 121, 39, 22, 24, 12,heze
2014/11/2, 126, 122, 34, 26, 39, 13,heze
2014/11/3, 169, 100, 47, 20, 34, 10,heze
2014/11/4, 148, 137, 26, 29, 35, 14,heze
2014/11/5, 186, 162, 54, 28, 35, 17,heze
2014/11/6, 209, 126, 63, 28, 44, 15,heze
2014/11/7, 169, 157, 35, 31, 33, 17,heze
2014/11/8, 204, 193, 52, 36, 33, 18,heze
2014/11/9, 204, 112, 163, 25, 29, 12,heze
2014/11/10, 181, 124, 40, 24, 29, 14,heze
2014/11/11, 184, 113, 35, 21, 25, 10,heze
2014/11/12, 127, 150, 35, 31, 47, 13,heze
2014/11/13, 164, 171, 38, 37, 58, 13,heze
2014/11/14, 191, 141, 25, 35, 41, 17,heze
2014/11/15, 200, 176, 25, 28, 23, 22,heze
2014/11/16, 215, 200, 29, 35, 53, 24,heze
2014/11/17, 221, 132, 41, 38, 45, 19,heze
2014/11/18, 181, 128, 34, 34, 51, 13,heze
2014/11/19, 183, 163, 45, 34, 41, 16,heze
2014/11/20, 209, 263, 37, 48, 51, 21,heze
2014/11/21, 271, 481, 15, 62, 49, 35,heze
2014/11/22, 461, 191, 18, 42, 32, 29,heze
2014/11/23, 293, 246, 19, 40, 49, 23,heze
2014/11/24, 291, 286, 8, 45, 47, 32,heze
2014/11/25, 322, 141, 28, 23, 27, 20,heze
2014/11/26, 218, 96, 15, 26, 23, 26,heze
2014/11/27, 185, 90, 17, 23, 19, 19,heze
2014/11/28, 175, 119, 13, 26, 31, 18,heze
2014/11/29, 197, 119, 26, 28, 35, 21,heze
2014/11/30, 198, 121, 54, 14, 27, 9,heze
2014/12/1, 113, 142, 34, 27, 45, 14,heze
2014/12/2, 162, 205, 17, 32, 60, 18,heze
2014/12/3, 191, 224, 38, 31, 45, 20,heze
2014/12/4, 208, 214, 24, 38, 50, 13,heze
2014/12/5, 192, 148, 26, 33, 55, 10,heze
2014/12/6, 201, 251, 37, 38, 43, 28,heze
2014/12/7, 275, 195, 27, 36, 56, 21,heze
2014/12/8, 224, 146, 89, 34, 59, 17,heze
2014/12/9, 211, 149, 23, 24, 40, 10,heze
2014/12/10, 194, 170, 31, 27, 36, 19,heze
2014/12/11, 176, 113, 35, 25, 36, 15,heze
2014/12/12, 154, 107, 35, 28, 52, 18,heze
2014/12/13, 163, 165, 30, 31, 45, 17,heze
2014/12/14, 196, 237, 36, 28, 49, 20,heze
2014/12/15, 234, 96, 41, 19, 33, 15,heze
2014/12/16, 124, 109, 31, 26, 42, 18,heze
2014/12/17, 152, 125, 37, 28, 47, 11,heze
2014/12/18, 178, 123, 33, 26, 45, 18,heze
2014/12/19, 186, 137, 23, 32, 45, 21,heze
2014/12/20, 214, 114, 33, 24, 39, 19,heze
2014/12/21, 179, 112, 27, 28, 48, 18,heze
2014/12/22, 166, 126, 33, 32, 46, 18,heze
2014/12/23, 190, 171, 26, 33, 57, 21,heze
2014/12/24, 244, 127, 25, 31, 50, 22,heze
2014/12/25, 191, 198, 21, 37, 52, 25,heze
2014/12/26, 234, 145, 24, 33, 46, 16,heze
2014/12/27, 217, 187, 23, 37, 51, 11,heze
2014/12/28, 244, 187, , , , ,heze
2014/7/1, 152, 103, 90, 11, 17, 12,heze
2014/7/2, 128, 77, 91, 12, 25, 14,heze
2014/7/3, 143, 92, 73, 12, 14, 11,heze
2014/7/4, 122, 145, 103, 17, 18, 16,heze
2014/7/5, 195, 111, 106, 16, 21, 17,heze
2014/7/6, 185, 150, 106, 19, 34, 16,heze
2014/7/7, 197, 122, 110, 14, 20, 14,heze
2014/7/8, 170, 147, 70, 33, 23, 14,heze
2014/7/9, 151, 82, 37, 14, 18, 13,heze
2014/7/10, 113, 120, 91, 17, 22, 13,heze
2014/7/11, 174, 76, 50, 19, 13, ,heze
2014/7/12, 132, 68, 120, 16, 15, 13,heze
2014/7/13, 130, 72, 91, 14, 24, 13,heze
2014/7/14, 136, 153, 75, 14, 14, 11,heze
2014/7/15, 134, 65, 85, 13, 13, 10,heze
2014/7/16, 121, 62, 80, 14, 22, 11,heze
2014/7/17, 120, 50, 55, 15, 17, 12,heze
2014/7/18, 85, 61, 60, 19, 15, 13,heze
2014/7/19, 116, 60, 70, 16, 26, 16,heze
2014/7/20, 116, 56, 121, 11, 28, 12,heze
2014/7/21, 110, 113, 76, 16, 26, 13,heze
2014/7/22, 153, 86, 59, 13, 19, 12,heze
2014/7/23, 110, 76, 78, 14, 28, 14,heze
2014/7/24, 142, 64, 61, 11, 16, 9,heze
2014/7/25, 134, 89, 125, 25, 28, 15,heze
2014/7/26, 164, 92, 74, 16, 18, 15,heze
2014/7/27, 173, 89, 87, 14, 31, 13,heze
2014/7/28, 170, 86, 108, 16, 21, 8,heze
2014/7/29, 157, 30, 56, 11, 9, 9,heze
2014/7/30, 71, 80, 85, 13, 13, 13,heze
2014/7/31, 159, 86, 36, 18, 10, 12,heze
2014/8/1, 163, 69, 67, 17, 12, 15,heze
2014/8/2, 154, 103, 96, 16, 16, 17,heze
2014/8/3, 185, 95, 81, 22, 36, 16,heze
2014/8/4, 161, 70, 45, 11, 17, 14,heze
2014/8/5, 150, 63, 67, 13, 31, 18,heze
2014/8/6, 140, 43, 41, 13, 12, 11,heze
2014/8/7, 105, 81, 66, 17, 19, 15,heze
2014/8/8, 163, 54, 47, 12, 17, 12,heze
2014/8/9, 124, 66, 34, 11, 15, 2,heze
2014/8/10, 144, 77, 73, 12, 21, 5,heze
2014/8/11, 156, 94, 98, 20, 19, 9,heze
2014/8/12, 166, 64, 68, 10, 17, 8,heze
2014/8/13, 147, 62, 64, 13, 8, 10,heze
2014/8/14, 139, 87, 89, 18, 15, 12,heze
2014/8/15, 165, 73, 71, 13, 24, 17,heze
2014/8/16, 147, 82, 37, 17, 22, 12,heze
2014/8/17, 160, 80, 60, 14, 31, 4,heze
2014/8/18, 176, 85, 89, 19, 28, 6,heze
2014/8/19, 170, 106, 90, 23, 29, 15,heze
2014/8/20, 182, 81, 78, 14, 15, 12,heze
2014/8/21, 151, 79, 71, 15, 17, 13,heze
2014/8/22, 154, 87, 45, 16, 16, 17,heze
2014/8/23, 164, 74, 75, 13, 11, 12,heze
2014/8/24, 161, 90, 102, 21, 47, 13,heze
2014/8/25, 166, 123, 97, 34, 32, 16,heze
2014/8/26, 179, 96, 62, 21, 17, 15,heze
2014/8/27, 169, 66, 67, 13, 23, 12,heze
2014/8/28, 138, 73, 82, 18, 24, 14,heze
2014/8/29, 150, 84, 56, 24, 22, 13,heze
2014/8/30, 154, 67, 67, 16, 19, 16,heze
2014/8/31, 152, 78, 36, 24, 37, 17,heze
2014/9/1, 160, 57, 51, 15, 17, 11,heze
2014/9/2, 135, 51, 57, 12, 9, 13,heze
2014/9/3, 102, 73, 80, 21, 15, 11,heze
2014/9/4, 128, 69, 82, 14, 16, 11,heze
2014/9/5, 144, 98, 76, 17, 25, 18,heze
2014/9/6, 176, 102, 48, 15, 13, 18,heze
2014/9/7, 180, 89, 67, 16, 20, 15,heze
2014/9/8, 176, 81, 66, 18, 20, 15,heze
2014/9/9, 163, 103, 65, 22, 23, 18,heze
2014/9/10, 184, 60, 35, 17, 24, 13,heze
2014/9/11, 122, 57, 40, 15, 17, 12,heze
2014/9/12, 126, 80, 68, 14, 24, 15,heze
2014/9/13, 162, 58, 36, 18, 17, 15,heze
2014/9/14, 134, 52, 34, 16, 25, 14,heze
2014/9/15, 132, 43, 26, 17, 11, 9,heze
2014/9/16, 115, 27, 20, 21, 14, 11,heze
2014/9/17, 88, 82, 25, 22, 27, 15,heze
2014/9/18, 169, 71, 45, 21, 15, 16,heze
2014/9/19, 142, 58, 44, 15, 11, 12,heze
2014/9/20, 111, 75, 67, 22, 17, 12,heze
2014/9/21, 137, 98, 65, 29, 31, 14,heze
2014/9/22, 153, 94, 59, 29, 33, 14,heze
2014/9/23, 157, 134, 49, 25, 22, 23,heze
2014/9/24, 206, 121, 69, 32, 37, 17,heze
2014/9/25, 193, 87, 62, 21, 22, 15,heze
2014/9/26, 166, 113, 43, 29, 25, 18,heze
2014/9/27, 188, 89, 40, 23, 13, 15,heze
2014/9/28, 168, 74, 56, 17, 34, 10,heze
2014/9/29, 160, 67, 34, 23, 33, 9,heze
2014/9/30, 128, 85, 42, 30, 31, 11,heze
2014/4/1, 155, 96, 74, 25, 26, 11,heze
2014/4/2, 157, 143, 57, 28, 40, 18,heze
2014/4/3, 172, 126, 112, 29, 25, 17,heze
2014/4/4, 170, 97, 37, 19, 21, 3,heze
2014/4/5, 126, 98, 46, 26, 34, 3,heze
2014/4/6, 149, 110, 63, 21, 46, 14,heze
2014/4/7, 161, 122, 62, 23, 33, 9,heze
2014/4/8, 182, 104, 117, 15, 19, 13,heze
2014/4/9, 174, 151, 63, 25, 42, 15,heze
2014/4/10, 193, 116, 37, 21, 28, 14,heze
2014/4/11, 172, 121, 58, 27, 26, 21,heze
2014/4/12, 200, 127, 61, 22, 20, 16,heze
2014/4/13, 206, 79, 73, 16, 23, 7,heze
2014/4/14, 158, 128, 50, 26, 50, 19,heze
2014/4/15, 194, 130, 65, 29, 52, 12,heze
2014/4/16, 194, 152, 71, 25, 32, 13,heze
2014/4/17, 219, 216, 27, 32, 41, 19,heze
2014/4/18, 316, 78, 57, 20, 17, 11,heze
2014/4/19, 164, 136, 64, 23, 32, 16,heze
2014/4/20, 184, 143, 57, 31, 53, 16,heze
2014/4/21, 188, 131, 61, 32, 36, 18,heze
2014/4/22, 190, 89, 70, 26, 29, 18,heze
2014/4/23, 160, 101, 89, 35, 40, 16,heze
2014/4/24, 157, 94, 38, 33, 39, 18,heze
2014/4/25, 167, 50, 40, 14, 10, 10,heze
2014/4/26, 107, 76, 69, 16, 13, 10,heze
2014/4/27, 140, 89, 74, 26, 37, 10,heze
2014/4/28, 151, 141, 96, 38, 44, 14,heze
2014/4/29, 180, 128, 92, 24, 34, 14,heze
2014/4/30, 163, 173, 86, 23, 34, 19,heze
2014/5/1, 169, 136, 68, 15, 25, 12,heze
2014/5/2, 122, 96, 58, 20, 21, 11,heze
2014/5/3, 132, 115, 46, 14, 23, 12,heze
2014/5/4, 151, 113, 88, 24, 37, 11,heze
2014/5/5, 161, 126, 73, 14, 32, 12,heze
2014/5/6, 154, 98, 84, 17, 25, 12,heze
2014/5/7, 184, 128, 88, 30, 43, 17,heze
2014/5/8, 179, 114, 82, 23, 32, 16,heze
2014/5/9, 169, 66, 51, 19, 28, 15,heze
2014/5/10, 130, 59, 75, 12, 16, 12,heze
2014/5/11, 115, 101, 65, 18, 33, 10,heze
2014/5/12, 151, 82, 62, 13, 27, 11,heze
2014/5/13, 136, 105, 45, 18, 33, 11,heze
2014/5/14, 167, 108, 58, 19, 24, 15,heze
2014/5/15, 152, 85, 52, 15, 22, 10,heze
2014/5/16, 137, 106, 81, 25, 34, 13,heze
2014/5/17, 170, 116, 86, 24, 52, 15,heze
2014/5/18, 166, 125, 72, 15, 36, 16,heze
2014/5/19, 182, 129, 89, 14, 23, 15,heze
2014/5/20, 175, 114, 86, 15, 19, 12,heze
2014/5/21, 167, 113, 123, 28, 50, 17,heze
2014/5/22, 171, 96, 67, 17, 33, 14,heze
2014/5/23, 133, 76, 49, 16, 21, 17,heze
2014/5/24, 151, 116, 59, 17, 18, 10,heze
2014/5/25, 175, 129, 113, 19, 39, 8,heze
2014/5/26, 151, 151, 90, 19, 26, 10,heze
2014/5/27, 165, 121, 106, 22, 34, 9,heze
2014/5/28, 136, 140, 116, 16, 22, 11,heze
2014/5/29, 175, 144, 108, 21, 29, 15,heze
2014/5/30, 180, 163, 103, 32, 43, 16,heze
2014/5/31, 187, 68, 85, 10, 13, 9,heze
2014/6/1, 135, 61, 68, 11, 28, 11,heze
2014/6/2, 104, 74, 93, 14, 22, 12,heze
2014/6/3, 137, 113, 96, 22, 39, 14,heze
2014/6/4, 164, 102, 88, 16, 45, 10,heze
2014/6/5, 163, 147, 104, 19, 40, 14,heze
2014/6/6, 187, 82, 75, 15, 17, 18,heze
2014/6/7, 163, 96, 101, 26, 47, 12,heze
2014/6/8, 144, 179, 115, 16, 38, 15,heze
2014/6/9, 219, 125, 50, 27, 35, 18,heze
2014/6/10, 190, 144, 65, 22, 37, 17,heze
2014/6/11, 238, 105, 90, 20, 29, 12,heze
2014/6/12, 186, 105, 89, 21, 21, 11,heze
2014/6/13, 156, 119, 54, 24, 32, 13,heze
2014/6/14, 174, 81, 37, 19, 23, 12,heze
2014/6/15, 169, 86, 44, 12, 32, 14,heze
2014/6/16, 179, 77, 72, 12, 24, 14,heze
2014/6/17, 160, 80, 67, 14, 24, 13,heze
2014/6/18, 160, 171, 61, 15, 23, 14,heze
2014/6/19, 260, 57, 41, 6, 11, 2,heze
2014/6/20, 132, 67, 51, 12, 22, 11,heze
2014/6/21, 151, 110, 74, 22, 38, 16,heze
2014/6/22, 182, 75, 92, 12, 36, 13,heze
2014/6/23, 140, 132, 100, 25, 41, 16,heze
2014/6/24, 185, 74, 75, 12, 18, 11,heze
2014/6/25, 142, 59, 83, 11, 17, 11,heze
2014/6/26, 128, 108, 96, 14, 18, 13,heze
2014/6/27, 141, 163, 104, 26, 34, 15,heze
2014/6/28, 165, 172, 51, 20, 25, 14,heze
2014/6/29, 156, 101, 73, 17, 24, 19,heze
2014/6/30, 168, 134, 76, 13, 18, 13,heze
2014/1/1, 185, 250, 18, 50, 89, 28,heze
2014/1/2, 248, 223, 31, 43, 50, 19,heze
2014/1/3, 275, 158, 24, 39, 64, 20,heze
2014/1/4, 208, 332, 14, 44, 43, 22,heze
2014/1/5, 386, 336, 12, 51, 60, 27,heze
2014/1/6, 391, 428, 10, 52, 65, 35,heze
2014/1/7, 441, 177, 16, 35, 50, 26,heze
2014/1/8, 270, 190, 19, 42, 67, 21,heze
2014/1/9, 233, 198, 20, 37, 61, 23,heze
2014/1/10, 294, 177, 37, 35, 61, 19,heze
2014/1/11, 245, 157, 20, 34, 52, 8,heze
2014/1/12, 250, 185, 29, 40, 80, 23,heze
2014/1/13, 279, 231, 32, 37, 55, 24,heze
2014/1/14, 266, 236, 46, 36, 54, 22,heze
2014/1/15, 335, 273, 26, 44, 55, 21,heze
2014/1/16, 321, 339, 19, 41, 59, 27,heze
2014/1/17, 419, 321, 45, 42, 53, 32,heze
2014/1/18, 410, 396, 26, 42, 54, 27,heze
2014/1/19, 413, 224, 49, 33, 48, 20,heze
2014/1/20, 251, 105, 46, 31, 42, 15,heze
2014/1/21, 170, 116, 45, 22, 55, 13,heze
2014/1/22, 203, 135, 55, 29, 50, 14,heze
2014/1/23, 183, 243, 35, 45, 54, 32,heze
2014/1/24, 281, 176, 49, 38, 49, 24,heze
2014/1/25, 303, 97, 47, 28, 51, 15,heze
2014/1/26, 169, 147, 58, 29, 48, 16,heze
2014/1/27, 199, 166, 52, 28, 51, 20,heze
2014/1/28, 237, 115, 65, 18, 39, 13,heze
2014/1/29, 189, 252, 50, 22, 26, 20,heze
2014/1/30, 341, 445, 32, 17, 29, 23,heze
2014/1/31, 414, 247, 37, 20, 38, 29,heze
2014/2/1, 352, 193, 26, 20, 33, 27,heze
2014/2/2, 317, 119, 45, 20, 46, 16,heze
2014/2/3, 199, 115, 35, 19, 42, 15,heze
2014/2/4, 197, 61, 33, 17, 32, 10,heze
2014/2/5, 158, 100, 23, 24, 55, 15,heze
2014/2/6, 198, 85, 41, 14, 49, 21,heze
2014/2/7, 182, 106, 39, 21, 59, 14,heze
2014/2/8, 208, 83, 51, 23, 42, 14,heze
2014/2/9, 176, 65, 55, 19, 49, 11,heze
2014/2/10, 153, 97, 75, 28, 50, 15,heze
2014/2/11, 178, 144, 69, 37, 65, 21,heze
2014/2/12, 239, 177, 68, 42, 71, 22,heze
2014/2/13, 274, 185, 98, 32, 55, 19,heze
2014/2/14, 264, 156, 80, 23, 35, 15,heze
2014/2/15, 262, 167, 80, 29, 48, 19,heze
2014/2/16, 245, 221, 33, 29, 56, 27,heze
2014/2/17, 317, 80, 48, 27, 58, 13,heze
2014/2/18, 159, 172, 34, 30, 50, 21,heze
2014/2/19, 227, 167, 56, 36, 63, 23,heze
2014/2/20, 256, 111, 68, 21, 54, 13,heze
2014/2/21, 181, 169, 73, 23, 50, 9,heze
2014/2/22, 203, 132, 58, 26, 48, 17,heze
2014/2/23, 200, 135, 58, 28, 55, 17,heze
2014/2/24, 197, 150, 72, 30, 52, 16,heze
2014/2/25, 211, 105, 41, 16, 29, 15,heze
2014/2/26, 187, 100, 72, 15, 37, 14,heze
2014/2/27, 161, 74, 35, 23, 43, 16,heze
2014/2/28, 153, 106, 61, 22, 47, 20,heze
2014/3/1, 186, 155, 60, 23, 37, 21,heze
2014/3/2, 241, 115, 73, 19, 35, 16,heze
2014/3/3, 181, 119, 51, 23, 38, 10,heze
2014/3/4, 177, 86, 43, 26, 44, 6,heze
2014/3/5, 150, 91, 64, 24, 33, 10,heze
2014/3/6, 169, 118, 50, 26, 30, 2,heze
2014/3/7, 186, 131, 56, 28, 36, 3,heze
2014/3/8, 188, 145, 46, 32, 40, 10,heze
2014/3/9, 198, 138, 82, 25, 43, 11,heze
2014/3/10, 187, 124, 72, 21, 27, 13,heze
2014/3/11, 171, 175, 39, 21, 37, 11,heze
2014/3/12, 150, 121, 45, 26, 37, 18,heze
2014/3/13, 163, 108, 44, 23, 36, 17,heze
2014/3/14, 145, 118, 76, 16, 18, 8,heze
2014/3/15, 157, 89, 92, 16, 21, 9,heze
2014/3/16, 157, 134, 106, 19, 41, 9,heze
2014/3/17, 181, 392, 34, 25, 40, 6,heze
2014/3/18, 205, 133, 23, 35, 51, 16,heze
2014/3/19, 180, 89, 53, 22, 21, 9,heze
2014/3/20, 140, 86, 49, 23, 18, 10,heze
2014/3/21, 142, 85, 56, 17, 16, 13,heze
2014/3/22, 149, 96, 58, 27, 34, 15,heze
2014/3/23, 157, 130, 88, 24, 39, 18,heze
2014/3/24, 173, 122, 47, 23, 50, 10,heze
2014/3/25, 186, 128, 117, 22, 45, 15,heze
2014/3/26, 187, 105, 147, 25, 45, 14,heze
2014/3/27, 165, 121, 87, 29, 41, 11,heze
2014/3/28, 178, 170, 38, 27, 38, 9,heze
2014/3/29, 230, 147, 102, 33, 52, 18,heze
2014/3/30, 199, 131, 118, 30, 45, 16,heze
2014/3/31, 169, 97, 66, 25, 28, 7,heze
2019/12/31, 169, 76, 14, 18, 6, ,heze
2018/12/31, 169, 122, 21, 32, 13, ,heze
2017/9/10, 169, 78, 59, 22, 7, 5,heze
2017/1/1, 169, 141, 10, 32, 13, 31,heze
2016/1/3, 169, 190, 21, 20, 26, 22,heze
2014/12/31, 169, 114, , 25, 38, ,heze
2013/12/31, 169, 197, 33, 34, 50, 22,heze
